WARNING: A terminally deprecated method in sun.misc.Unsafe has been called
WARNING: sun.misc.Unsafe::objectFieldOffset has been called by io.netty.util.internal.PlatformDependent0$4 (file:/C:/Users/iamusicgabriel/.cache/firebase/emulators/cloud-firestore-emulator-v1.19.8.jar)
WARNING: Please consider reporting this to the maintainers of class io.netty.util.internal.PlatformDependent0$4
WARNING: sun.misc.Unsafe::objectFieldOffset will be removed in a future release
Nov 04, 2025 9:35:36 PM com.google.cloud.datastore.emulator.firestore.websocket.WebSocketServer start
INFO: Started WebSocket server on ws://127.0.0.1:9150
API endpoint: http://127.0.0.1:8081
If you are using a library that supports the FIRESTORE_EMULATOR_HOST environment variable, run:

   export FIRESTORE_EMULATOR_HOST=127.0.0.1:8081

If you are running a Firestore in Datastore Mode project, run:

   export DATASTORE_EMULATOR_HOST=127.0.0.1:8081

Note: Support for Datastore Mode is in preview. If you encounter any bugs please file at https://github.com/firebase/firebase-tools/issues.
Dev App Server is now running.

Nov 04, 2025 9:35:53 PM com.google.cloud.datastore.emulator.firestore.websocket.WebSocketChannelHandler initChannel
INFO: Connected to new websocket client
Nov 04, 2025 10:38:08 PM com.google.cloud.datastore.emulator.firestore.websocket.WebSocketChannelHandler channelClosed
INFO: Websocket client disconnected
Nov 04, 2025 10:47:37 PM com.google.cloud.datastore.emulator.firestore.websocket.WebSocketChannelHandler initChannel
INFO: Connected to new websocket client
Nov 04, 2025 10:48:29 PM io.gapi.emulators.netty.HttpVersionRoutingHandler channelRead
INFO: Detected non-HTTP/2 connection.
Nov 04, 2025 10:48:29 PM io.gapi.emulators.netty.NotFoundHandler handleRequest
INFO: Unknown request URI: /message?device=sdk_gphone64_x86_64%20-%2016%20-%20API%2036&app=com.anonymous.ecofit&clientid=BridgelessDevSupportManager
Nov 04, 2025 10:48:31 PM io.gapi.emulators.netty.HttpVersionRoutingHandler channelRead
INFO: Detected non-HTTP/2 connection.
Nov 04, 2025 10:48:31 PM io.gapi.emulators.netty.NotFoundHandler handleRequest
INFO: Unknown request URI: /status
Nov 04, 2025 10:48:32 PM io.gapi.emulators.netty.NotFoundHandler handleRequest
INFO: Unknown request URI: /message?device=sdk_gphone64_x86_64%20-%2016%20-%20API%2036&app=com.anonymous.ecofit&clientid=BridgelessDevSupportManager
Nov 04, 2025 10:48:34 PM io.gapi.emulators.netty.NotFoundHandler handleRequest
INFO: Unknown request URI: /message?device=sdk_gphone64_x86_64%20-%2016%20-%20API%2036&app=com.anonymous.ecofit&clientid=BridgelessDevSupportManager
Nov 04, 2025 10:48:36 PM io.gapi.emulators.netty.NotFoundHandler handleRequest
INFO: Unknown request URI: /message?device=sdk_gphone64_x86_64%20-%2016%20-%20API%2036&app=com.anonymous.ecofit&clientid=BridgelessDevSupportManager
Nov 04, 2025 10:48:38 PM io.gapi.emulators.netty.NotFoundHandler handleRequest
INFO: Unknown request URI: /message?device=sdk_gphone64_x86_64%20-%2016%20-%20API%2036&app=com.anonymous.ecofit&clientid=BridgelessDevSupportManager
Nov 04, 2025 10:48:40 PM io.gapi.emulators.netty.NotFoundHandler handleRequest
INFO: Unknown request URI: /message?device=sdk_gphone64_x86_64%20-%2016%20-%20API%2036&app=com.anonymous.ecofit&clientid=BridgelessDevSupportManager
Nov 04, 2025 10:48:42 PM io.gapi.emulators.netty.NotFoundHandler handleRequest
INFO: Unknown request URI: /message?device=sdk_gphone64_x86_64%20-%2016%20-%20API%2036&app=com.anonymous.ecofit&clientid=BridgelessDevSupportManager
Nov 04, 2025 10:48:44 PM io.gapi.emulators.netty.NotFoundHandler handleRequest
INFO: Unknown request URI: /message?device=sdk_gphone64_x86_64%20-%2016%20-%20API%2036&app=com.anonymous.ecofit&clientid=BridgelessDevSupportManager
Nov 04, 2025 10:48:46 PM io.gapi.emulators.netty.NotFoundHandler handleRequest
INFO: Unknown request URI: /message?device=sdk_gphone64_x86_64%20-%2016%20-%20API%2036&app=com.anonymous.ecofit&clientid=BridgelessDevSupportManager
Nov 04, 2025 10:48:48 PM io.gapi.emulators.netty.NotFoundHandler handleRequest
INFO: Unknown request URI: /message?device=sdk_gphone64_x86_64%20-%2016%20-%20API%2036&app=com.anonymous.ecofit&clientid=BridgelessDevSupportManager
Nov 04, 2025 10:48:50 PM io.gapi.emulators.netty.NotFoundHandler handleRequest
INFO: Unknown request URI: /message?device=sdk_gphone64_x86_64%20-%2016%20-%20API%2036&app=com.anonymous.ecofit&clientid=BridgelessDevSupportManager
Nov 04, 2025 10:48:52 PM io.gapi.emulators.netty.NotFoundHandler handleRequest
INFO: Unknown request URI: /message?device=sdk_gphone64_x86_64%20-%2016%20-%20API%2036&app=com.anonymous.ecofit&clientid=BridgelessDevSupportManager
Nov 04, 2025 10:48:54 PM io.gapi.emulators.netty.NotFoundHandler handleRequest
INFO: Unknown request URI: /message?device=sdk_gphone64_x86_64%20-%2016%20-%20API%2036&app=com.anonymous.ecofit&clientid=BridgelessDevSupportManager
Nov 04, 2025 10:48:56 PM io.gapi.emulators.netty.NotFoundHandler handleRequest
INFO: Unknown request URI: /message?device=sdk_gphone64_x86_64%20-%2016%20-%20API%2036&app=com.anonymous.ecofit&clientid=BridgelessDevSupportManager
Nov 04, 2025 10:48:58 PM io.gapi.emulators.netty.NotFoundHandler handleRequest
INFO: Unknown request URI: /message?device=sdk_gphone64_x86_64%20-%2016%20-%20API%2036&app=com.anonymous.ecofit&clientid=BridgelessDevSupportManager
Nov 04, 2025 10:49:00 PM io.gapi.emulators.netty.NotFoundHandler handleRequest
INFO: Unknown request URI: /message?device=sdk_gphone64_x86_64%20-%2016%20-%20API%2036&app=com.anonymous.ecofit&clientid=BridgelessDevSupportManager
Nov 04, 2025 10:49:02 PM io.gapi.emulators.netty.NotFoundHandler handleRequest
INFO: Unknown request URI: /message?device=sdk_gphone64_x86_64%20-%2016%20-%20API%2036&app=com.anonymous.ecofit&clientid=BridgelessDevSupportManager
Nov 04, 2025 10:49:04 PM io.gapi.emulators.netty.NotFoundHandler handleRequest
INFO: Unknown request URI: /message?device=sdk_gphone64_x86_64%20-%2016%20-%20API%2036&app=com.anonymous.ecofit&clientid=BridgelessDevSupportManager
Nov 04, 2025 10:49:06 PM io.gapi.emulators.netty.NotFoundHandler handleRequest
INFO: Unknown request URI: /message?device=sdk_gphone64_x86_64%20-%2016%20-%20API%2036&app=com.anonymous.ecofit&clientid=BridgelessDevSupportManager
Nov 04, 2025 10:49:08 PM io.gapi.emulators.netty.HttpVersionRoutingHandler channelRead
INFO: Detected non-HTTP/2 connection.
Nov 04, 2025 10:49:08 PM io.gapi.emulators.netty.NotFoundHandler handleRequest
INFO: Unknown request URI: /message?device=sdk_gphone64_x86_64%20-%2016%20-%20API%2036&app=com.anonymous.ecofit&clientid=DevLauncherBridgelessDevSupportManager
Nov 04, 2025 10:49:10 PM io.gapi.emulators.netty.NotFoundHandler handleRequest
INFO: Unknown request URI: /message?device=sdk_gphone64_x86_64%20-%2016%20-%20API%2036&app=com.anonymous.ecofit&clientid=DevLauncherBridgelessDevSupportManager
Nov 04, 2025 10:49:12 PM io.gapi.emulators.netty.NotFoundHandler handleRequest
INFO: Unknown request URI: /message?device=sdk_gphone64_x86_64%20-%2016%20-%20API%2036&app=com.anonymous.ecofit&clientid=DevLauncherBridgelessDevSupportManager
Nov 04, 2025 10:49:14 PM io.gapi.emulators.netty.NotFoundHandler handleRequest
INFO: Unknown request URI: /message?device=sdk_gphone64_x86_64%20-%2016%20-%20API%2036&app=com.anonymous.ecofit&clientid=DevLauncherBridgelessDevSupportManager
Nov 04, 2025 10:49:16 PM io.gapi.emulators.netty.NotFoundHandler handleRequest
INFO: Unknown request URI: /message?device=sdk_gphone64_x86_64%20-%2016%20-%20API%2036&app=com.anonymous.ecofit&clientid=DevLauncherBridgelessDevSupportManager
Nov 04, 2025 10:49:18 PM io.gapi.emulators.netty.NotFoundHandler handleRequest
INFO: Unknown request URI: /message?device=sdk_gphone64_x86_64%20-%2016%20-%20API%2036&app=com.anonymous.ecofit&clientid=DevLauncherBridgelessDevSupportManager
Nov 04, 2025 10:49:20 PM io.gapi.emulators.netty.NotFoundHandler handleRequest
INFO: Unknown request URI: /message?device=sdk_gphone64_x86_64%20-%2016%20-%20API%2036&app=com.anonymous.ecofit&clientid=DevLauncherBridgelessDevSupportManager
Nov 04, 2025 10:49:22 PM io.gapi.emulators.netty.NotFoundHandler handleRequest
INFO: Unknown request URI: /message?device=sdk_gphone64_x86_64%20-%2016%20-%20API%2036&app=com.anonymous.ecofit&clientid=DevLauncherBridgelessDevSupportManager
Nov 04, 2025 10:49:24 PM io.gapi.emulators.netty.NotFoundHandler handleRequest
INFO: Unknown request URI: /message?device=sdk_gphone64_x86_64%20-%2016%20-%20API%2036&app=com.anonymous.ecofit&clientid=DevLauncherBridgelessDevSupportManager
Nov 04, 2025 10:49:27 PM io.gapi.emulators.netty.NotFoundHandler handleRequest
INFO: Unknown request URI: /message?device=sdk_gphone64_x86_64%20-%2016%20-%20API%2036&app=com.anonymous.ecofit&clientid=DevLauncherBridgelessDevSupportManager
Nov 04, 2025 10:49:29 PM io.gapi.emulators.netty.NotFoundHandler handleRequest
INFO: Unknown request URI: /message?device=sdk_gphone64_x86_64%20-%2016%20-%20API%2036&app=com.anonymous.ecofit&clientid=DevLauncherBridgelessDevSupportManager
Nov 04, 2025 10:49:31 PM io.gapi.emulators.netty.NotFoundHandler handleRequest
INFO: Unknown request URI: /message?device=sdk_gphone64_x86_64%20-%2016%20-%20API%2036&app=com.anonymous.ecofit&clientid=DevLauncherBridgelessDevSupportManager
Nov 04, 2025 10:49:33 PM io.gapi.emulators.netty.NotFoundHandler handleRequest
INFO: Unknown request URI: /message?device=sdk_gphone64_x86_64%20-%2016%20-%20API%2036&app=com.anonymous.ecofit&clientid=DevLauncherBridgelessDevSupportManager
Nov 04, 2025 10:52:54 PM io.gapi.emulators.netty.HttpVersionRoutingHandler channelRead
INFO: Detected non-HTTP/2 connection.
Nov 04, 2025 10:52:54 PM io.gapi.emulators.netty.NotFoundHandler handleRequest
INFO: Unknown request URI: /message?device=sdk_gphone64_x86_64%20-%2016%20-%20API%2036&app=com.anonymous.ecofit&clientid=DevLauncherBridgelessDevSupportManager
Nov 04, 2025 10:52:56 PM io.gapi.emulators.netty.NotFoundHandler handleRequest
INFO: Unknown request URI: /message?device=sdk_gphone64_x86_64%20-%2016%20-%20API%2036&app=com.anonymous.ecofit&clientid=DevLauncherBridgelessDevSupportManager
Nov 04, 2025 10:52:58 PM io.gapi.emulators.netty.NotFoundHandler handleRequest
INFO: Unknown request URI: /message?device=sdk_gphone64_x86_64%20-%2016%20-%20API%2036&app=com.anonymous.ecofit&clientid=DevLauncherBridgelessDevSupportManager
Nov 04, 2025 10:53:00 PM io.gapi.emulators.netty.NotFoundHandler handleRequest
INFO: Unknown request URI: /message?device=sdk_gphone64_x86_64%20-%2016%20-%20API%2036&app=com.anonymous.ecofit&clientid=DevLauncherBridgelessDevSupportManager
Nov 04, 2025 10:53:02 PM io.gapi.emulators.netty.NotFoundHandler handleRequest
INFO: Unknown request URI: /message?device=sdk_gphone64_x86_64%20-%2016%20-%20API%2036&app=com.anonymous.ecofit&clientid=DevLauncherBridgelessDevSupportManager
Nov 04, 2025 10:53:04 PM io.gapi.emulators.netty.NotFoundHandler handleRequest
INFO: Unknown request URI: /message?device=sdk_gphone64_x86_64%20-%2016%20-%20API%2036&app=com.anonymous.ecofit&clientid=DevLauncherBridgelessDevSupportManager
Nov 04, 2025 10:53:06 PM io.gapi.emulators.netty.NotFoundHandler handleRequest
INFO: Unknown request URI: /message?device=sdk_gphone64_x86_64%20-%2016%20-%20API%2036&app=com.anonymous.ecofit&clientid=DevLauncherBridgelessDevSupportManager
Nov 04, 2025 10:53:08 PM io.gapi.emulators.netty.NotFoundHandler handleRequest
INFO: Unknown request URI: /message?device=sdk_gphone64_x86_64%20-%2016%20-%20API%2036&app=com.anonymous.ecofit&clientid=DevLauncherBridgelessDevSupportManager
Nov 04, 2025 10:53:10 PM io.gapi.emulators.netty.NotFoundHandler handleRequest
INFO: Unknown request URI: /message?device=sdk_gphone64_x86_64%20-%2016%20-%20API%2036&app=com.anonymous.ecofit&clientid=DevLauncherBridgelessDevSupportManager
Nov 04, 2025 10:53:12 PM io.gapi.emulators.netty.NotFoundHandler handleRequest
INFO: Unknown request URI: /message?device=sdk_gphone64_x86_64%20-%2016%20-%20API%2036&app=com.anonymous.ecofit&clientid=DevLauncherBridgelessDevSupportManager
Nov 04, 2025 10:53:14 PM io.gapi.emulators.netty.NotFoundHandler handleRequest
INFO: Unknown request URI: /message?device=sdk_gphone64_x86_64%20-%2016%20-%20API%2036&app=com.anonymous.ecofit&clientid=DevLauncherBridgelessDevSupportManager
Nov 04, 2025 10:53:16 PM io.gapi.emulators.netty.NotFoundHandler handleRequest
INFO: Unknown request URI: /message?device=sdk_gphone64_x86_64%20-%2016%20-%20API%2036&app=com.anonymous.ecofit&clientid=DevLauncherBridgelessDevSupportManager
Nov 04, 2025 10:53:18 PM io.gapi.emulators.netty.NotFoundHandler handleRequest
INFO: Unknown request URI: /message?device=sdk_gphone64_x86_64%20-%2016%20-%20API%2036&app=com.anonymous.ecofit&clientid=DevLauncherBridgelessDevSupportManager
Nov 04, 2025 10:53:20 PM io.gapi.emulators.netty.NotFoundHandler handleRequest
INFO: Unknown request URI: /message?device=sdk_gphone64_x86_64%20-%2016%20-%20API%2036&app=com.anonymous.ecofit&clientid=DevLauncherBridgelessDevSupportManager
Nov 04, 2025 10:53:22 PM io.gapi.emulators.netty.NotFoundHandler handleRequest
INFO: Unknown request URI: /message?device=sdk_gphone64_x86_64%20-%2016%20-%20API%2036&app=com.anonymous.ecofit&clientid=DevLauncherBridgelessDevSupportManager
Nov 04, 2025 10:53:24 PM io.gapi.emulators.netty.NotFoundHandler handleRequest
INFO: Unknown request URI: /message?device=sdk_gphone64_x86_64%20-%2016%20-%20API%2036&app=com.anonymous.ecofit&clientid=DevLauncherBridgelessDevSupportManager
Nov 04, 2025 10:53:26 PM io.gapi.emulators.netty.NotFoundHandler handleRequest
INFO: Unknown request URI: /message?device=sdk_gphone64_x86_64%20-%2016%20-%20API%2036&app=com.anonymous.ecofit&clientid=DevLauncherBridgelessDevSupportManager
Nov 04, 2025 10:53:28 PM io.gapi.emulators.netty.NotFoundHandler handleRequest
INFO: Unknown request URI: /message?device=sdk_gphone64_x86_64%20-%2016%20-%20API%2036&app=com.anonymous.ecofit&clientid=DevLauncherBridgelessDevSupportManager
Nov 04, 2025 10:53:30 PM io.gapi.emulators.netty.NotFoundHandler handleRequest
INFO: Unknown request URI: /message?device=sdk_gphone64_x86_64%20-%2016%20-%20API%2036&app=com.anonymous.ecofit&clientid=DevLauncherBridgelessDevSupportManager
Nov 04, 2025 10:53:32 PM io.gapi.emulators.netty.NotFoundHandler handleRequest
INFO: Unknown request URI: /message?device=sdk_gphone64_x86_64%20-%2016%20-%20API%2036&app=com.anonymous.ecofit&clientid=DevLauncherBridgelessDevSupportManager
Nov 04, 2025 10:53:35 PM io.gapi.emulators.netty.NotFoundHandler handleRequest
INFO: Unknown request URI: /message?device=sdk_gphone64_x86_64%20-%2016%20-%20API%2036&app=com.anonymous.ecofit&clientid=DevLauncherBridgelessDevSupportManager
Nov 04, 2025 10:53:37 PM io.gapi.emulators.netty.NotFoundHandler handleRequest
INFO: Unknown request URI: /message?device=sdk_gphone64_x86_64%20-%2016%20-%20API%2036&app=com.anonymous.ecofit&clientid=DevLauncherBridgelessDevSupportManager
Nov 04, 2025 10:53:39 PM io.gapi.emulators.netty.NotFoundHandler handleRequest
INFO: Unknown request URI: /message?device=sdk_gphone64_x86_64%20-%2016%20-%20API%2036&app=com.anonymous.ecofit&clientid=DevLauncherBridgelessDevSupportManager
Nov 04, 2025 10:53:41 PM io.gapi.emulators.netty.NotFoundHandler handleRequest
INFO: Unknown request URI: /message?device=sdk_gphone64_x86_64%20-%2016%20-%20API%2036&app=com.anonymous.ecofit&clientid=DevLauncherBridgelessDevSupportManager
Nov 04, 2025 10:53:43 PM io.gapi.emulators.netty.NotFoundHandler handleRequest
INFO: Unknown request URI: /message?device=sdk_gphone64_x86_64%20-%2016%20-%20API%2036&app=com.anonymous.ecofit&clientid=DevLauncherBridgelessDevSupportManager
Nov 04, 2025 10:53:45 PM io.gapi.emulators.netty.NotFoundHandler handleRequest
INFO: Unknown request URI: /message?device=sdk_gphone64_x86_64%20-%2016%20-%20API%2036&app=com.anonymous.ecofit&clientid=DevLauncherBridgelessDevSupportManager
Nov 04, 2025 10:53:47 PM io.gapi.emulators.netty.NotFoundHandler handleRequest
INFO: Unknown request URI: /message?device=sdk_gphone64_x86_64%20-%2016%20-%20API%2036&app=com.anonymous.ecofit&clientid=DevLauncherBridgelessDevSupportManager
Nov 04, 2025 10:53:49 PM io.gapi.emulators.netty.NotFoundHandler handleRequest
INFO: Unknown request URI: /message?device=sdk_gphone64_x86_64%20-%2016%20-%20API%2036&app=com.anonymous.ecofit&clientid=DevLauncherBridgelessDevSupportManager
Nov 04, 2025 10:53:51 PM io.gapi.emulators.netty.NotFoundHandler handleRequest
INFO: Unknown request URI: /message?device=sdk_gphone64_x86_64%20-%2016%20-%20API%2036&app=com.anonymous.ecofit&clientid=DevLauncherBridgelessDevSupportManager
Nov 04, 2025 10:53:53 PM io.gapi.emulators.netty.NotFoundHandler handleRequest
INFO: Unknown request URI: /message?device=sdk_gphone64_x86_64%20-%2016%20-%20API%2036&app=com.anonymous.ecofit&clientid=DevLauncherBridgelessDevSupportManager
Nov 04, 2025 10:53:55 PM io.gapi.emulators.netty.NotFoundHandler handleRequest
INFO: Unknown request URI: /message?device=sdk_gphone64_x86_64%20-%2016%20-%20API%2036&app=com.anonymous.ecofit&clientid=DevLauncherBridgelessDevSupportManager
Nov 04, 2025 10:53:57 PM io.gapi.emulators.netty.NotFoundHandler handleRequest
INFO: Unknown request URI: /message?device=sdk_gphone64_x86_64%20-%2016%20-%20API%2036&app=com.anonymous.ecofit&clientid=DevLauncherBridgelessDevSupportManager
Nov 04, 2025 10:53:59 PM io.gapi.emulators.netty.NotFoundHandler handleRequest
INFO: Unknown request URI: /message?device=sdk_gphone64_x86_64%20-%2016%20-%20API%2036&app=com.anonymous.ecofit&clientid=DevLauncherBridgelessDevSupportManager
Nov 04, 2025 10:54:01 PM io.gapi.emulators.netty.NotFoundHandler handleRequest
INFO: Unknown request URI: /message?device=sdk_gphone64_x86_64%20-%2016%20-%20API%2036&app=com.anonymous.ecofit&clientid=DevLauncherBridgelessDevSupportManager
Nov 04, 2025 10:54:03 PM io.gapi.emulators.netty.NotFoundHandler handleRequest
INFO: Unknown request URI: /message?device=sdk_gphone64_x86_64%20-%2016%20-%20API%2036&app=com.anonymous.ecofit&clientid=DevLauncherBridgelessDevSupportManager
Nov 04, 2025 10:54:05 PM io.gapi.emulators.netty.NotFoundHandler handleRequest
INFO: Unknown request URI: /message?device=sdk_gphone64_x86_64%20-%2016%20-%20API%2036&app=com.anonymous.ecofit&clientid=DevLauncherBridgelessDevSupportManager
Nov 04, 2025 10:54:07 PM io.gapi.emulators.netty.NotFoundHandler handleRequest
INFO: Unknown request URI: /message?device=sdk_gphone64_x86_64%20-%2016%20-%20API%2036&app=com.anonymous.ecofit&clientid=DevLauncherBridgelessDevSupportManager
Nov 04, 2025 10:54:09 PM io.gapi.emulators.netty.NotFoundHandler handleRequest
INFO: Unknown request URI: /message?device=sdk_gphone64_x86_64%20-%2016%20-%20API%2036&app=com.anonymous.ecofit&clientid=DevLauncherBridgelessDevSupportManager
Nov 04, 2025 10:54:11 PM io.gapi.emulators.netty.NotFoundHandler handleRequest
INFO: Unknown request URI: /message?device=sdk_gphone64_x86_64%20-%2016%20-%20API%2036&app=com.anonymous.ecofit&clientid=DevLauncherBridgelessDevSupportManager
Nov 04, 2025 10:54:13 PM io.gapi.emulators.netty.NotFoundHandler handleRequest
INFO: Unknown request URI: /message?device=sdk_gphone64_x86_64%20-%2016%20-%20API%2036&app=com.anonymous.ecofit&clientid=DevLauncherBridgelessDevSupportManager
Nov 04, 2025 10:54:15 PM io.gapi.emulators.netty.NotFoundHandler handleRequest
INFO: Unknown request URI: /message?device=sdk_gphone64_x86_64%20-%2016%20-%20API%2036&app=com.anonymous.ecofit&clientid=DevLauncherBridgelessDevSupportManager
Nov 04, 2025 10:54:17 PM io.gapi.emulators.netty.NotFoundHandler handleRequest
INFO: Unknown request URI: /message?device=sdk_gphone64_x86_64%20-%2016%20-%20API%2036&app=com.anonymous.ecofit&clientid=DevLauncherBridgelessDevSupportManager
Nov 04, 2025 10:54:19 PM io.gapi.emulators.netty.NotFoundHandler handleRequest
INFO: Unknown request URI: /message?device=sdk_gphone64_x86_64%20-%2016%20-%20API%2036&app=com.anonymous.ecofit&clientid=DevLauncherBridgelessDevSupportManager
Nov 04, 2025 10:54:21 PM io.gapi.emulators.netty.NotFoundHandler handleRequest
INFO: Unknown request URI: /message?device=sdk_gphone64_x86_64%20-%2016%20-%20API%2036&app=com.anonymous.ecofit&clientid=DevLauncherBridgelessDevSupportManager
Nov 04, 2025 10:54:23 PM io.gapi.emulators.netty.NotFoundHandler handleRequest
INFO: Unknown request URI: /message?device=sdk_gphone64_x86_64%20-%2016%20-%20API%2036&app=com.anonymous.ecofit&clientid=DevLauncherBridgelessDevSupportManager
Nov 04, 2025 10:54:25 PM io.gapi.emulators.netty.NotFoundHandler handleRequest
INFO: Unknown request URI: /message?device=sdk_gphone64_x86_64%20-%2016%20-%20API%2036&app=com.anonymous.ecofit&clientid=DevLauncherBridgelessDevSupportManager
Nov 04, 2025 10:54:27 PM io.gapi.emulators.netty.NotFoundHandler handleRequest
INFO: Unknown request URI: /message?device=sdk_gphone64_x86_64%20-%2016%20-%20API%2036&app=com.anonymous.ecofit&clientid=DevLauncherBridgelessDevSupportManager
Nov 04, 2025 10:54:29 PM io.gapi.emulators.netty.NotFoundHandler handleRequest
INFO: Unknown request URI: /message?device=sdk_gphone64_x86_64%20-%2016%20-%20API%2036&app=com.anonymous.ecofit&clientid=DevLauncherBridgelessDevSupportManager
Nov 04, 2025 10:54:31 PM io.gapi.emulators.netty.NotFoundHandler handleRequest
INFO: Unknown request URI: /message?device=sdk_gphone64_x86_64%20-%2016%20-%20API%2036&app=com.anonymous.ecofit&clientid=DevLauncherBridgelessDevSupportManager
Nov 04, 2025 10:54:33 PM io.gapi.emulators.netty.NotFoundHandler handleRequest
INFO: Unknown request URI: /message?device=sdk_gphone64_x86_64%20-%2016%20-%20API%2036&app=com.anonymous.ecofit&clientid=DevLauncherBridgelessDevSupportManager
Nov 04, 2025 10:54:35 PM io.gapi.emulators.netty.NotFoundHandler handleRequest
INFO: Unknown request URI: /message?device=sdk_gphone64_x86_64%20-%2016%20-%20API%2036&app=com.anonymous.ecofit&clientid=DevLauncherBridgelessDevSupportManager
Nov 04, 2025 10:54:37 PM io.gapi.emulators.netty.NotFoundHandler handleRequest
INFO: Unknown request URI: /message?device=sdk_gphone64_x86_64%20-%2016%20-%20API%2036&app=com.anonymous.ecofit&clientid=DevLauncherBridgelessDevSupportManager
Nov 04, 2025 10:54:39 PM io.gapi.emulators.netty.NotFoundHandler handleRequest
INFO: Unknown request URI: /message?device=sdk_gphone64_x86_64%20-%2016%20-%20API%2036&app=com.anonymous.ecofit&clientid=DevLauncherBridgelessDevSupportManager
Nov 04, 2025 10:54:41 PM io.gapi.emulators.netty.NotFoundHandler handleRequest
INFO: Unknown request URI: /message?device=sdk_gphone64_x86_64%20-%2016%20-%20API%2036&app=com.anonymous.ecofit&clientid=DevLauncherBridgelessDevSupportManager
Nov 04, 2025 10:54:43 PM io.gapi.emulators.netty.NotFoundHandler handleRequest
INFO: Unknown request URI: /message?device=sdk_gphone64_x86_64%20-%2016%20-%20API%2036&app=com.anonymous.ecofit&clientid=DevLauncherBridgelessDevSupportManager
Nov 04, 2025 10:54:45 PM io.gapi.emulators.netty.NotFoundHandler handleRequest
INFO: Unknown request URI: /message?device=sdk_gphone64_x86_64%20-%2016%20-%20API%2036&app=com.anonymous.ecofit&clientid=DevLauncherBridgelessDevSupportManager
Nov 04, 2025 10:54:47 PM io.gapi.emulators.netty.NotFoundHandler handleRequest
INFO: Unknown request URI: /message?device=sdk_gphone64_x86_64%20-%2016%20-%20API%2036&app=com.anonymous.ecofit&clientid=DevLauncherBridgelessDevSupportManager
Nov 04, 2025 10:54:49 PM io.gapi.emulators.netty.NotFoundHandler handleRequest
INFO: Unknown request URI: /message?device=sdk_gphone64_x86_64%20-%2016%20-%20API%2036&app=com.anonymous.ecofit&clientid=DevLauncherBridgelessDevSupportManager
Nov 04, 2025 10:54:51 PM io.gapi.emulators.netty.NotFoundHandler handleRequest
INFO: Unknown request URI: /message?device=sdk_gphone64_x86_64%20-%2016%20-%20API%2036&app=com.anonymous.ecofit&clientid=DevLauncherBridgelessDevSupportManager
Nov 04, 2025 10:54:53 PM io.gapi.emulators.netty.NotFoundHandler handleRequest
INFO: Unknown request URI: /message?device=sdk_gphone64_x86_64%20-%2016%20-%20API%2036&app=com.anonymous.ecofit&clientid=DevLauncherBridgelessDevSupportManager
Nov 04, 2025 10:54:55 PM io.gapi.emulators.netty.NotFoundHandler handleRequest
INFO: Unknown request URI: /message?device=sdk_gphone64_x86_64%20-%2016%20-%20API%2036&app=com.anonymous.ecofit&clientid=DevLauncherBridgelessDevSupportManager
Nov 04, 2025 10:54:57 PM io.gapi.emulators.netty.NotFoundHandler handleRequest
INFO: Unknown request URI: /message?device=sdk_gphone64_x86_64%20-%2016%20-%20API%2036&app=com.anonymous.ecofit&clientid=DevLauncherBridgelessDevSupportManager
Nov 04, 2025 10:54:59 PM io.gapi.emulators.netty.NotFoundHandler handleRequest
INFO: Unknown request URI: /message?device=sdk_gphone64_x86_64%20-%2016%20-%20API%2036&app=com.anonymous.ecofit&clientid=DevLauncherBridgelessDevSupportManager
Nov 04, 2025 10:55:01 PM io.gapi.emulators.netty.NotFoundHandler handleRequest
INFO: Unknown request URI: /message?device=sdk_gphone64_x86_64%20-%2016%20-%20API%2036&app=com.anonymous.ecofit&clientid=DevLauncherBridgelessDevSupportManager
Nov 04, 2025 10:55:03 PM io.gapi.emulators.netty.NotFoundHandler handleRequest
INFO: Unknown request URI: /message?device=sdk_gphone64_x86_64%20-%2016%20-%20API%2036&app=com.anonymous.ecofit&clientid=DevLauncherBridgelessDevSupportManager
Nov 04, 2025 10:55:05 PM io.gapi.emulators.netty.NotFoundHandler handleRequest
INFO: Unknown request URI: /message?device=sdk_gphone64_x86_64%20-%2016%20-%20API%2036&app=com.anonymous.ecofit&clientid=DevLauncherBridgelessDevSupportManager
Nov 04, 2025 10:55:07 PM io.gapi.emulators.netty.NotFoundHandler handleRequest
INFO: Unknown request URI: /message?device=sdk_gphone64_x86_64%20-%2016%20-%20API%2036&app=com.anonymous.ecofit&clientid=DevLauncherBridgelessDevSupportManager
Nov 04, 2025 10:55:09 PM io.gapi.emulators.netty.NotFoundHandler handleRequest
INFO: Unknown request URI: /message?device=sdk_gphone64_x86_64%20-%2016%20-%20API%2036&app=com.anonymous.ecofit&clientid=DevLauncherBridgelessDevSupportManager
Nov 04, 2025 10:55:11 PM io.gapi.emulators.netty.NotFoundHandler handleRequest
INFO: Unknown request URI: /message?device=sdk_gphone64_x86_64%20-%2016%20-%20API%2036&app=com.anonymous.ecofit&clientid=DevLauncherBridgelessDevSupportManager
Nov 04, 2025 10:55:13 PM io.gapi.emulators.netty.NotFoundHandler handleRequest
INFO: Unknown request URI: /message?device=sdk_gphone64_x86_64%20-%2016%20-%20API%2036&app=com.anonymous.ecofit&clientid=DevLauncherBridgelessDevSupportManager
Nov 04, 2025 10:55:15 PM io.gapi.emulators.netty.NotFoundHandler handleRequest
INFO: Unknown request URI: /message?device=sdk_gphone64_x86_64%20-%2016%20-%20API%2036&app=com.anonymous.ecofit&clientid=DevLauncherBridgelessDevSupportManager
Nov 04, 2025 10:55:17 PM io.gapi.emulators.netty.NotFoundHandler handleRequest
INFO: Unknown request URI: /message?device=sdk_gphone64_x86_64%20-%2016%20-%20API%2036&app=com.anonymous.ecofit&clientid=DevLauncherBridgelessDevSupportManager
Nov 04, 2025 10:55:19 PM io.gapi.emulators.netty.NotFoundHandler handleRequest
INFO: Unknown request URI: /message?device=sdk_gphone64_x86_64%20-%2016%20-%20API%2036&app=com.anonymous.ecofit&clientid=DevLauncherBridgelessDevSupportManager
Nov 04, 2025 10:55:21 PM io.gapi.emulators.netty.NotFoundHandler handleRequest
INFO: Unknown request URI: /message?device=sdk_gphone64_x86_64%20-%2016%20-%20API%2036&app=com.anonymous.ecofit&clientid=DevLauncherBridgelessDevSupportManager
Nov 04, 2025 10:55:23 PM io.gapi.emulators.netty.NotFoundHandler handleRequest
INFO: Unknown request URI: /message?device=sdk_gphone64_x86_64%20-%2016%20-%20API%2036&app=com.anonymous.ecofit&clientid=DevLauncherBridgelessDevSupportManager
Nov 04, 2025 10:55:25 PM io.gapi.emulators.netty.NotFoundHandler handleRequest
INFO: Unknown request URI: /message?device=sdk_gphone64_x86_64%20-%2016%20-%20API%2036&app=com.anonymous.ecofit&clientid=DevLauncherBridgelessDevSupportManager
Nov 04, 2025 10:55:27 PM io.gapi.emulators.netty.NotFoundHandler handleRequest
INFO: Unknown request URI: /message?device=sdk_gphone64_x86_64%20-%2016%20-%20API%2036&app=com.anonymous.ecofit&clientid=DevLauncherBridgelessDevSupportManager
Nov 04, 2025 10:55:29 PM io.gapi.emulators.netty.NotFoundHandler handleRequest
INFO: Unknown request URI: /message?device=sdk_gphone64_x86_64%20-%2016%20-%20API%2036&app=com.anonymous.ecofit&clientid=DevLauncherBridgelessDevSupportManager
Nov 04, 2025 10:55:31 PM io.gapi.emulators.netty.NotFoundHandler handleRequest
INFO: Unknown request URI: /message?device=sdk_gphone64_x86_64%20-%2016%20-%20API%2036&app=com.anonymous.ecofit&clientid=DevLauncherBridgelessDevSupportManager
Nov 04, 2025 10:55:33 PM io.gapi.emulators.netty.NotFoundHandler handleRequest
INFO: Unknown request URI: /message?device=sdk_gphone64_x86_64%20-%2016%20-%20API%2036&app=com.anonymous.ecofit&clientid=DevLauncherBridgelessDevSupportManager
Nov 04, 2025 10:55:35 PM io.gapi.emulators.netty.NotFoundHandler handleRequest
INFO: Unknown request URI: /message?device=sdk_gphone64_x86_64%20-%2016%20-%20API%2036&app=com.anonymous.ecofit&clientid=DevLauncherBridgelessDevSupportManager
Nov 04, 2025 10:55:37 PM io.gapi.emulators.netty.NotFoundHandler handleRequest
INFO: Unknown request URI: /message?device=sdk_gphone64_x86_64%20-%2016%20-%20API%2036&app=com.anonymous.ecofit&clientid=DevLauncherBridgelessDevSupportManager
Nov 04, 2025 10:55:39 PM io.gapi.emulators.netty.NotFoundHandler handleRequest
INFO: Unknown request URI: /message?device=sdk_gphone64_x86_64%20-%2016%20-%20API%2036&app=com.anonymous.ecofit&clientid=DevLauncherBridgelessDevSupportManager
Nov 04, 2025 10:55:41 PM io.gapi.emulators.netty.NotFoundHandler handleRequest
INFO: Unknown request URI: /message?device=sdk_gphone64_x86_64%20-%2016%20-%20API%2036&app=com.anonymous.ecofit&clientid=DevLauncherBridgelessDevSupportManager
Nov 04, 2025 10:55:43 PM io.gapi.emulators.netty.NotFoundHandler handleRequest
INFO: Unknown request URI: /message?device=sdk_gphone64_x86_64%20-%2016%20-%20API%2036&app=com.anonymous.ecofit&clientid=DevLauncherBridgelessDevSupportManager
Nov 04, 2025 10:55:45 PM io.gapi.emulators.netty.NotFoundHandler handleRequest
INFO: Unknown request URI: /message?device=sdk_gphone64_x86_64%20-%2016%20-%20API%2036&app=com.anonymous.ecofit&clientid=DevLauncherBridgelessDevSupportManager
Nov 04, 2025 10:55:47 PM io.gapi.emulators.netty.NotFoundHandler handleRequest
INFO: Unknown request URI: /message?device=sdk_gphone64_x86_64%20-%2016%20-%20API%2036&app=com.anonymous.ecofit&clientid=DevLauncherBridgelessDevSupportManager
Nov 04, 2025 10:55:49 PM io.gapi.emulators.netty.NotFoundHandler handleRequest
INFO: Unknown request URI: /message?device=sdk_gphone64_x86_64%20-%2016%20-%20API%2036&app=com.anonymous.ecofit&clientid=DevLauncherBridgelessDevSupportManager
Nov 04, 2025 10:55:51 PM io.gapi.emulators.netty.NotFoundHandler handleRequest
INFO: Unknown request URI: /message?device=sdk_gphone64_x86_64%20-%2016%20-%20API%2036&app=com.anonymous.ecofit&clientid=DevLauncherBridgelessDevSupportManager
Nov 04, 2025 10:55:53 PM io.gapi.emulators.netty.NotFoundHandler handleRequest
INFO: Unknown request URI: /message?device=sdk_gphone64_x86_64%20-%2016%20-%20API%2036&app=com.anonymous.ecofit&clientid=DevLauncherBridgelessDevSupportManager
Nov 04, 2025 10:55:55 PM io.gapi.emulators.netty.NotFoundHandler handleRequest
INFO: Unknown request URI: /message?device=sdk_gphone64_x86_64%20-%2016%20-%20API%2036&app=com.anonymous.ecofit&clientid=DevLauncherBridgelessDevSupportManager
Nov 04, 2025 10:55:57 PM io.gapi.emulators.netty.NotFoundHandler handleRequest
INFO: Unknown request URI: /message?device=sdk_gphone64_x86_64%20-%2016%20-%20API%2036&app=com.anonymous.ecofit&clientid=DevLauncherBridgelessDevSupportManager
Nov 04, 2025 10:55:59 PM io.gapi.emulators.netty.NotFoundHandler handleRequest
INFO: Unknown request URI: /message?device=sdk_gphone64_x86_64%20-%2016%20-%20API%2036&app=com.anonymous.ecofit&clientid=DevLauncherBridgelessDevSupportManager
Nov 04, 2025 10:56:01 PM io.gapi.emulators.netty.NotFoundHandler handleRequest
INFO: Unknown request URI: /message?device=sdk_gphone64_x86_64%20-%2016%20-%20API%2036&app=com.anonymous.ecofit&clientid=DevLauncherBridgelessDevSupportManager
Nov 04, 2025 10:56:03 PM io.gapi.emulators.netty.NotFoundHandler handleRequest
INFO: Unknown request URI: /message?device=sdk_gphone64_x86_64%20-%2016%20-%20API%2036&app=com.anonymous.ecofit&clientid=DevLauncherBridgelessDevSupportManager
Nov 04, 2025 10:56:05 PM io.gapi.emulators.netty.NotFoundHandler handleRequest
INFO: Unknown request URI: /message?device=sdk_gphone64_x86_64%20-%2016%20-%20API%2036&app=com.anonymous.ecofit&clientid=DevLauncherBridgelessDevSupportManager
Nov 04, 2025 10:56:07 PM io.gapi.emulators.netty.NotFoundHandler handleRequest
INFO: Unknown request URI: /message?device=sdk_gphone64_x86_64%20-%2016%20-%20API%2036&app=com.anonymous.ecofit&clientid=DevLauncherBridgelessDevSupportManager
Nov 04, 2025 10:56:09 PM io.gapi.emulators.netty.NotFoundHandler handleRequest
INFO: Unknown request URI: /message?device=sdk_gphone64_x86_64%20-%2016%20-%20API%2036&app=com.anonymous.ecofit&clientid=DevLauncherBridgelessDevSupportManager
Nov 04, 2025 10:56:11 PM io.gapi.emulators.netty.NotFoundHandler handleRequest
INFO: Unknown request URI: /message?device=sdk_gphone64_x86_64%20-%2016%20-%20API%2036&app=com.anonymous.ecofit&clientid=DevLauncherBridgelessDevSupportManager
Nov 04, 2025 10:56:13 PM io.gapi.emulators.netty.NotFoundHandler handleRequest
INFO: Unknown request URI: /message?device=sdk_gphone64_x86_64%20-%2016%20-%20API%2036&app=com.anonymous.ecofit&clientid=DevLauncherBridgelessDevSupportManager
Nov 04, 2025 10:56:15 PM io.gapi.emulators.netty.NotFoundHandler handleRequest
INFO: Unknown request URI: /message?device=sdk_gphone64_x86_64%20-%2016%20-%20API%2036&app=com.anonymous.ecofit&clientid=DevLauncherBridgelessDevSupportManager
Nov 04, 2025 10:56:17 PM io.gapi.emulators.netty.NotFoundHandler handleRequest
INFO: Unknown request URI: /message?device=sdk_gphone64_x86_64%20-%2016%20-%20API%2036&app=com.anonymous.ecofit&clientid=DevLauncherBridgelessDevSupportManager
Nov 04, 2025 10:56:19 PM io.gapi.emulators.netty.NotFoundHandler handleRequest
INFO: Unknown request URI: /message?device=sdk_gphone64_x86_64%20-%2016%20-%20API%2036&app=com.anonymous.ecofit&clientid=DevLauncherBridgelessDevSupportManager
Nov 04, 2025 10:56:21 PM io.gapi.emulators.netty.NotFoundHandler handleRequest
INFO: Unknown request URI: /message?device=sdk_gphone64_x86_64%20-%2016%20-%20API%2036&app=com.anonymous.ecofit&clientid=DevLauncherBridgelessDevSupportManager
Nov 04, 2025 10:56:23 PM io.gapi.emulators.netty.NotFoundHandler handleRequest
INFO: Unknown request URI: /message?device=sdk_gphone64_x86_64%20-%2016%20-%20API%2036&app=com.anonymous.ecofit&clientid=DevLauncherBridgelessDevSupportManager
Nov 04, 2025 10:56:25 PM io.gapi.emulators.netty.NotFoundHandler handleRequest
INFO: Unknown request URI: /message?device=sdk_gphone64_x86_64%20-%2016%20-%20API%2036&app=com.anonymous.ecofit&clientid=DevLauncherBridgelessDevSupportManager
Nov 04, 2025 10:56:27 PM io.gapi.emulators.netty.NotFoundHandler handleRequest
INFO: Unknown request URI: /message?device=sdk_gphone64_x86_64%20-%2016%20-%20API%2036&app=com.anonymous.ecofit&clientid=DevLauncherBridgelessDevSupportManager
Nov 04, 2025 10:56:29 PM io.gapi.emulators.netty.NotFoundHandler handleRequest
INFO: Unknown request URI: /message?device=sdk_gphone64_x86_64%20-%2016%20-%20API%2036&app=com.anonymous.ecofit&clientid=DevLauncherBridgelessDevSupportManager
Nov 04, 2025 10:56:31 PM io.gapi.emulators.netty.NotFoundHandler handleRequest
INFO: Unknown request URI: /message?device=sdk_gphone64_x86_64%20-%2016%20-%20API%2036&app=com.anonymous.ecofit&clientid=DevLauncherBridgelessDevSupportManager
Nov 04, 2025 10:56:33 PM io.gapi.emulators.netty.NotFoundHandler handleRequest
INFO: Unknown request URI: /message?device=sdk_gphone64_x86_64%20-%2016%20-%20API%2036&app=com.anonymous.ecofit&clientid=DevLauncherBridgelessDevSupportManager
Nov 04, 2025 10:56:35 PM io.gapi.emulators.netty.NotFoundHandler handleRequest
INFO: Unknown request URI: /message?device=sdk_gphone64_x86_64%20-%2016%20-%20API%2036&app=com.anonymous.ecofit&clientid=DevLauncherBridgelessDevSupportManager
Nov 04, 2025 10:56:37 PM io.gapi.emulators.netty.NotFoundHandler handleRequest
INFO: Unknown request URI: /message?device=sdk_gphone64_x86_64%20-%2016%20-%20API%2036&app=com.anonymous.ecofit&clientid=DevLauncherBridgelessDevSupportManager
Nov 04, 2025 10:56:39 PM io.gapi.emulators.netty.NotFoundHandler handleRequest
INFO: Unknown request URI: /message?device=sdk_gphone64_x86_64%20-%2016%20-%20API%2036&app=com.anonymous.ecofit&clientid=DevLauncherBridgelessDevSupportManager
Nov 04, 2025 10:56:41 PM io.gapi.emulators.netty.NotFoundHandler handleRequest
INFO: Unknown request URI: /message?device=sdk_gphone64_x86_64%20-%2016%20-%20API%2036&app=com.anonymous.ecofit&clientid=DevLauncherBridgelessDevSupportManager
Nov 04, 2025 10:56:43 PM io.gapi.emulators.netty.NotFoundHandler handleRequest
INFO: Unknown request URI: /message?device=sdk_gphone64_x86_64%20-%2016%20-%20API%2036&app=com.anonymous.ecofit&clientid=DevLauncherBridgelessDevSupportManager
Nov 04, 2025 10:56:45 PM io.gapi.emulators.netty.NotFoundHandler handleRequest
INFO: Unknown request URI: /message?device=sdk_gphone64_x86_64%20-%2016%20-%20API%2036&app=com.anonymous.ecofit&clientid=DevLauncherBridgelessDevSupportManager
Nov 04, 2025 10:56:47 PM io.gapi.emulators.netty.NotFoundHandler handleRequest
INFO: Unknown request URI: /message?device=sdk_gphone64_x86_64%20-%2016%20-%20API%2036&app=com.anonymous.ecofit&clientid=DevLauncherBridgelessDevSupportManager
Nov 04, 2025 10:56:49 PM io.gapi.emulators.netty.NotFoundHandler handleRequest
INFO: Unknown request URI: /message?device=sdk_gphone64_x86_64%20-%2016%20-%20API%2036&app=com.anonymous.ecofit&clientid=DevLauncherBridgelessDevSupportManager
Nov 04, 2025 10:56:51 PM io.gapi.emulators.netty.NotFoundHandler handleRequest
INFO: Unknown request URI: /message?device=sdk_gphone64_x86_64%20-%2016%20-%20API%2036&app=com.anonymous.ecofit&clientid=DevLauncherBridgelessDevSupportManager
Nov 04, 2025 10:56:53 PM io.gapi.emulators.netty.NotFoundHandler handleRequest
INFO: Unknown request URI: /message?device=sdk_gphone64_x86_64%20-%2016%20-%20API%2036&app=com.anonymous.ecofit&clientid=DevLauncherBridgelessDevSupportManager
Nov 04, 2025 10:56:55 PM io.gapi.emulators.netty.NotFoundHandler handleRequest
INFO: Unknown request URI: /message?device=sdk_gphone64_x86_64%20-%2016%20-%20API%2036&app=com.anonymous.ecofit&clientid=DevLauncherBridgelessDevSupportManager
Nov 04, 2025 10:56:57 PM io.gapi.emulators.netty.NotFoundHandler handleRequest
INFO: Unknown request URI: /message?device=sdk_gphone64_x86_64%20-%2016%20-%20API%2036&app=com.anonymous.ecofit&clientid=DevLauncherBridgelessDevSupportManager
Nov 04, 2025 10:56:59 PM io.gapi.emulators.netty.NotFoundHandler handleRequest
INFO: Unknown request URI: /message?device=sdk_gphone64_x86_64%20-%2016%20-%20API%2036&app=com.anonymous.ecofit&clientid=DevLauncherBridgelessDevSupportManager
Nov 04, 2025 10:57:01 PM io.gapi.emulators.netty.NotFoundHandler handleRequest
INFO: Unknown request URI: /message?device=sdk_gphone64_x86_64%20-%2016%20-%20API%2036&app=com.anonymous.ecofit&clientid=DevLauncherBridgelessDevSupportManager
Nov 04, 2025 10:57:03 PM io.gapi.emulators.netty.NotFoundHandler handleRequest
INFO: Unknown request URI: /message?device=sdk_gphone64_x86_64%20-%2016%20-%20API%2036&app=com.anonymous.ecofit&clientid=DevLauncherBridgelessDevSupportManager
Nov 04, 2025 10:57:05 PM io.gapi.emulators.netty.NotFoundHandler handleRequest
INFO: Unknown request URI: /message?device=sdk_gphone64_x86_64%20-%2016%20-%20API%2036&app=com.anonymous.ecofit&clientid=DevLauncherBridgelessDevSupportManager
Nov 04, 2025 10:57:07 PM io.gapi.emulators.netty.NotFoundHandler handleRequest
INFO: Unknown request URI: /message?device=sdk_gphone64_x86_64%20-%2016%20-%20API%2036&app=com.anonymous.ecofit&clientid=DevLauncherBridgelessDevSupportManager
Nov 04, 2025 10:57:09 PM io.gapi.emulators.netty.NotFoundHandler handleRequest
INFO: Unknown request URI: /message?device=sdk_gphone64_x86_64%20-%2016%20-%20API%2036&app=com.anonymous.ecofit&clientid=DevLauncherBridgelessDevSupportManager
Nov 04, 2025 10:57:11 PM io.gapi.emulators.netty.NotFoundHandler handleRequest
INFO: Unknown request URI: /message?device=sdk_gphone64_x86_64%20-%2016%20-%20API%2036&app=com.anonymous.ecofit&clientid=DevLauncherBridgelessDevSupportManager
Nov 04, 2025 10:57:13 PM io.gapi.emulators.netty.NotFoundHandler handleRequest
INFO: Unknown request URI: /message?device=sdk_gphone64_x86_64%20-%2016%20-%20API%2036&app=com.anonymous.ecofit&clientid=DevLauncherBridgelessDevSupportManager
Nov 04, 2025 10:57:15 PM io.gapi.emulators.netty.NotFoundHandler handleRequest
INFO: Unknown request URI: /message?device=sdk_gphone64_x86_64%20-%2016%20-%20API%2036&app=com.anonymous.ecofit&clientid=DevLauncherBridgelessDevSupportManager
Nov 04, 2025 10:57:17 PM io.gapi.emulators.netty.NotFoundHandler handleRequest
INFO: Unknown request URI: /message?device=sdk_gphone64_x86_64%20-%2016%20-%20API%2036&app=com.anonymous.ecofit&clientid=DevLauncherBridgelessDevSupportManager
Nov 04, 2025 10:57:19 PM io.gapi.emulators.netty.NotFoundHandler handleRequest
INFO: Unknown request URI: /message?device=sdk_gphone64_x86_64%20-%2016%20-%20API%2036&app=com.anonymous.ecofit&clientid=DevLauncherBridgelessDevSupportManager
Nov 04, 2025 10:57:21 PM io.gapi.emulators.netty.NotFoundHandler handleRequest
INFO: Unknown request URI: /message?device=sdk_gphone64_x86_64%20-%2016%20-%20API%2036&app=com.anonymous.ecofit&clientid=DevLauncherBridgelessDevSupportManager
Nov 04, 2025 10:57:23 PM io.gapi.emulators.netty.NotFoundHandler handleRequest
INFO: Unknown request URI: /message?device=sdk_gphone64_x86_64%20-%2016%20-%20API%2036&app=com.anonymous.ecofit&clientid=DevLauncherBridgelessDevSupportManager
Nov 04, 2025 10:57:25 PM io.gapi.emulators.netty.NotFoundHandler handleRequest
INFO: Unknown request URI: /message?device=sdk_gphone64_x86_64%20-%2016%20-%20API%2036&app=com.anonymous.ecofit&clientid=DevLauncherBridgelessDevSupportManager
Nov 04, 2025 10:57:27 PM io.gapi.emulators.netty.NotFoundHandler handleRequest
INFO: Unknown request URI: /message?device=sdk_gphone64_x86_64%20-%2016%20-%20API%2036&app=com.anonymous.ecofit&clientid=DevLauncherBridgelessDevSupportManager
Nov 04, 2025 10:57:29 PM io.gapi.emulators.netty.NotFoundHandler handleRequest
INFO: Unknown request URI: /message?device=sdk_gphone64_x86_64%20-%2016%20-%20API%2036&app=com.anonymous.ecofit&clientid=DevLauncherBridgelessDevSupportManager
Nov 04, 2025 10:57:31 PM io.gapi.emulators.netty.NotFoundHandler handleRequest
INFO: Unknown request URI: /message?device=sdk_gphone64_x86_64%20-%2016%20-%20API%2036&app=com.anonymous.ecofit&clientid=DevLauncherBridgelessDevSupportManager
Nov 04, 2025 10:57:33 PM io.gapi.emulators.netty.NotFoundHandler handleRequest
INFO: Unknown request URI: /message?device=sdk_gphone64_x86_64%20-%2016%20-%20API%2036&app=com.anonymous.ecofit&clientid=DevLauncherBridgelessDevSupportManager
Nov 04, 2025 10:57:35 PM io.gapi.emulators.netty.NotFoundHandler handleRequest
INFO: Unknown request URI: /message?device=sdk_gphone64_x86_64%20-%2016%20-%20API%2036&app=com.anonymous.ecofit&clientid=DevLauncherBridgelessDevSupportManager
Nov 04, 2025 10:57:37 PM io.gapi.emulators.netty.NotFoundHandler handleRequest
INFO: Unknown request URI: /message?device=sdk_gphone64_x86_64%20-%2016%20-%20API%2036&app=com.anonymous.ecofit&clientid=DevLauncherBridgelessDevSupportManager
Nov 04, 2025 10:57:39 PM io.gapi.emulators.netty.NotFoundHandler handleRequest
INFO: Unknown request URI: /message?device=sdk_gphone64_x86_64%20-%2016%20-%20API%2036&app=com.anonymous.ecofit&clientid=DevLauncherBridgelessDevSupportManager
Nov 04, 2025 10:57:41 PM io.gapi.emulators.netty.NotFoundHandler handleRequest
INFO: Unknown request URI: /message?device=sdk_gphone64_x86_64%20-%2016%20-%20API%2036&app=com.anonymous.ecofit&clientid=DevLauncherBridgelessDevSupportManager
Nov 04, 2025 10:57:43 PM io.gapi.emulators.netty.NotFoundHandler handleRequest
INFO: Unknown request URI: /message?device=sdk_gphone64_x86_64%20-%2016%20-%20API%2036&app=com.anonymous.ecofit&clientid=DevLauncherBridgelessDevSupportManager
Nov 04, 2025 10:57:45 PM io.gapi.emulators.netty.NotFoundHandler handleRequest
INFO: Unknown request URI: /message?device=sdk_gphone64_x86_64%20-%2016%20-%20API%2036&app=com.anonymous.ecofit&clientid=DevLauncherBridgelessDevSupportManager
Nov 04, 2025 10:57:47 PM io.gapi.emulators.netty.NotFoundHandler handleRequest
INFO: Unknown request URI: /message?device=sdk_gphone64_x86_64%20-%2016%20-%20API%2036&app=com.anonymous.ecofit&clientid=DevLauncherBridgelessDevSupportManager
Nov 04, 2025 10:57:49 PM io.gapi.emulators.netty.NotFoundHandler handleRequest
INFO: Unknown request URI: /message?device=sdk_gphone64_x86_64%20-%2016%20-%20API%2036&app=com.anonymous.ecofit&clientid=DevLauncherBridgelessDevSupportManager
Nov 04, 2025 10:57:51 PM io.gapi.emulators.netty.NotFoundHandler handleRequest
INFO: Unknown request URI: /message?device=sdk_gphone64_x86_64%20-%2016%20-%20API%2036&app=com.anonymous.ecofit&clientid=DevLauncherBridgelessDevSupportManager
Nov 04, 2025 10:57:53 PM io.gapi.emulators.netty.NotFoundHandler handleRequest
INFO: Unknown request URI: /message?device=sdk_gphone64_x86_64%20-%2016%20-%20API%2036&app=com.anonymous.ecofit&clientid=DevLauncherBridgelessDevSupportManager
Nov 04, 2025 10:57:55 PM io.gapi.emulators.netty.NotFoundHandler handleRequest
INFO: Unknown request URI: /message?device=sdk_gphone64_x86_64%20-%2016%20-%20API%2036&app=com.anonymous.ecofit&clientid=DevLauncherBridgelessDevSupportManager
Nov 04, 2025 10:57:57 PM io.gapi.emulators.netty.NotFoundHandler handleRequest
INFO: Unknown request URI: /message?device=sdk_gphone64_x86_64%20-%2016%20-%20API%2036&app=com.anonymous.ecofit&clientid=DevLauncherBridgelessDevSupportManager
Nov 04, 2025 10:57:59 PM io.gapi.emulators.netty.NotFoundHandler handleRequest
INFO: Unknown request URI: /message?device=sdk_gphone64_x86_64%20-%2016%20-%20API%2036&app=com.anonymous.ecofit&clientid=DevLauncherBridgelessDevSupportManager
Nov 04, 2025 10:58:01 PM io.gapi.emulators.netty.NotFoundHandler handleRequest
INFO: Unknown request URI: /message?device=sdk_gphone64_x86_64%20-%2016%20-%20API%2036&app=com.anonymous.ecofit&clientid=DevLauncherBridgelessDevSupportManager
Nov 04, 2025 10:58:03 PM io.gapi.emulators.netty.NotFoundHandler handleRequest
INFO: Unknown request URI: /message?device=sdk_gphone64_x86_64%20-%2016%20-%20API%2036&app=com.anonymous.ecofit&clientid=DevLauncherBridgelessDevSupportManager
Nov 04, 2025 10:58:05 PM io.gapi.emulators.netty.NotFoundHandler handleRequest
INFO: Unknown request URI: /message?device=sdk_gphone64_x86_64%20-%2016%20-%20API%2036&app=com.anonymous.ecofit&clientid=DevLauncherBridgelessDevSupportManager
Nov 04, 2025 10:58:07 PM io.gapi.emulators.netty.NotFoundHandler handleRequest
INFO: Unknown request URI: /message?device=sdk_gphone64_x86_64%20-%2016%20-%20API%2036&app=com.anonymous.ecofit&clientid=DevLauncherBridgelessDevSupportManager
Nov 04, 2025 10:58:09 PM io.gapi.emulators.netty.NotFoundHandler handleRequest
INFO: Unknown request URI: /message?device=sdk_gphone64_x86_64%20-%2016%20-%20API%2036&app=com.anonymous.ecofit&clientid=DevLauncherBridgelessDevSupportManager
Nov 04, 2025 10:58:11 PM io.gapi.emulators.netty.NotFoundHandler handleRequest
INFO: Unknown request URI: /message?device=sdk_gphone64_x86_64%20-%2016%20-%20API%2036&app=com.anonymous.ecofit&clientid=DevLauncherBridgelessDevSupportManager
Nov 04, 2025 10:58:13 PM io.gapi.emulators.netty.NotFoundHandler handleRequest
INFO: Unknown request URI: /message?device=sdk_gphone64_x86_64%20-%2016%20-%20API%2036&app=com.anonymous.ecofit&clientid=DevLauncherBridgelessDevSupportManager
Nov 04, 2025 10:58:15 PM io.gapi.emulators.netty.NotFoundHandler handleRequest
INFO: Unknown request URI: /message?device=sdk_gphone64_x86_64%20-%2016%20-%20API%2036&app=com.anonymous.ecofit&clientid=DevLauncherBridgelessDevSupportManager
Nov 04, 2025 10:58:18 PM io.gapi.emulators.netty.NotFoundHandler handleRequest
INFO: Unknown request URI: /message?device=sdk_gphone64_x86_64%20-%2016%20-%20API%2036&app=com.anonymous.ecofit&clientid=DevLauncherBridgelessDevSupportManager
Nov 04, 2025 10:58:20 PM io.gapi.emulators.netty.NotFoundHandler handleRequest
INFO: Unknown request URI: /message?device=sdk_gphone64_x86_64%20-%2016%20-%20API%2036&app=com.anonymous.ecofit&clientid=DevLauncherBridgelessDevSupportManager
Nov 04, 2025 10:58:22 PM io.gapi.emulators.netty.NotFoundHandler handleRequest
INFO: Unknown request URI: /message?device=sdk_gphone64_x86_64%20-%2016%20-%20API%2036&app=com.anonymous.ecofit&clientid=DevLauncherBridgelessDevSupportManager
Nov 04, 2025 10:58:24 PM io.gapi.emulators.netty.NotFoundHandler handleRequest
INFO: Unknown request URI: /message?device=sdk_gphone64_x86_64%20-%2016%20-%20API%2036&app=com.anonymous.ecofit&clientid=DevLauncherBridgelessDevSupportManager
Nov 04, 2025 10:58:26 PM io.gapi.emulators.netty.NotFoundHandler handleRequest
INFO: Unknown request URI: /message?device=sdk_gphone64_x86_64%20-%2016%20-%20API%2036&app=com.anonymous.ecofit&clientid=DevLauncherBridgelessDevSupportManager
Nov 04, 2025 10:58:28 PM io.gapi.emulators.netty.NotFoundHandler handleRequest
INFO: Unknown request URI: /message?device=sdk_gphone64_x86_64%20-%2016%20-%20API%2036&app=com.anonymous.ecofit&clientid=DevLauncherBridgelessDevSupportManager
Nov 04, 2025 10:58:30 PM io.gapi.emulators.netty.NotFoundHandler handleRequest
INFO: Unknown request URI: /message?device=sdk_gphone64_x86_64%20-%2016%20-%20API%2036&app=com.anonymous.ecofit&clientid=DevLauncherBridgelessDevSupportManager
Nov 04, 2025 10:58:32 PM io.gapi.emulators.netty.NotFoundHandler handleRequest
INFO: Unknown request URI: /message?device=sdk_gphone64_x86_64%20-%2016%20-%20API%2036&app=com.anonymous.ecofit&clientid=DevLauncherBridgelessDevSupportManager
Nov 04, 2025 10:58:34 PM io.gapi.emulators.netty.NotFoundHandler handleRequest
INFO: Unknown request URI: /message?device=sdk_gphone64_x86_64%20-%2016%20-%20API%2036&app=com.anonymous.ecofit&clientid=DevLauncherBridgelessDevSupportManager
Nov 04, 2025 10:58:36 PM io.gapi.emulators.netty.NotFoundHandler handleRequest
INFO: Unknown request URI: /message?device=sdk_gphone64_x86_64%20-%2016%20-%20API%2036&app=com.anonymous.ecofit&clientid=DevLauncherBridgelessDevSupportManager
Nov 04, 2025 10:58:38 PM io.gapi.emulators.netty.NotFoundHandler handleRequest
INFO: Unknown request URI: /message?device=sdk_gphone64_x86_64%20-%2016%20-%20API%2036&app=com.anonymous.ecofit&clientid=DevLauncherBridgelessDevSupportManager
Nov 04, 2025 10:58:40 PM io.gapi.emulators.netty.NotFoundHandler handleRequest
INFO: Unknown request URI: /message?device=sdk_gphone64_x86_64%20-%2016%20-%20API%2036&app=com.anonymous.ecofit&clientid=DevLauncherBridgelessDevSupportManager
Nov 04, 2025 10:58:42 PM io.gapi.emulators.netty.NotFoundHandler handleRequest
INFO: Unknown request URI: /message?device=sdk_gphone64_x86_64%20-%2016%20-%20API%2036&app=com.anonymous.ecofit&clientid=DevLauncherBridgelessDevSupportManager
Nov 04, 2025 10:58:44 PM io.gapi.emulators.netty.NotFoundHandler handleRequest
INFO: Unknown request URI: /message?device=sdk_gphone64_x86_64%20-%2016%20-%20API%2036&app=com.anonymous.ecofit&clientid=DevLauncherBridgelessDevSupportManager
Nov 04, 2025 10:58:46 PM io.gapi.emulators.netty.NotFoundHandler handleRequest
INFO: Unknown request URI: /message?device=sdk_gphone64_x86_64%20-%2016%20-%20API%2036&app=com.anonymous.ecofit&clientid=DevLauncherBridgelessDevSupportManager
Nov 04, 2025 10:58:48 PM io.gapi.emulators.netty.NotFoundHandler handleRequest
INFO: Unknown request URI: /message?device=sdk_gphone64_x86_64%20-%2016%20-%20API%2036&app=com.anonymous.ecofit&clientid=DevLauncherBridgelessDevSupportManager
Nov 04, 2025 10:58:50 PM io.gapi.emulators.netty.NotFoundHandler handleRequest
INFO: Unknown request URI: /message?device=sdk_gphone64_x86_64%20-%2016%20-%20API%2036&app=com.anonymous.ecofit&clientid=DevLauncherBridgelessDevSupportManager
Nov 04, 2025 10:58:52 PM io.gapi.emulators.netty.NotFoundHandler handleRequest
INFO: Unknown request URI: /message?device=sdk_gphone64_x86_64%20-%2016%20-%20API%2036&app=com.anonymous.ecofit&clientid=DevLauncherBridgelessDevSupportManager
Nov 04, 2025 10:58:54 PM io.gapi.emulators.netty.NotFoundHandler handleRequest
INFO: Unknown request URI: /message?device=sdk_gphone64_x86_64%20-%2016%20-%20API%2036&app=com.anonymous.ecofit&clientid=DevLauncherBridgelessDevSupportManager
Nov 04, 2025 10:58:56 PM io.gapi.emulators.netty.NotFoundHandler handleRequest
INFO: Unknown request URI: /message?device=sdk_gphone64_x86_64%20-%2016%20-%20API%2036&app=com.anonymous.ecofit&clientid=DevLauncherBridgelessDevSupportManager
Nov 04, 2025 10:58:58 PM io.gapi.emulators.netty.NotFoundHandler handleRequest
INFO: Unknown request URI: /message?device=sdk_gphone64_x86_64%20-%2016%20-%20API%2036&app=com.anonymous.ecofit&clientid=DevLauncherBridgelessDevSupportManager
Nov 04, 2025 10:59:00 PM io.gapi.emulators.netty.NotFoundHandler handleRequest
INFO: Unknown request URI: /message?device=sdk_gphone64_x86_64%20-%2016%20-%20API%2036&app=com.anonymous.ecofit&clientid=DevLauncherBridgelessDevSupportManager
Nov 04, 2025 10:59:02 PM io.gapi.emulators.netty.NotFoundHandler handleRequest
INFO: Unknown request URI: /message?device=sdk_gphone64_x86_64%20-%2016%20-%20API%2036&app=com.anonymous.ecofit&clientid=DevLauncherBridgelessDevSupportManager
Nov 04, 2025 10:59:04 PM io.gapi.emulators.netty.NotFoundHandler handleRequest
INFO: Unknown request URI: /message?device=sdk_gphone64_x86_64%20-%2016%20-%20API%2036&app=com.anonymous.ecofit&clientid=DevLauncherBridgelessDevSupportManager
Nov 04, 2025 10:59:06 PM io.gapi.emulators.netty.NotFoundHandler handleRequest
INFO: Unknown request URI: /message?device=sdk_gphone64_x86_64%20-%2016%20-%20API%2036&app=com.anonymous.ecofit&clientid=DevLauncherBridgelessDevSupportManager
Nov 04, 2025 10:59:08 PM io.gapi.emulators.netty.NotFoundHandler handleRequest
INFO: Unknown request URI: /message?device=sdk_gphone64_x86_64%20-%2016%20-%20API%2036&app=com.anonymous.ecofit&clientid=DevLauncherBridgelessDevSupportManager
Nov 04, 2025 10:59:10 PM io.gapi.emulators.netty.NotFoundHandler handleRequest
INFO: Unknown request URI: /message?device=sdk_gphone64_x86_64%20-%2016%20-%20API%2036&app=com.anonymous.ecofit&clientid=DevLauncherBridgelessDevSupportManager
Nov 04, 2025 10:59:12 PM io.gapi.emulators.netty.NotFoundHandler handleRequest
INFO: Unknown request URI: /message?device=sdk_gphone64_x86_64%20-%2016%20-%20API%2036&app=com.anonymous.ecofit&clientid=DevLauncherBridgelessDevSupportManager
Nov 04, 2025 10:59:14 PM io.gapi.emulators.netty.NotFoundHandler handleRequest
INFO: Unknown request URI: /message?device=sdk_gphone64_x86_64%20-%2016%20-%20API%2036&app=com.anonymous.ecofit&clientid=DevLauncherBridgelessDevSupportManager
Nov 04, 2025 10:59:16 PM io.gapi.emulators.netty.NotFoundHandler handleRequest
INFO: Unknown request URI: /message?device=sdk_gphone64_x86_64%20-%2016%20-%20API%2036&app=com.anonymous.ecofit&clientid=DevLauncherBridgelessDevSupportManager
Nov 04, 2025 10:59:18 PM io.gapi.emulators.netty.NotFoundHandler handleRequest
INFO: Unknown request URI: /message?device=sdk_gphone64_x86_64%20-%2016%20-%20API%2036&app=com.anonymous.ecofit&clientid=DevLauncherBridgelessDevSupportManager
Nov 04, 2025 10:59:20 PM io.gapi.emulators.netty.NotFoundHandler handleRequest
INFO: Unknown request URI: /message?device=sdk_gphone64_x86_64%20-%2016%20-%20API%2036&app=com.anonymous.ecofit&clientid=DevLauncherBridgelessDevSupportManager
Nov 04, 2025 10:59:22 PM io.gapi.emulators.netty.NotFoundHandler handleRequest
INFO: Unknown request URI: /message?device=sdk_gphone64_x86_64%20-%2016%20-%20API%2036&app=com.anonymous.ecofit&clientid=DevLauncherBridgelessDevSupportManager
Nov 04, 2025 10:59:24 PM io.gapi.emulators.netty.NotFoundHandler handleRequest
INFO: Unknown request URI: /message?device=sdk_gphone64_x86_64%20-%2016%20-%20API%2036&app=com.anonymous.ecofit&clientid=DevLauncherBridgelessDevSupportManager
Nov 04, 2025 10:59:26 PM io.gapi.emulators.netty.NotFoundHandler handleRequest
INFO: Unknown request URI: /message?device=sdk_gphone64_x86_64%20-%2016%20-%20API%2036&app=com.anonymous.ecofit&clientid=DevLauncherBridgelessDevSupportManager
Nov 04, 2025 10:59:28 PM io.gapi.emulators.netty.NotFoundHandler handleRequest
INFO: Unknown request URI: /message?device=sdk_gphone64_x86_64%20-%2016%20-%20API%2036&app=com.anonymous.ecofit&clientid=DevLauncherBridgelessDevSupportManager
Nov 04, 2025 10:59:30 PM io.gapi.emulators.netty.NotFoundHandler handleRequest
INFO: Unknown request URI: /message?device=sdk_gphone64_x86_64%20-%2016%20-%20API%2036&app=com.anonymous.ecofit&clientid=DevLauncherBridgelessDevSupportManager
Nov 04, 2025 10:59:32 PM io.gapi.emulators.netty.NotFoundHandler handleRequest
INFO: Unknown request URI: /message?device=sdk_gphone64_x86_64%20-%2016%20-%20API%2036&app=com.anonymous.ecofit&clientid=DevLauncherBridgelessDevSupportManager
Nov 04, 2025 10:59:34 PM io.gapi.emulators.netty.NotFoundHandler handleRequest
INFO: Unknown request URI: /message?device=sdk_gphone64_x86_64%20-%2016%20-%20API%2036&app=com.anonymous.ecofit&clientid=DevLauncherBridgelessDevSupportManager
Nov 04, 2025 10:59:36 PM io.gapi.emulators.netty.NotFoundHandler handleRequest
INFO: Unknown request URI: /message?device=sdk_gphone64_x86_64%20-%2016%20-%20API%2036&app=com.anonymous.ecofit&clientid=DevLauncherBridgelessDevSupportManager
Nov 04, 2025 10:59:38 PM io.gapi.emulators.netty.NotFoundHandler handleRequest
INFO: Unknown request URI: /message?device=sdk_gphone64_x86_64%20-%2016%20-%20API%2036&app=com.anonymous.ecofit&clientid=DevLauncherBridgelessDevSupportManager
Nov 04, 2025 10:59:40 PM io.gapi.emulators.netty.NotFoundHandler handleRequest
INFO: Unknown request URI: /message?device=sdk_gphone64_x86_64%20-%2016%20-%20API%2036&app=com.anonymous.ecofit&clientid=DevLauncherBridgelessDevSupportManager
Nov 04, 2025 10:59:42 PM io.gapi.emulators.netty.NotFoundHandler handleRequest
INFO: Unknown request URI: /message?device=sdk_gphone64_x86_64%20-%2016%20-%20API%2036&app=com.anonymous.ecofit&clientid=DevLauncherBridgelessDevSupportManager
Nov 04, 2025 10:59:44 PM io.gapi.emulators.netty.NotFoundHandler handleRequest
INFO: Unknown request URI: /message?device=sdk_gphone64_x86_64%20-%2016%20-%20API%2036&app=com.anonymous.ecofit&clientid=DevLauncherBridgelessDevSupportManager
Nov 04, 2025 10:59:46 PM io.gapi.emulators.netty.NotFoundHandler handleRequest
INFO: Unknown request URI: /message?device=sdk_gphone64_x86_64%20-%2016%20-%20API%2036&app=com.anonymous.ecofit&clientid=DevLauncherBridgelessDevSupportManager
Nov 04, 2025 10:59:48 PM io.gapi.emulators.netty.NotFoundHandler handleRequest
INFO: Unknown request URI: /message?device=sdk_gphone64_x86_64%20-%2016%20-%20API%2036&app=com.anonymous.ecofit&clientid=DevLauncherBridgelessDevSupportManager
Nov 04, 2025 10:59:50 PM io.gapi.emulators.netty.NotFoundHandler handleRequest
INFO: Unknown request URI: /message?device=sdk_gphone64_x86_64%20-%2016%20-%20API%2036&app=com.anonymous.ecofit&clientid=DevLauncherBridgelessDevSupportManager
Nov 04, 2025 10:59:52 PM io.gapi.emulators.netty.NotFoundHandler handleRequest
INFO: Unknown request URI: /message?device=sdk_gphone64_x86_64%20-%2016%20-%20API%2036&app=com.anonymous.ecofit&clientid=DevLauncherBridgelessDevSupportManager
Nov 04, 2025 10:59:54 PM io.gapi.emulators.netty.NotFoundHandler handleRequest
INFO: Unknown request URI: /message?device=sdk_gphone64_x86_64%20-%2016%20-%20API%2036&app=com.anonymous.ecofit&clientid=DevLauncherBridgelessDevSupportManager
Nov 04, 2025 10:59:56 PM io.gapi.emulators.netty.NotFoundHandler handleRequest
INFO: Unknown request URI: /message?device=sdk_gphone64_x86_64%20-%2016%20-%20API%2036&app=com.anonymous.ecofit&clientid=DevLauncherBridgelessDevSupportManager
Nov 04, 2025 10:59:58 PM io.gapi.emulators.netty.NotFoundHandler handleRequest
INFO: Unknown request URI: /message?device=sdk_gphone64_x86_64%20-%2016%20-%20API%2036&app=com.anonymous.ecofit&clientid=DevLauncherBridgelessDevSupportManager
Nov 04, 2025 11:00:00 PM io.gapi.emulators.netty.NotFoundHandler handleRequest
INFO: Unknown request URI: /message?device=sdk_gphone64_x86_64%20-%2016%20-%20API%2036&app=com.anonymous.ecofit&clientid=DevLauncherBridgelessDevSupportManager
Nov 04, 2025 11:00:02 PM io.gapi.emulators.netty.NotFoundHandler handleRequest
INFO: Unknown request URI: /message?device=sdk_gphone64_x86_64%20-%2016%20-%20API%2036&app=com.anonymous.ecofit&clientid=DevLauncherBridgelessDevSupportManager
Nov 04, 2025 11:00:04 PM io.gapi.emulators.netty.NotFoundHandler handleRequest
INFO: Unknown request URI: /message?device=sdk_gphone64_x86_64%20-%2016%20-%20API%2036&app=com.anonymous.ecofit&clientid=DevLauncherBridgelessDevSupportManager
Nov 04, 2025 11:00:06 PM io.gapi.emulators.netty.NotFoundHandler handleRequest
INFO: Unknown request URI: /message?device=sdk_gphone64_x86_64%20-%2016%20-%20API%2036&app=com.anonymous.ecofit&clientid=DevLauncherBridgelessDevSupportManager
Nov 04, 2025 11:00:08 PM io.gapi.emulators.netty.NotFoundHandler handleRequest
INFO: Unknown request URI: /message?device=sdk_gphone64_x86_64%20-%2016%20-%20API%2036&app=com.anonymous.ecofit&clientid=DevLauncherBridgelessDevSupportManager
Nov 04, 2025 11:00:10 PM io.gapi.emulators.netty.NotFoundHandler handleRequest
INFO: Unknown request URI: /message?device=sdk_gphone64_x86_64%20-%2016%20-%20API%2036&app=com.anonymous.ecofit&clientid=DevLauncherBridgelessDevSupportManager
Nov 04, 2025 11:00:12 PM io.gapi.emulators.netty.NotFoundHandler handleRequest
INFO: Unknown request URI: /message?device=sdk_gphone64_x86_64%20-%2016%20-%20API%2036&app=com.anonymous.ecofit&clientid=DevLauncherBridgelessDevSupportManager
Nov 04, 2025 11:00:14 PM io.gapi.emulators.netty.NotFoundHandler handleRequest
INFO: Unknown request URI: /message?device=sdk_gphone64_x86_64%20-%2016%20-%20API%2036&app=com.anonymous.ecofit&clientid=DevLauncherBridgelessDevSupportManager
Nov 04, 2025 11:00:16 PM io.gapi.emulators.netty.NotFoundHandler handleRequest
INFO: Unknown request URI: /message?device=sdk_gphone64_x86_64%20-%2016%20-%20API%2036&app=com.anonymous.ecofit&clientid=DevLauncherBridgelessDevSupportManager
Nov 04, 2025 11:00:18 PM io.gapi.emulators.netty.NotFoundHandler handleRequest
INFO: Unknown request URI: /message?device=sdk_gphone64_x86_64%20-%2016%20-%20API%2036&app=com.anonymous.ecofit&clientid=DevLauncherBridgelessDevSupportManager
Nov 04, 2025 11:00:20 PM io.gapi.emulators.netty.NotFoundHandler handleRequest
INFO: Unknown request URI: /message?device=sdk_gphone64_x86_64%20-%2016%20-%20API%2036&app=com.anonymous.ecofit&clientid=DevLauncherBridgelessDevSupportManager
Nov 04, 2025 11:00:22 PM io.gapi.emulators.netty.NotFoundHandler handleRequest
INFO: Unknown request URI: /message?device=sdk_gphone64_x86_64%20-%2016%20-%20API%2036&app=com.anonymous.ecofit&clientid=DevLauncherBridgelessDevSupportManager
Nov 04, 2025 11:00:24 PM io.gapi.emulators.netty.NotFoundHandler handleRequest
INFO: Unknown request URI: /message?device=sdk_gphone64_x86_64%20-%2016%20-%20API%2036&app=com.anonymous.ecofit&clientid=DevLauncherBridgelessDevSupportManager
Nov 04, 2025 11:00:26 PM io.gapi.emulators.netty.NotFoundHandler handleRequest
INFO: Unknown request URI: /message?device=sdk_gphone64_x86_64%20-%2016%20-%20API%2036&app=com.anonymous.ecofit&clientid=DevLauncherBridgelessDevSupportManager
Nov 04, 2025 11:00:28 PM io.gapi.emulators.netty.NotFoundHandler handleRequest
INFO: Unknown request URI: /message?device=sdk_gphone64_x86_64%20-%2016%20-%20API%2036&app=com.anonymous.ecofit&clientid=DevLauncherBridgelessDevSupportManager
Nov 04, 2025 11:00:30 PM io.gapi.emulators.netty.NotFoundHandler handleRequest
INFO: Unknown request URI: /message?device=sdk_gphone64_x86_64%20-%2016%20-%20API%2036&app=com.anonymous.ecofit&clientid=DevLauncherBridgelessDevSupportManager
Nov 04, 2025 11:00:32 PM io.gapi.emulators.netty.NotFoundHandler handleRequest
INFO: Unknown request URI: /message?device=sdk_gphone64_x86_64%20-%2016%20-%20API%2036&app=com.anonymous.ecofit&clientid=DevLauncherBridgelessDevSupportManager
Nov 04, 2025 11:00:34 PM io.gapi.emulators.netty.NotFoundHandler handleRequest
INFO: Unknown request URI: /message?device=sdk_gphone64_x86_64%20-%2016%20-%20API%2036&app=com.anonymous.ecofit&clientid=DevLauncherBridgelessDevSupportManager
Nov 04, 2025 11:00:36 PM io.gapi.emulators.netty.NotFoundHandler handleRequest
INFO: Unknown request URI: /message?device=sdk_gphone64_x86_64%20-%2016%20-%20API%2036&app=com.anonymous.ecofit&clientid=DevLauncherBridgelessDevSupportManager
Nov 04, 2025 11:00:38 PM io.gapi.emulators.netty.NotFoundHandler handleRequest
INFO: Unknown request URI: /message?device=sdk_gphone64_x86_64%20-%2016%20-%20API%2036&app=com.anonymous.ecofit&clientid=DevLauncherBridgelessDevSupportManager
Nov 04, 2025 11:00:40 PM io.gapi.emulators.netty.NotFoundHandler handleRequest
INFO: Unknown request URI: /message?device=sdk_gphone64_x86_64%20-%2016%20-%20API%2036&app=com.anonymous.ecofit&clientid=DevLauncherBridgelessDevSupportManager
Nov 04, 2025 11:00:42 PM io.gapi.emulators.netty.NotFoundHandler handleRequest
INFO: Unknown request URI: /message?device=sdk_gphone64_x86_64%20-%2016%20-%20API%2036&app=com.anonymous.ecofit&clientid=DevLauncherBridgelessDevSupportManager
Nov 04, 2025 11:00:44 PM io.gapi.emulators.netty.NotFoundHandler handleRequest
INFO: Unknown request URI: /message?device=sdk_gphone64_x86_64%20-%2016%20-%20API%2036&app=com.anonymous.ecofit&clientid=DevLauncherBridgelessDevSupportManager
Nov 04, 2025 11:00:46 PM io.gapi.emulators.netty.NotFoundHandler handleRequest
INFO: Unknown request URI: /message?device=sdk_gphone64_x86_64%20-%2016%20-%20API%2036&app=com.anonymous.ecofit&clientid=DevLauncherBridgelessDevSupportManager
Nov 04, 2025 11:00:48 PM io.gapi.emulators.netty.NotFoundHandler handleRequest
INFO: Unknown request URI: /message?device=sdk_gphone64_x86_64%20-%2016%20-%20API%2036&app=com.anonymous.ecofit&clientid=DevLauncherBridgelessDevSupportManager
Nov 04, 2025 11:00:50 PM io.gapi.emulators.netty.NotFoundHandler handleRequest
INFO: Unknown request URI: /message?device=sdk_gphone64_x86_64%20-%2016%20-%20API%2036&app=com.anonymous.ecofit&clientid=DevLauncherBridgelessDevSupportManager
Nov 04, 2025 11:00:52 PM io.gapi.emulators.netty.NotFoundHandler handleRequest
INFO: Unknown request URI: /message?device=sdk_gphone64_x86_64%20-%2016%20-%20API%2036&app=com.anonymous.ecofit&clientid=DevLauncherBridgelessDevSupportManager
Nov 04, 2025 11:00:54 PM io.gapi.emulators.netty.NotFoundHandler handleRequest
INFO: Unknown request URI: /message?device=sdk_gphone64_x86_64%20-%2016%20-%20API%2036&app=com.anonymous.ecofit&clientid=DevLauncherBridgelessDevSupportManager
Nov 04, 2025 11:00:56 PM io.gapi.emulators.netty.NotFoundHandler handleRequest
INFO: Unknown request URI: /message?device=sdk_gphone64_x86_64%20-%2016%20-%20API%2036&app=com.anonymous.ecofit&clientid=DevLauncherBridgelessDevSupportManager
Nov 04, 2025 11:00:58 PM io.gapi.emulators.netty.NotFoundHandler handleRequest
INFO: Unknown request URI: /message?device=sdk_gphone64_x86_64%20-%2016%20-%20API%2036&app=com.anonymous.ecofit&clientid=DevLauncherBridgelessDevSupportManager
Nov 04, 2025 11:01:00 PM io.gapi.emulators.netty.NotFoundHandler handleRequest
INFO: Unknown request URI: /message?device=sdk_gphone64_x86_64%20-%2016%20-%20API%2036&app=com.anonymous.ecofit&clientid=DevLauncherBridgelessDevSupportManager
Nov 04, 2025 11:01:02 PM io.gapi.emulators.netty.NotFoundHandler handleRequest
INFO: Unknown request URI: /message?device=sdk_gphone64_x86_64%20-%2016%20-%20API%2036&app=com.anonymous.ecofit&clientid=DevLauncherBridgelessDevSupportManager
Nov 04, 2025 11:01:04 PM io.gapi.emulators.netty.NotFoundHandler handleRequest
INFO: Unknown request URI: /message?device=sdk_gphone64_x86_64%20-%2016%20-%20API%2036&app=com.anonymous.ecofit&clientid=DevLauncherBridgelessDevSupportManager
Nov 04, 2025 11:01:06 PM io.gapi.emulators.netty.NotFoundHandler handleRequest
INFO: Unknown request URI: /message?device=sdk_gphone64_x86_64%20-%2016%20-%20API%2036&app=com.anonymous.ecofit&clientid=DevLauncherBridgelessDevSupportManager
Nov 04, 2025 11:01:08 PM io.gapi.emulators.netty.NotFoundHandler handleRequest
INFO: Unknown request URI: /message?device=sdk_gphone64_x86_64%20-%2016%20-%20API%2036&app=com.anonymous.ecofit&clientid=DevLauncherBridgelessDevSupportManager
Nov 04, 2025 11:01:10 PM io.gapi.emulators.netty.NotFoundHandler handleRequest
INFO: Unknown request URI: /message?device=sdk_gphone64_x86_64%20-%2016%20-%20API%2036&app=com.anonymous.ecofit&clientid=DevLauncherBridgelessDevSupportManager
Nov 04, 2025 11:01:12 PM io.gapi.emulators.netty.NotFoundHandler handleRequest
INFO: Unknown request URI: /message?device=sdk_gphone64_x86_64%20-%2016%20-%20API%2036&app=com.anonymous.ecofit&clientid=DevLauncherBridgelessDevSupportManager
Nov 04, 2025 11:01:14 PM io.gapi.emulators.netty.NotFoundHandler handleRequest
INFO: Unknown request URI: /message?device=sdk_gphone64_x86_64%20-%2016%20-%20API%2036&app=com.anonymous.ecofit&clientid=DevLauncherBridgelessDevSupportManager
Nov 04, 2025 11:01:16 PM io.gapi.emulators.netty.NotFoundHandler handleRequest
INFO: Unknown request URI: /message?device=sdk_gphone64_x86_64%20-%2016%20-%20API%2036&app=com.anonymous.ecofit&clientid=DevLauncherBridgelessDevSupportManager
Nov 04, 2025 11:01:18 PM io.gapi.emulators.netty.NotFoundHandler handleRequest
INFO: Unknown request URI: /message?device=sdk_gphone64_x86_64%20-%2016%20-%20API%2036&app=com.anonymous.ecofit&clientid=DevLauncherBridgelessDevSupportManager
Nov 04, 2025 11:01:20 PM io.gapi.emulators.netty.NotFoundHandler handleRequest
INFO: Unknown request URI: /message?device=sdk_gphone64_x86_64%20-%2016%20-%20API%2036&app=com.anonymous.ecofit&clientid=DevLauncherBridgelessDevSupportManager
Nov 04, 2025 11:01:22 PM io.gapi.emulators.netty.NotFoundHandler handleRequest
INFO: Unknown request URI: /message?device=sdk_gphone64_x86_64%20-%2016%20-%20API%2036&app=com.anonymous.ecofit&clientid=DevLauncherBridgelessDevSupportManager
Nov 04, 2025 11:01:24 PM io.gapi.emulators.netty.NotFoundHandler handleRequest
INFO: Unknown request URI: /message?device=sdk_gphone64_x86_64%20-%2016%20-%20API%2036&app=com.anonymous.ecofit&clientid=DevLauncherBridgelessDevSupportManager
Nov 04, 2025 11:01:26 PM io.gapi.emulators.netty.NotFoundHandler handleRequest
INFO: Unknown request URI: /message?device=sdk_gphone64_x86_64%20-%2016%20-%20API%2036&app=com.anonymous.ecofit&clientid=DevLauncherBridgelessDevSupportManager
Nov 04, 2025 11:01:28 PM io.gapi.emulators.netty.NotFoundHandler handleRequest
INFO: Unknown request URI: /message?device=sdk_gphone64_x86_64%20-%2016%20-%20API%2036&app=com.anonymous.ecofit&clientid=DevLauncherBridgelessDevSupportManager
Nov 04, 2025 11:01:30 PM io.gapi.emulators.netty.NotFoundHandler handleRequest
INFO: Unknown request URI: /message?device=sdk_gphone64_x86_64%20-%2016%20-%20API%2036&app=com.anonymous.ecofit&clientid=DevLauncherBridgelessDevSupportManager
Nov 04, 2025 11:01:32 PM io.gapi.emulators.netty.NotFoundHandler handleRequest
INFO: Unknown request URI: /message?device=sdk_gphone64_x86_64%20-%2016%20-%20API%2036&app=com.anonymous.ecofit&clientid=DevLauncherBridgelessDevSupportManager
Nov 04, 2025 11:01:34 PM io.gapi.emulators.netty.NotFoundHandler handleRequest
INFO: Unknown request URI: /message?device=sdk_gphone64_x86_64%20-%2016%20-%20API%2036&app=com.anonymous.ecofit&clientid=DevLauncherBridgelessDevSupportManager
Nov 04, 2025 11:01:36 PM io.gapi.emulators.netty.NotFoundHandler handleRequest
INFO: Unknown request URI: /message?device=sdk_gphone64_x86_64%20-%2016%20-%20API%2036&app=com.anonymous.ecofit&clientid=DevLauncherBridgelessDevSupportManager
Nov 04, 2025 11:01:38 PM io.gapi.emulators.netty.NotFoundHandler handleRequest
INFO: Unknown request URI: /message?device=sdk_gphone64_x86_64%20-%2016%20-%20API%2036&app=com.anonymous.ecofit&clientid=DevLauncherBridgelessDevSupportManager
Nov 04, 2025 11:01:40 PM io.gapi.emulators.netty.NotFoundHandler handleRequest
INFO: Unknown request URI: /message?device=sdk_gphone64_x86_64%20-%2016%20-%20API%2036&app=com.anonymous.ecofit&clientid=DevLauncherBridgelessDevSupportManager
Nov 04, 2025 11:01:42 PM io.gapi.emulators.netty.NotFoundHandler handleRequest
INFO: Unknown request URI: /message?device=sdk_gphone64_x86_64%20-%2016%20-%20API%2036&app=com.anonymous.ecofit&clientid=DevLauncherBridgelessDevSupportManager
Nov 04, 2025 11:01:44 PM io.gapi.emulators.netty.NotFoundHandler handleRequest
INFO: Unknown request URI: /message?device=sdk_gphone64_x86_64%20-%2016%20-%20API%2036&app=com.anonymous.ecofit&clientid=DevLauncherBridgelessDevSupportManager
Nov 04, 2025 11:01:46 PM io.gapi.emulators.netty.NotFoundHandler handleRequest
INFO: Unknown request URI: /message?device=sdk_gphone64_x86_64%20-%2016%20-%20API%2036&app=com.anonymous.ecofit&clientid=DevLauncherBridgelessDevSupportManager
Nov 04, 2025 11:01:48 PM io.gapi.emulators.netty.NotFoundHandler handleRequest
INFO: Unknown request URI: /message?device=sdk_gphone64_x86_64%20-%2016%20-%20API%2036&app=com.anonymous.ecofit&clientid=DevLauncherBridgelessDevSupportManager
Nov 04, 2025 11:01:50 PM io.gapi.emulators.netty.NotFoundHandler handleRequest
INFO: Unknown request URI: /message?device=sdk_gphone64_x86_64%20-%2016%20-%20API%2036&app=com.anonymous.ecofit&clientid=DevLauncherBridgelessDevSupportManager
Nov 04, 2025 11:01:52 PM io.gapi.emulators.netty.NotFoundHandler handleRequest
INFO: Unknown request URI: /message?device=sdk_gphone64_x86_64%20-%2016%20-%20API%2036&app=com.anonymous.ecofit&clientid=DevLauncherBridgelessDevSupportManager
Nov 04, 2025 11:01:54 PM io.gapi.emulators.netty.NotFoundHandler handleRequest
INFO: Unknown request URI: /message?device=sdk_gphone64_x86_64%20-%2016%20-%20API%2036&app=com.anonymous.ecofit&clientid=DevLauncherBridgelessDevSupportManager
Nov 04, 2025 11:01:56 PM io.gapi.emulators.netty.NotFoundHandler handleRequest
INFO: Unknown request URI: /message?device=sdk_gphone64_x86_64%20-%2016%20-%20API%2036&app=com.anonymous.ecofit&clientid=DevLauncherBridgelessDevSupportManager
Nov 04, 2025 11:01:58 PM io.gapi.emulators.netty.NotFoundHandler handleRequest
INFO: Unknown request URI: /message?device=sdk_gphone64_x86_64%20-%2016%20-%20API%2036&app=com.anonymous.ecofit&clientid=DevLauncherBridgelessDevSupportManager
Nov 04, 2025 11:02:00 PM io.gapi.emulators.netty.NotFoundHandler handleRequest
INFO: Unknown request URI: /message?device=sdk_gphone64_x86_64%20-%2016%20-%20API%2036&app=com.anonymous.ecofit&clientid=DevLauncherBridgelessDevSupportManager
Nov 04, 2025 11:02:02 PM io.gapi.emulators.netty.NotFoundHandler handleRequest
INFO: Unknown request URI: /message?device=sdk_gphone64_x86_64%20-%2016%20-%20API%2036&app=com.anonymous.ecofit&clientid=DevLauncherBridgelessDevSupportManager
Nov 04, 2025 11:02:04 PM io.gapi.emulators.netty.NotFoundHandler handleRequest
INFO: Unknown request URI: /message?device=sdk_gphone64_x86_64%20-%2016%20-%20API%2036&app=com.anonymous.ecofit&clientid=DevLauncherBridgelessDevSupportManager
Nov 04, 2025 11:02:06 PM io.gapi.emulators.netty.NotFoundHandler handleRequest
INFO: Unknown request URI: /message?device=sdk_gphone64_x86_64%20-%2016%20-%20API%2036&app=com.anonymous.ecofit&clientid=DevLauncherBridgelessDevSupportManager
Nov 04, 2025 11:02:08 PM io.gapi.emulators.netty.NotFoundHandler handleRequest
INFO: Unknown request URI: /message?device=sdk_gphone64_x86_64%20-%2016%20-%20API%2036&app=com.anonymous.ecofit&clientid=DevLauncherBridgelessDevSupportManager
Nov 04, 2025 11:02:10 PM io.gapi.emulators.netty.NotFoundHandler handleRequest
INFO: Unknown request URI: /message?device=sdk_gphone64_x86_64%20-%2016%20-%20API%2036&app=com.anonymous.ecofit&clientid=DevLauncherBridgelessDevSupportManager
Nov 04, 2025 11:02:12 PM io.gapi.emulators.netty.NotFoundHandler handleRequest
INFO: Unknown request URI: /message?device=sdk_gphone64_x86_64%20-%2016%20-%20API%2036&app=com.anonymous.ecofit&clientid=DevLauncherBridgelessDevSupportManager
Nov 04, 2025 11:02:14 PM io.gapi.emulators.netty.NotFoundHandler handleRequest
INFO: Unknown request URI: /message?device=sdk_gphone64_x86_64%20-%2016%20-%20API%2036&app=com.anonymous.ecofit&clientid=DevLauncherBridgelessDevSupportManager
Nov 04, 2025 11:02:16 PM io.gapi.emulators.netty.NotFoundHandler handleRequest
INFO: Unknown request URI: /message?device=sdk_gphone64_x86_64%20-%2016%20-%20API%2036&app=com.anonymous.ecofit&clientid=DevLauncherBridgelessDevSupportManager
Nov 04, 2025 11:02:18 PM io.gapi.emulators.netty.NotFoundHandler handleRequest
INFO: Unknown request URI: /message?device=sdk_gphone64_x86_64%20-%2016%20-%20API%2036&app=com.anonymous.ecofit&clientid=DevLauncherBridgelessDevSupportManager
Nov 04, 2025 11:02:20 PM io.gapi.emulators.netty.NotFoundHandler handleRequest
INFO: Unknown request URI: /message?device=sdk_gphone64_x86_64%20-%2016%20-%20API%2036&app=com.anonymous.ecofit&clientid=DevLauncherBridgelessDevSupportManager
Nov 04, 2025 11:02:22 PM io.gapi.emulators.netty.NotFoundHandler handleRequest
INFO: Unknown request URI: /message?device=sdk_gphone64_x86_64%20-%2016%20-%20API%2036&app=com.anonymous.ecofit&clientid=DevLauncherBridgelessDevSupportManager
Nov 04, 2025 11:02:24 PM io.gapi.emulators.netty.NotFoundHandler handleRequest
INFO: Unknown request URI: /message?device=sdk_gphone64_x86_64%20-%2016%20-%20API%2036&app=com.anonymous.ecofit&clientid=DevLauncherBridgelessDevSupportManager
Nov 04, 2025 11:02:26 PM io.gapi.emulators.netty.NotFoundHandler handleRequest
INFO: Unknown request URI: /message?device=sdk_gphone64_x86_64%20-%2016%20-%20API%2036&app=com.anonymous.ecofit&clientid=DevLauncherBridgelessDevSupportManager
Nov 04, 2025 11:02:28 PM io.gapi.emulators.netty.NotFoundHandler handleRequest
INFO: Unknown request URI: /message?device=sdk_gphone64_x86_64%20-%2016%20-%20API%2036&app=com.anonymous.ecofit&clientid=DevLauncherBridgelessDevSupportManager
Nov 04, 2025 11:02:30 PM io.gapi.emulators.netty.NotFoundHandler handleRequest
INFO: Unknown request URI: /message?device=sdk_gphone64_x86_64%20-%2016%20-%20API%2036&app=com.anonymous.ecofit&clientid=DevLauncherBridgelessDevSupportManager
Nov 04, 2025 11:02:32 PM io.gapi.emulators.netty.NotFoundHandler handleRequest
INFO: Unknown request URI: /message?device=sdk_gphone64_x86_64%20-%2016%20-%20API%2036&app=com.anonymous.ecofit&clientid=DevLauncherBridgelessDevSupportManager
Nov 04, 2025 11:02:34 PM io.gapi.emulators.netty.NotFoundHandler handleRequest
INFO: Unknown request URI: /message?device=sdk_gphone64_x86_64%20-%2016%20-%20API%2036&app=com.anonymous.ecofit&clientid=DevLauncherBridgelessDevSupportManager
Nov 04, 2025 11:02:36 PM io.gapi.emulators.netty.NotFoundHandler handleRequest
INFO: Unknown request URI: /message?device=sdk_gphone64_x86_64%20-%2016%20-%20API%2036&app=com.anonymous.ecofit&clientid=DevLauncherBridgelessDevSupportManager
Nov 04, 2025 11:02:38 PM io.gapi.emulators.netty.NotFoundHandler handleRequest
INFO: Unknown request URI: /message?device=sdk_gphone64_x86_64%20-%2016%20-%20API%2036&app=com.anonymous.ecofit&clientid=DevLauncherBridgelessDevSupportManager
Nov 04, 2025 11:02:40 PM io.gapi.emulators.netty.NotFoundHandler handleRequest
INFO: Unknown request URI: /message?device=sdk_gphone64_x86_64%20-%2016%20-%20API%2036&app=com.anonymous.ecofit&clientid=DevLauncherBridgelessDevSupportManager
Nov 04, 2025 11:02:42 PM io.gapi.emulators.netty.NotFoundHandler handleRequest
INFO: Unknown request URI: /message?device=sdk_gphone64_x86_64%20-%2016%20-%20API%2036&app=com.anonymous.ecofit&clientid=DevLauncherBridgelessDevSupportManager
Nov 04, 2025 11:02:44 PM io.gapi.emulators.netty.NotFoundHandler handleRequest
INFO: Unknown request URI: /message?device=sdk_gphone64_x86_64%20-%2016%20-%20API%2036&app=com.anonymous.ecofit&clientid=DevLauncherBridgelessDevSupportManager
Nov 04, 2025 11:02:46 PM io.gapi.emulators.netty.NotFoundHandler handleRequest
INFO: Unknown request URI: /message?device=sdk_gphone64_x86_64%20-%2016%20-%20API%2036&app=com.anonymous.ecofit&clientid=DevLauncherBridgelessDevSupportManager
Nov 04, 2025 11:02:48 PM io.gapi.emulators.netty.NotFoundHandler handleRequest
INFO: Unknown request URI: /message?device=sdk_gphone64_x86_64%20-%2016%20-%20API%2036&app=com.anonymous.ecofit&clientid=DevLauncherBridgelessDevSupportManager
Nov 04, 2025 11:02:50 PM io.gapi.emulators.netty.NotFoundHandler handleRequest
INFO: Unknown request URI: /message?device=sdk_gphone64_x86_64%20-%2016%20-%20API%2036&app=com.anonymous.ecofit&clientid=DevLauncherBridgelessDevSupportManager
Nov 04, 2025 11:02:52 PM io.gapi.emulators.netty.NotFoundHandler handleRequest
INFO: Unknown request URI: /message?device=sdk_gphone64_x86_64%20-%2016%20-%20API%2036&app=com.anonymous.ecofit&clientid=DevLauncherBridgelessDevSupportManager
Nov 04, 2025 11:02:54 PM io.gapi.emulators.netty.NotFoundHandler handleRequest
INFO: Unknown request URI: /message?device=sdk_gphone64_x86_64%20-%2016%20-%20API%2036&app=com.anonymous.ecofit&clientid=DevLauncherBridgelessDevSupportManager
Nov 04, 2025 11:02:56 PM io.gapi.emulators.netty.NotFoundHandler handleRequest
INFO: Unknown request URI: /message?device=sdk_gphone64_x86_64%20-%2016%20-%20API%2036&app=com.anonymous.ecofit&clientid=DevLauncherBridgelessDevSupportManager
Nov 04, 2025 11:02:58 PM io.gapi.emulators.netty.NotFoundHandler handleRequest
INFO: Unknown request URI: /message?device=sdk_gphone64_x86_64%20-%2016%20-%20API%2036&app=com.anonymous.ecofit&clientid=DevLauncherBridgelessDevSupportManager
Nov 04, 2025 11:03:00 PM io.gapi.emulators.netty.NotFoundHandler handleRequest
INFO: Unknown request URI: /message?device=sdk_gphone64_x86_64%20-%2016%20-%20API%2036&app=com.anonymous.ecofit&clientid=DevLauncherBridgelessDevSupportManager
Nov 04, 2025 11:03:02 PM io.gapi.emulators.netty.NotFoundHandler handleRequest
INFO: Unknown request URI: /message?device=sdk_gphone64_x86_64%20-%2016%20-%20API%2036&app=com.anonymous.ecofit&clientid=DevLauncherBridgelessDevSupportManager
Nov 04, 2025 11:03:04 PM io.gapi.emulators.netty.NotFoundHandler handleRequest
INFO: Unknown request URI: /message?device=sdk_gphone64_x86_64%20-%2016%20-%20API%2036&app=com.anonymous.ecofit&clientid=DevLauncherBridgelessDevSupportManager
Nov 04, 2025 11:03:06 PM io.gapi.emulators.netty.NotFoundHandler handleRequest
INFO: Unknown request URI: /message?device=sdk_gphone64_x86_64%20-%2016%20-%20API%2036&app=com.anonymous.ecofit&clientid=DevLauncherBridgelessDevSupportManager
Nov 04, 2025 11:03:08 PM io.gapi.emulators.netty.NotFoundHandler handleRequest
INFO: Unknown request URI: /message?device=sdk_gphone64_x86_64%20-%2016%20-%20API%2036&app=com.anonymous.ecofit&clientid=DevLauncherBridgelessDevSupportManager
Nov 04, 2025 11:03:10 PM io.gapi.emulators.netty.NotFoundHandler handleRequest
INFO: Unknown request URI: /message?device=sdk_gphone64_x86_64%20-%2016%20-%20API%2036&app=com.anonymous.ecofit&clientid=DevLauncherBridgelessDevSupportManager
Nov 04, 2025 11:03:12 PM io.gapi.emulators.netty.NotFoundHandler handleRequest
INFO: Unknown request URI: /message?device=sdk_gphone64_x86_64%20-%2016%20-%20API%2036&app=com.anonymous.ecofit&clientid=DevLauncherBridgelessDevSupportManager
Nov 04, 2025 11:03:14 PM io.gapi.emulators.netty.NotFoundHandler handleRequest
INFO: Unknown request URI: /message?device=sdk_gphone64_x86_64%20-%2016%20-%20API%2036&app=com.anonymous.ecofit&clientid=DevLauncherBridgelessDevSupportManager
Nov 04, 2025 11:03:16 PM io.gapi.emulators.netty.NotFoundHandler handleRequest
INFO: Unknown request URI: /message?device=sdk_gphone64_x86_64%20-%2016%20-%20API%2036&app=com.anonymous.ecofit&clientid=DevLauncherBridgelessDevSupportManager
Nov 04, 2025 11:03:18 PM io.gapi.emulators.netty.NotFoundHandler handleRequest
INFO: Unknown request URI: /message?device=sdk_gphone64_x86_64%20-%2016%20-%20API%2036&app=com.anonymous.ecofit&clientid=DevLauncherBridgelessDevSupportManager
Nov 04, 2025 11:03:20 PM io.gapi.emulators.netty.NotFoundHandler handleRequest
INFO: Unknown request URI: /message?device=sdk_gphone64_x86_64%20-%2016%20-%20API%2036&app=com.anonymous.ecofit&clientid=DevLauncherBridgelessDevSupportManager
Nov 04, 2025 11:03:22 PM io.gapi.emulators.netty.NotFoundHandler handleRequest
INFO: Unknown request URI: /message?device=sdk_gphone64_x86_64%20-%2016%20-%20API%2036&app=com.anonymous.ecofit&clientid=DevLauncherBridgelessDevSupportManager
Nov 04, 2025 11:03:24 PM io.gapi.emulators.netty.NotFoundHandler handleRequest
INFO: Unknown request URI: /message?device=sdk_gphone64_x86_64%20-%2016%20-%20API%2036&app=com.anonymous.ecofit&clientid=DevLauncherBridgelessDevSupportManager
Nov 04, 2025 11:03:26 PM io.gapi.emulators.netty.NotFoundHandler handleRequest
INFO: Unknown request URI: /message?device=sdk_gphone64_x86_64%20-%2016%20-%20API%2036&app=com.anonymous.ecofit&clientid=DevLauncherBridgelessDevSupportManager
Nov 04, 2025 11:03:28 PM io.gapi.emulators.netty.NotFoundHandler handleRequest
INFO: Unknown request URI: /message?device=sdk_gphone64_x86_64%20-%2016%20-%20API%2036&app=com.anonymous.ecofit&clientid=DevLauncherBridgelessDevSupportManager
Nov 04, 2025 11:03:30 PM io.gapi.emulators.netty.NotFoundHandler handleRequest
INFO: Unknown request URI: /message?device=sdk_gphone64_x86_64%20-%2016%20-%20API%2036&app=com.anonymous.ecofit&clientid=DevLauncherBridgelessDevSupportManager
Nov 04, 2025 11:03:32 PM io.gapi.emulators.netty.NotFoundHandler handleRequest
INFO: Unknown request URI: /message?device=sdk_gphone64_x86_64%20-%2016%20-%20API%2036&app=com.anonymous.ecofit&clientid=DevLauncherBridgelessDevSupportManager
Nov 04, 2025 11:03:34 PM io.gapi.emulators.netty.NotFoundHandler handleRequest
INFO: Unknown request URI: /message?device=sdk_gphone64_x86_64%20-%2016%20-%20API%2036&app=com.anonymous.ecofit&clientid=DevLauncherBridgelessDevSupportManager
Nov 04, 2025 11:03:36 PM io.gapi.emulators.netty.NotFoundHandler handleRequest
INFO: Unknown request URI: /message?device=sdk_gphone64_x86_64%20-%2016%20-%20API%2036&app=com.anonymous.ecofit&clientid=DevLauncherBridgelessDevSupportManager
Nov 04, 2025 11:03:38 PM io.gapi.emulators.netty.NotFoundHandler handleRequest
INFO: Unknown request URI: /message?device=sdk_gphone64_x86_64%20-%2016%20-%20API%2036&app=com.anonymous.ecofit&clientid=DevLauncherBridgelessDevSupportManager
Nov 04, 2025 11:03:40 PM io.gapi.emulators.netty.NotFoundHandler handleRequest
INFO: Unknown request URI: /message?device=sdk_gphone64_x86_64%20-%2016%20-%20API%2036&app=com.anonymous.ecofit&clientid=DevLauncherBridgelessDevSupportManager
Nov 04, 2025 11:03:42 PM io.gapi.emulators.netty.NotFoundHandler handleRequest
INFO: Unknown request URI: /message?device=sdk_gphone64_x86_64%20-%2016%20-%20API%2036&app=com.anonymous.ecofit&clientid=DevLauncherBridgelessDevSupportManager
Nov 04, 2025 11:03:44 PM io.gapi.emulators.netty.NotFoundHandler handleRequest
INFO: Unknown request URI: /message?device=sdk_gphone64_x86_64%20-%2016%20-%20API%2036&app=com.anonymous.ecofit&clientid=DevLauncherBridgelessDevSupportManager
Nov 04, 2025 11:03:46 PM io.gapi.emulators.netty.NotFoundHandler handleRequest
INFO: Unknown request URI: /message?device=sdk_gphone64_x86_64%20-%2016%20-%20API%2036&app=com.anonymous.ecofit&clientid=DevLauncherBridgelessDevSupportManager
Nov 04, 2025 11:03:48 PM io.gapi.emulators.netty.NotFoundHandler handleRequest
INFO: Unknown request URI: /message?device=sdk_gphone64_x86_64%20-%2016%20-%20API%2036&app=com.anonymous.ecofit&clientid=DevLauncherBridgelessDevSupportManager
Nov 04, 2025 11:03:50 PM io.gapi.emulators.netty.NotFoundHandler handleRequest
INFO: Unknown request URI: /message?device=sdk_gphone64_x86_64%20-%2016%20-%20API%2036&app=com.anonymous.ecofit&clientid=DevLauncherBridgelessDevSupportManager
Nov 04, 2025 11:03:52 PM io.gapi.emulators.netty.NotFoundHandler handleRequest
INFO: Unknown request URI: /message?device=sdk_gphone64_x86_64%20-%2016%20-%20API%2036&app=com.anonymous.ecofit&clientid=DevLauncherBridgelessDevSupportManager
Nov 04, 2025 11:03:54 PM io.gapi.emulators.netty.NotFoundHandler handleRequest
INFO: Unknown request URI: /message?device=sdk_gphone64_x86_64%20-%2016%20-%20API%2036&app=com.anonymous.ecofit&clientid=DevLauncherBridgelessDevSupportManager
Nov 04, 2025 11:03:56 PM io.gapi.emulators.netty.NotFoundHandler handleRequest
INFO: Unknown request URI: /message?device=sdk_gphone64_x86_64%20-%2016%20-%20API%2036&app=com.anonymous.ecofit&clientid=DevLauncherBridgelessDevSupportManager
Nov 04, 2025 11:03:58 PM io.gapi.emulators.netty.NotFoundHandler handleRequest
INFO: Unknown request URI: /message?device=sdk_gphone64_x86_64%20-%2016%20-%20API%2036&app=com.anonymous.ecofit&clientid=DevLauncherBridgelessDevSupportManager
Nov 04, 2025 11:04:00 PM io.gapi.emulators.netty.NotFoundHandler handleRequest
INFO: Unknown request URI: /message?device=sdk_gphone64_x86_64%20-%2016%20-%20API%2036&app=com.anonymous.ecofit&clientid=DevLauncherBridgelessDevSupportManager
Nov 04, 2025 11:04:02 PM io.gapi.emulators.netty.NotFoundHandler handleRequest
INFO: Unknown request URI: /message?device=sdk_gphone64_x86_64%20-%2016%20-%20API%2036&app=com.anonymous.ecofit&clientid=DevLauncherBridgelessDevSupportManager
Nov 04, 2025 11:04:04 PM io.gapi.emulators.netty.NotFoundHandler handleRequest
INFO: Unknown request URI: /message?device=sdk_gphone64_x86_64%20-%2016%20-%20API%2036&app=com.anonymous.ecofit&clientid=DevLauncherBridgelessDevSupportManager
Nov 04, 2025 11:04:06 PM io.gapi.emulators.netty.NotFoundHandler handleRequest
INFO: Unknown request URI: /message?device=sdk_gphone64_x86_64%20-%2016%20-%20API%2036&app=com.anonymous.ecofit&clientid=DevLauncherBridgelessDevSupportManager
Nov 04, 2025 11:04:08 PM io.gapi.emulators.netty.NotFoundHandler handleRequest
INFO: Unknown request URI: /message?device=sdk_gphone64_x86_64%20-%2016%20-%20API%2036&app=com.anonymous.ecofit&clientid=DevLauncherBridgelessDevSupportManager
Nov 04, 2025 11:04:10 PM io.gapi.emulators.netty.NotFoundHandler handleRequest
INFO: Unknown request URI: /message?device=sdk_gphone64_x86_64%20-%2016%20-%20API%2036&app=com.anonymous.ecofit&clientid=DevLauncherBridgelessDevSupportManager
Nov 04, 2025 11:04:12 PM io.gapi.emulators.netty.NotFoundHandler handleRequest
INFO: Unknown request URI: /message?device=sdk_gphone64_x86_64%20-%2016%20-%20API%2036&app=com.anonymous.ecofit&clientid=DevLauncherBridgelessDevSupportManager
Nov 04, 2025 11:04:14 PM io.gapi.emulators.netty.NotFoundHandler handleRequest
INFO: Unknown request URI: /message?device=sdk_gphone64_x86_64%20-%2016%20-%20API%2036&app=com.anonymous.ecofit&clientid=DevLauncherBridgelessDevSupportManager
Nov 04, 2025 11:04:16 PM io.gapi.emulators.netty.NotFoundHandler handleRequest
INFO: Unknown request URI: /message?device=sdk_gphone64_x86_64%20-%2016%20-%20API%2036&app=com.anonymous.ecofit&clientid=DevLauncherBridgelessDevSupportManager
Nov 04, 2025 11:04:18 PM io.gapi.emulators.netty.NotFoundHandler handleRequest
INFO: Unknown request URI: /message?device=sdk_gphone64_x86_64%20-%2016%20-%20API%2036&app=com.anonymous.ecofit&clientid=DevLauncherBridgelessDevSupportManager
Nov 04, 2025 11:04:20 PM io.gapi.emulators.netty.NotFoundHandler handleRequest
INFO: Unknown request URI: /message?device=sdk_gphone64_x86_64%20-%2016%20-%20API%2036&app=com.anonymous.ecofit&clientid=DevLauncherBridgelessDevSupportManager
Nov 04, 2025 11:04:22 PM io.gapi.emulators.netty.NotFoundHandler handleRequest
INFO: Unknown request URI: /message?device=sdk_gphone64_x86_64%20-%2016%20-%20API%2036&app=com.anonymous.ecofit&clientid=DevLauncherBridgelessDevSupportManager
Nov 04, 2025 11:04:24 PM io.gapi.emulators.netty.NotFoundHandler handleRequest
INFO: Unknown request URI: /message?device=sdk_gphone64_x86_64%20-%2016%20-%20API%2036&app=com.anonymous.ecofit&clientid=DevLauncherBridgelessDevSupportManager
Nov 04, 2025 11:04:26 PM io.gapi.emulators.netty.NotFoundHandler handleRequest
INFO: Unknown request URI: /message?device=sdk_gphone64_x86_64%20-%2016%20-%20API%2036&app=com.anonymous.ecofit&clientid=DevLauncherBridgelessDevSupportManager
Nov 04, 2025 11:04:28 PM io.gapi.emulators.netty.NotFoundHandler handleRequest
INFO: Unknown request URI: /message?device=sdk_gphone64_x86_64%20-%2016%20-%20API%2036&app=com.anonymous.ecofit&clientid=DevLauncherBridgelessDevSupportManager
Nov 04, 2025 11:04:30 PM io.gapi.emulators.netty.NotFoundHandler handleRequest
INFO: Unknown request URI: /message?device=sdk_gphone64_x86_64%20-%2016%20-%20API%2036&app=com.anonymous.ecofit&clientid=DevLauncherBridgelessDevSupportManager
Nov 04, 2025 11:04:32 PM io.gapi.emulators.netty.NotFoundHandler handleRequest
INFO: Unknown request URI: /message?device=sdk_gphone64_x86_64%20-%2016%20-%20API%2036&app=com.anonymous.ecofit&clientid=DevLauncherBridgelessDevSupportManager
Nov 04, 2025 11:04:34 PM io.gapi.emulators.netty.NotFoundHandler handleRequest
INFO: Unknown request URI: /message?device=sdk_gphone64_x86_64%20-%2016%20-%20API%2036&app=com.anonymous.ecofit&clientid=DevLauncherBridgelessDevSupportManager
Nov 04, 2025 11:04:36 PM io.gapi.emulators.netty.NotFoundHandler handleRequest
INFO: Unknown request URI: /message?device=sdk_gphone64_x86_64%20-%2016%20-%20API%2036&app=com.anonymous.ecofit&clientid=DevLauncherBridgelessDevSupportManager
Nov 04, 2025 11:04:38 PM io.gapi.emulators.netty.NotFoundHandler handleRequest
INFO: Unknown request URI: /message?device=sdk_gphone64_x86_64%20-%2016%20-%20API%2036&app=com.anonymous.ecofit&clientid=DevLauncherBridgelessDevSupportManager
Nov 04, 2025 11:04:40 PM io.gapi.emulators.netty.NotFoundHandler handleRequest
INFO: Unknown request URI: /message?device=sdk_gphone64_x86_64%20-%2016%20-%20API%2036&app=com.anonymous.ecofit&clientid=DevLauncherBridgelessDevSupportManager
Nov 04, 2025 11:04:42 PM io.gapi.emulators.netty.NotFoundHandler handleRequest
INFO: Unknown request URI: /message?device=sdk_gphone64_x86_64%20-%2016%20-%20API%2036&app=com.anonymous.ecofit&clientid=DevLauncherBridgelessDevSupportManager
Nov 04, 2025 11:04:45 PM io.gapi.emulators.netty.NotFoundHandler handleRequest
INFO: Unknown request URI: /message?device=sdk_gphone64_x86_64%20-%2016%20-%20API%2036&app=com.anonymous.ecofit&clientid=DevLauncherBridgelessDevSupportManager
Nov 04, 2025 11:04:47 PM io.gapi.emulators.netty.NotFoundHandler handleRequest
INFO: Unknown request URI: /message?device=sdk_gphone64_x86_64%20-%2016%20-%20API%2036&app=com.anonymous.ecofit&clientid=DevLauncherBridgelessDevSupportManager
Nov 04, 2025 11:04:49 PM io.gapi.emulators.netty.NotFoundHandler handleRequest
INFO: Unknown request URI: /message?device=sdk_gphone64_x86_64%20-%2016%20-%20API%2036&app=com.anonymous.ecofit&clientid=DevLauncherBridgelessDevSupportManager
Nov 04, 2025 11:04:51 PM io.gapi.emulators.netty.NotFoundHandler handleRequest
INFO: Unknown request URI: /message?device=sdk_gphone64_x86_64%20-%2016%20-%20API%2036&app=com.anonymous.ecofit&clientid=DevLauncherBridgelessDevSupportManager
Nov 04, 2025 11:04:53 PM io.gapi.emulators.netty.NotFoundHandler handleRequest
INFO: Unknown request URI: /message?device=sdk_gphone64_x86_64%20-%2016%20-%20API%2036&app=com.anonymous.ecofit&clientid=DevLauncherBridgelessDevSupportManager
Nov 04, 2025 11:04:55 PM io.gapi.emulators.netty.NotFoundHandler handleRequest
INFO: Unknown request URI: /message?device=sdk_gphone64_x86_64%20-%2016%20-%20API%2036&app=com.anonymous.ecofit&clientid=DevLauncherBridgelessDevSupportManager
Nov 04, 2025 11:04:57 PM io.gapi.emulators.netty.NotFoundHandler handleRequest
INFO: Unknown request URI: /message?device=sdk_gphone64_x86_64%20-%2016%20-%20API%2036&app=com.anonymous.ecofit&clientid=DevLauncherBridgelessDevSupportManager
Nov 04, 2025 11:04:59 PM io.gapi.emulators.netty.NotFoundHandler handleRequest
INFO: Unknown request URI: /message?device=sdk_gphone64_x86_64%20-%2016%20-%20API%2036&app=com.anonymous.ecofit&clientid=DevLauncherBridgelessDevSupportManager
Nov 04, 2025 11:05:01 PM io.gapi.emulators.netty.NotFoundHandler handleRequest
INFO: Unknown request URI: /message?device=sdk_gphone64_x86_64%20-%2016%20-%20API%2036&app=com.anonymous.ecofit&clientid=DevLauncherBridgelessDevSupportManager
Nov 04, 2025 11:05:03 PM io.gapi.emulators.netty.NotFoundHandler handleRequest
INFO: Unknown request URI: /message?device=sdk_gphone64_x86_64%20-%2016%20-%20API%2036&app=com.anonymous.ecofit&clientid=DevLauncherBridgelessDevSupportManager
Nov 04, 2025 11:05:05 PM io.gapi.emulators.netty.NotFoundHandler handleRequest
INFO: Unknown request URI: /message?device=sdk_gphone64_x86_64%20-%2016%20-%20API%2036&app=com.anonymous.ecofit&clientid=DevLauncherBridgelessDevSupportManager
Nov 04, 2025 11:05:07 PM io.gapi.emulators.netty.NotFoundHandler handleRequest
INFO: Unknown request URI: /message?device=sdk_gphone64_x86_64%20-%2016%20-%20API%2036&app=com.anonymous.ecofit&clientid=DevLauncherBridgelessDevSupportManager
Nov 04, 2025 11:05:09 PM io.gapi.emulators.netty.NotFoundHandler handleRequest
INFO: Unknown request URI: /message?device=sdk_gphone64_x86_64%20-%2016%20-%20API%2036&app=com.anonymous.ecofit&clientid=DevLauncherBridgelessDevSupportManager
Nov 04, 2025 11:05:11 PM io.gapi.emulators.netty.NotFoundHandler handleRequest
INFO: Unknown request URI: /message?device=sdk_gphone64_x86_64%20-%2016%20-%20API%2036&app=com.anonymous.ecofit&clientid=DevLauncherBridgelessDevSupportManager
Nov 04, 2025 11:05:13 PM io.gapi.emulators.netty.NotFoundHandler handleRequest
INFO: Unknown request URI: /message?device=sdk_gphone64_x86_64%20-%2016%20-%20API%2036&app=com.anonymous.ecofit&clientid=DevLauncherBridgelessDevSupportManager
Nov 04, 2025 11:05:15 PM io.gapi.emulators.netty.NotFoundHandler handleRequest
INFO: Unknown request URI: /message?device=sdk_gphone64_x86_64%20-%2016%20-%20API%2036&app=com.anonymous.ecofit&clientid=DevLauncherBridgelessDevSupportManager
Nov 04, 2025 11:05:17 PM io.gapi.emulators.netty.NotFoundHandler handleRequest
INFO: Unknown request URI: /message?device=sdk_gphone64_x86_64%20-%2016%20-%20API%2036&app=com.anonymous.ecofit&clientid=DevLauncherBridgelessDevSupportManager
Nov 04, 2025 11:05:19 PM io.gapi.emulators.netty.NotFoundHandler handleRequest
INFO: Unknown request URI: /message?device=sdk_gphone64_x86_64%20-%2016%20-%20API%2036&app=com.anonymous.ecofit&clientid=DevLauncherBridgelessDevSupportManager
Nov 04, 2025 11:05:21 PM io.gapi.emulators.netty.NotFoundHandler handleRequest
INFO: Unknown request URI: /message?device=sdk_gphone64_x86_64%20-%2016%20-%20API%2036&app=com.anonymous.ecofit&clientid=DevLauncherBridgelessDevSupportManager
Nov 04, 2025 11:05:23 PM io.gapi.emulators.netty.NotFoundHandler handleRequest
INFO: Unknown request URI: /message?device=sdk_gphone64_x86_64%20-%2016%20-%20API%2036&app=com.anonymous.ecofit&clientid=DevLauncherBridgelessDevSupportManager
Nov 04, 2025 11:05:25 PM io.gapi.emulators.netty.NotFoundHandler handleRequest
INFO: Unknown request URI: /message?device=sdk_gphone64_x86_64%20-%2016%20-%20API%2036&app=com.anonymous.ecofit&clientid=DevLauncherBridgelessDevSupportManager
Nov 04, 2025 11:05:27 PM io.gapi.emulators.netty.NotFoundHandler handleRequest
INFO: Unknown request URI: /message?device=sdk_gphone64_x86_64%20-%2016%20-%20API%2036&app=com.anonymous.ecofit&clientid=DevLauncherBridgelessDevSupportManager
Nov 04, 2025 11:05:29 PM io.gapi.emulators.netty.NotFoundHandler handleRequest
INFO: Unknown request URI: /message?device=sdk_gphone64_x86_64%20-%2016%20-%20API%2036&app=com.anonymous.ecofit&clientid=DevLauncherBridgelessDevSupportManager
Nov 04, 2025 11:05:31 PM io.gapi.emulators.netty.NotFoundHandler handleRequest
INFO: Unknown request URI: /message?device=sdk_gphone64_x86_64%20-%2016%20-%20API%2036&app=com.anonymous.ecofit&clientid=DevLauncherBridgelessDevSupportManager
Nov 04, 2025 11:05:33 PM io.gapi.emulators.netty.NotFoundHandler handleRequest
INFO: Unknown request URI: /message?device=sdk_gphone64_x86_64%20-%2016%20-%20API%2036&app=com.anonymous.ecofit&clientid=DevLauncherBridgelessDevSupportManager
Nov 04, 2025 11:05:35 PM io.gapi.emulators.netty.NotFoundHandler handleRequest
INFO: Unknown request URI: /message?device=sdk_gphone64_x86_64%20-%2016%20-%20API%2036&app=com.anonymous.ecofit&clientid=DevLauncherBridgelessDevSupportManager
Nov 04, 2025 11:05:37 PM io.gapi.emulators.netty.NotFoundHandler handleRequest
INFO: Unknown request URI: /message?device=sdk_gphone64_x86_64%20-%2016%20-%20API%2036&app=com.anonymous.ecofit&clientid=DevLauncherBridgelessDevSupportManager
Nov 04, 2025 11:05:39 PM io.gapi.emulators.netty.NotFoundHandler handleRequest
INFO: Unknown request URI: /message?device=sdk_gphone64_x86_64%20-%2016%20-%20API%2036&app=com.anonymous.ecofit&clientid=DevLauncherBridgelessDevSupportManager
Nov 04, 2025 11:05:41 PM io.gapi.emulators.netty.NotFoundHandler handleRequest
INFO: Unknown request URI: /message?device=sdk_gphone64_x86_64%20-%2016%20-%20API%2036&app=com.anonymous.ecofit&clientid=DevLauncherBridgelessDevSupportManager
Nov 04, 2025 11:05:43 PM io.gapi.emulators.netty.NotFoundHandler handleRequest
INFO: Unknown request URI: /message?device=sdk_gphone64_x86_64%20-%2016%20-%20API%2036&app=com.anonymous.ecofit&clientid=DevLauncherBridgelessDevSupportManager
Nov 04, 2025 11:05:45 PM io.gapi.emulators.netty.NotFoundHandler handleRequest
INFO: Unknown request URI: /message?device=sdk_gphone64_x86_64%20-%2016%20-%20API%2036&app=com.anonymous.ecofit&clientid=DevLauncherBridgelessDevSupportManager
Nov 04, 2025 11:05:47 PM io.gapi.emulators.netty.NotFoundHandler handleRequest
INFO: Unknown request URI: /message?device=sdk_gphone64_x86_64%20-%2016%20-%20API%2036&app=com.anonymous.ecofit&clientid=DevLauncherBridgelessDevSupportManager
Nov 04, 2025 11:05:49 PM io.gapi.emulators.netty.NotFoundHandler handleRequest
INFO: Unknown request URI: /message?device=sdk_gphone64_x86_64%20-%2016%20-%20API%2036&app=com.anonymous.ecofit&clientid=DevLauncherBridgelessDevSupportManager
Nov 04, 2025 11:05:51 PM io.gapi.emulators.netty.NotFoundHandler handleRequest
INFO: Unknown request URI: /message?device=sdk_gphone64_x86_64%20-%2016%20-%20API%2036&app=com.anonymous.ecofit&clientid=DevLauncherBridgelessDevSupportManager
Nov 04, 2025 11:05:53 PM io.gapi.emulators.netty.NotFoundHandler handleRequest
INFO: Unknown request URI: /message?device=sdk_gphone64_x86_64%20-%2016%20-%20API%2036&app=com.anonymous.ecofit&clientid=DevLauncherBridgelessDevSupportManager
Nov 04, 2025 11:05:55 PM io.gapi.emulators.netty.NotFoundHandler handleRequest
INFO: Unknown request URI: /message?device=sdk_gphone64_x86_64%20-%2016%20-%20API%2036&app=com.anonymous.ecofit&clientid=DevLauncherBridgelessDevSupportManager
Nov 04, 2025 11:05:57 PM io.gapi.emulators.netty.NotFoundHandler handleRequest
INFO: Unknown request URI: /message?device=sdk_gphone64_x86_64%20-%2016%20-%20API%2036&app=com.anonymous.ecofit&clientid=DevLauncherBridgelessDevSupportManager
Nov 04, 2025 11:05:59 PM io.gapi.emulators.netty.NotFoundHandler handleRequest
INFO: Unknown request URI: /message?device=sdk_gphone64_x86_64%20-%2016%20-%20API%2036&app=com.anonymous.ecofit&clientid=DevLauncherBridgelessDevSupportManager
Nov 04, 2025 11:06:01 PM io.gapi.emulators.netty.NotFoundHandler handleRequest
INFO: Unknown request URI: /message?device=sdk_gphone64_x86_64%20-%2016%20-%20API%2036&app=com.anonymous.ecofit&clientid=DevLauncherBridgelessDevSupportManager
Nov 04, 2025 11:06:03 PM io.gapi.emulators.netty.NotFoundHandler handleRequest
INFO: Unknown request URI: /message?device=sdk_gphone64_x86_64%20-%2016%20-%20API%2036&app=com.anonymous.ecofit&clientid=DevLauncherBridgelessDevSupportManager
Nov 04, 2025 11:06:05 PM io.gapi.emulators.netty.NotFoundHandler handleRequest
INFO: Unknown request URI: /message?device=sdk_gphone64_x86_64%20-%2016%20-%20API%2036&app=com.anonymous.ecofit&clientid=DevLauncherBridgelessDevSupportManager
Nov 04, 2025 11:06:07 PM io.gapi.emulators.netty.NotFoundHandler handleRequest
INFO: Unknown request URI: /message?device=sdk_gphone64_x86_64%20-%2016%20-%20API%2036&app=com.anonymous.ecofit&clientid=DevLauncherBridgelessDevSupportManager
Nov 04, 2025 11:06:09 PM io.gapi.emulators.netty.NotFoundHandler handleRequest
INFO: Unknown request URI: /message?device=sdk_gphone64_x86_64%20-%2016%20-%20API%2036&app=com.anonymous.ecofit&clientid=DevLauncherBridgelessDevSupportManager
Nov 04, 2025 11:06:11 PM io.gapi.emulators.netty.NotFoundHandler handleRequest
INFO: Unknown request URI: /message?device=sdk_gphone64_x86_64%20-%2016%20-%20API%2036&app=com.anonymous.ecofit&clientid=DevLauncherBridgelessDevSupportManager
Nov 04, 2025 11:06:13 PM io.gapi.emulators.netty.NotFoundHandler handleRequest
INFO: Unknown request URI: /message?device=sdk_gphone64_x86_64%20-%2016%20-%20API%2036&app=com.anonymous.ecofit&clientid=DevLauncherBridgelessDevSupportManager
Nov 04, 2025 11:06:15 PM io.gapi.emulators.netty.NotFoundHandler handleRequest
INFO: Unknown request URI: /message?device=sdk_gphone64_x86_64%20-%2016%20-%20API%2036&app=com.anonymous.ecofit&clientid=DevLauncherBridgelessDevSupportManager
Nov 04, 2025 11:06:17 PM io.gapi.emulators.netty.NotFoundHandler handleRequest
INFO: Unknown request URI: /message?device=sdk_gphone64_x86_64%20-%2016%20-%20API%2036&app=com.anonymous.ecofit&clientid=DevLauncherBridgelessDevSupportManager
Nov 04, 2025 11:06:19 PM io.gapi.emulators.netty.NotFoundHandler handleRequest
INFO: Unknown request URI: /message?device=sdk_gphone64_x86_64%20-%2016%20-%20API%2036&app=com.anonymous.ecofit&clientid=DevLauncherBridgelessDevSupportManager
Nov 04, 2025 11:06:21 PM io.gapi.emulators.netty.NotFoundHandler handleRequest
INFO: Unknown request URI: /message?device=sdk_gphone64_x86_64%20-%2016%20-%20API%2036&app=com.anonymous.ecofit&clientid=DevLauncherBridgelessDevSupportManager
Nov 04, 2025 11:06:23 PM io.gapi.emulators.netty.NotFoundHandler handleRequest
INFO: Unknown request URI: /message?device=sdk_gphone64_x86_64%20-%2016%20-%20API%2036&app=com.anonymous.ecofit&clientid=DevLauncherBridgelessDevSupportManager
Nov 04, 2025 11:06:25 PM io.gapi.emulators.netty.NotFoundHandler handleRequest
INFO: Unknown request URI: /message?device=sdk_gphone64_x86_64%20-%2016%20-%20API%2036&app=com.anonymous.ecofit&clientid=DevLauncherBridgelessDevSupportManager
Nov 04, 2025 11:06:27 PM io.gapi.emulators.netty.NotFoundHandler handleRequest
INFO: Unknown request URI: /message?device=sdk_gphone64_x86_64%20-%2016%20-%20API%2036&app=com.anonymous.ecofit&clientid=DevLauncherBridgelessDevSupportManager
Nov 04, 2025 11:06:29 PM io.gapi.emulators.netty.NotFoundHandler handleRequest
INFO: Unknown request URI: /message?device=sdk_gphone64_x86_64%20-%2016%20-%20API%2036&app=com.anonymous.ecofit&clientid=DevLauncherBridgelessDevSupportManager
Nov 04, 2025 11:06:31 PM io.gapi.emulators.netty.NotFoundHandler handleRequest
INFO: Unknown request URI: /message?device=sdk_gphone64_x86_64%20-%2016%20-%20API%2036&app=com.anonymous.ecofit&clientid=DevLauncherBridgelessDevSupportManager
Nov 04, 2025 11:06:33 PM io.gapi.emulators.netty.NotFoundHandler handleRequest
INFO: Unknown request URI: /message?device=sdk_gphone64_x86_64%20-%2016%20-%20API%2036&app=com.anonymous.ecofit&clientid=DevLauncherBridgelessDevSupportManager
Nov 04, 2025 11:06:35 PM io.gapi.emulators.netty.NotFoundHandler handleRequest
INFO: Unknown request URI: /message?device=sdk_gphone64_x86_64%20-%2016%20-%20API%2036&app=com.anonymous.ecofit&clientid=DevLauncherBridgelessDevSupportManager
Nov 04, 2025 11:06:37 PM io.gapi.emulators.netty.NotFoundHandler handleRequest
INFO: Unknown request URI: /message?device=sdk_gphone64_x86_64%20-%2016%20-%20API%2036&app=com.anonymous.ecofit&clientid=DevLauncherBridgelessDevSupportManager
Nov 04, 2025 11:06:39 PM io.gapi.emulators.netty.NotFoundHandler handleRequest
INFO: Unknown request URI: /message?device=sdk_gphone64_x86_64%20-%2016%20-%20API%2036&app=com.anonymous.ecofit&clientid=DevLauncherBridgelessDevSupportManager
Nov 04, 2025 11:06:41 PM io.gapi.emulators.netty.NotFoundHandler handleRequest
INFO: Unknown request URI: /message?device=sdk_gphone64_x86_64%20-%2016%20-%20API%2036&app=com.anonymous.ecofit&clientid=DevLauncherBridgelessDevSupportManager
Nov 04, 2025 11:06:43 PM io.gapi.emulators.netty.NotFoundHandler handleRequest
INFO: Unknown request URI: /message?device=sdk_gphone64_x86_64%20-%2016%20-%20API%2036&app=com.anonymous.ecofit&clientid=DevLauncherBridgelessDevSupportManager
Nov 04, 2025 11:06:45 PM io.gapi.emulators.netty.NotFoundHandler handleRequest
INFO: Unknown request URI: /message?device=sdk_gphone64_x86_64%20-%2016%20-%20API%2036&app=com.anonymous.ecofit&clientid=DevLauncherBridgelessDevSupportManager
Nov 04, 2025 11:06:47 PM io.gapi.emulators.netty.NotFoundHandler handleRequest
INFO: Unknown request URI: /message?device=sdk_gphone64_x86_64%20-%2016%20-%20API%2036&app=com.anonymous.ecofit&clientid=DevLauncherBridgelessDevSupportManager
Nov 04, 2025 11:06:49 PM io.gapi.emulators.netty.NotFoundHandler handleRequest
INFO: Unknown request URI: /message?device=sdk_gphone64_x86_64%20-%2016%20-%20API%2036&app=com.anonymous.ecofit&clientid=DevLauncherBridgelessDevSupportManager
Nov 04, 2025 11:06:51 PM io.gapi.emulators.netty.NotFoundHandler handleRequest
INFO: Unknown request URI: /message?device=sdk_gphone64_x86_64%20-%2016%20-%20API%2036&app=com.anonymous.ecofit&clientid=DevLauncherBridgelessDevSupportManager
Nov 04, 2025 11:06:53 PM io.gapi.emulators.netty.NotFoundHandler handleRequest
INFO: Unknown request URI: /message?device=sdk_gphone64_x86_64%20-%2016%20-%20API%2036&app=com.anonymous.ecofit&clientid=DevLauncherBridgelessDevSupportManager
Nov 04, 2025 11:06:55 PM io.gapi.emulators.netty.NotFoundHandler handleRequest
INFO: Unknown request URI: /message?device=sdk_gphone64_x86_64%20-%2016%20-%20API%2036&app=com.anonymous.ecofit&clientid=DevLauncherBridgelessDevSupportManager
Nov 04, 2025 11:06:57 PM io.gapi.emulators.netty.NotFoundHandler handleRequest
INFO: Unknown request URI: /message?device=sdk_gphone64_x86_64%20-%2016%20-%20API%2036&app=com.anonymous.ecofit&clientid=DevLauncherBridgelessDevSupportManager
Nov 04, 2025 11:06:59 PM io.gapi.emulators.netty.NotFoundHandler handleRequest
INFO: Unknown request URI: /message?device=sdk_gphone64_x86_64%20-%2016%20-%20API%2036&app=com.anonymous.ecofit&clientid=DevLauncherBridgelessDevSupportManager
Nov 04, 2025 11:07:01 PM io.gapi.emulators.netty.NotFoundHandler handleRequest
INFO: Unknown request URI: /message?device=sdk_gphone64_x86_64%20-%2016%20-%20API%2036&app=com.anonymous.ecofit&clientid=DevLauncherBridgelessDevSupportManager
Nov 04, 2025 11:07:03 PM io.gapi.emulators.netty.NotFoundHandler handleRequest
INFO: Unknown request URI: /message?device=sdk_gphone64_x86_64%20-%2016%20-%20API%2036&app=com.anonymous.ecofit&clientid=DevLauncherBridgelessDevSupportManager
Nov 04, 2025 11:07:05 PM io.gapi.emulators.netty.NotFoundHandler handleRequest
INFO: Unknown request URI: /message?device=sdk_gphone64_x86_64%20-%2016%20-%20API%2036&app=com.anonymous.ecofit&clientid=DevLauncherBridgelessDevSupportManager
Nov 04, 2025 11:07:07 PM io.gapi.emulators.netty.NotFoundHandler handleRequest
INFO: Unknown request URI: /message?device=sdk_gphone64_x86_64%20-%2016%20-%20API%2036&app=com.anonymous.ecofit&clientid=DevLauncherBridgelessDevSupportManager
Nov 04, 2025 11:07:09 PM io.gapi.emulators.netty.NotFoundHandler handleRequest
INFO: Unknown request URI: /message?device=sdk_gphone64_x86_64%20-%2016%20-%20API%2036&app=com.anonymous.ecofit&clientid=DevLauncherBridgelessDevSupportManager
Nov 04, 2025 11:07:11 PM io.gapi.emulators.netty.NotFoundHandler handleRequest
INFO: Unknown request URI: /message?device=sdk_gphone64_x86_64%20-%2016%20-%20API%2036&app=com.anonymous.ecofit&clientid=DevLauncherBridgelessDevSupportManager
Nov 04, 2025 11:07:13 PM io.gapi.emulators.netty.NotFoundHandler handleRequest
INFO: Unknown request URI: /message?device=sdk_gphone64_x86_64%20-%2016%20-%20API%2036&app=com.anonymous.ecofit&clientid=DevLauncherBridgelessDevSupportManager
Nov 04, 2025 11:07:15 PM io.gapi.emulators.netty.NotFoundHandler handleRequest
INFO: Unknown request URI: /message?device=sdk_gphone64_x86_64%20-%2016%20-%20API%2036&app=com.anonymous.ecofit&clientid=DevLauncherBridgelessDevSupportManager
Nov 04, 2025 11:07:17 PM io.gapi.emulators.netty.NotFoundHandler handleRequest
INFO: Unknown request URI: /message?device=sdk_gphone64_x86_64%20-%2016%20-%20API%2036&app=com.anonymous.ecofit&clientid=DevLauncherBridgelessDevSupportManager
Nov 04, 2025 11:07:19 PM io.gapi.emulators.netty.NotFoundHandler handleRequest
INFO: Unknown request URI: /message?device=sdk_gphone64_x86_64%20-%2016%20-%20API%2036&app=com.anonymous.ecofit&clientid=DevLauncherBridgelessDevSupportManager
Nov 04, 2025 11:07:21 PM io.gapi.emulators.netty.NotFoundHandler handleRequest
INFO: Unknown request URI: /message?device=sdk_gphone64_x86_64%20-%2016%20-%20API%2036&app=com.anonymous.ecofit&clientid=DevLauncherBridgelessDevSupportManager
Nov 04, 2025 11:07:23 PM io.gapi.emulators.netty.NotFoundHandler handleRequest
INFO: Unknown request URI: /message?device=sdk_gphone64_x86_64%20-%2016%20-%20API%2036&app=com.anonymous.ecofit&clientid=DevLauncherBridgelessDevSupportManager
Nov 04, 2025 11:07:25 PM io.gapi.emulators.netty.NotFoundHandler handleRequest
INFO: Unknown request URI: /message?device=sdk_gphone64_x86_64%20-%2016%20-%20API%2036&app=com.anonymous.ecofit&clientid=DevLauncherBridgelessDevSupportManager
Nov 04, 2025 11:07:27 PM io.gapi.emulators.netty.NotFoundHandler handleRequest
INFO: Unknown request URI: /message?device=sdk_gphone64_x86_64%20-%2016%20-%20API%2036&app=com.anonymous.ecofit&clientid=DevLauncherBridgelessDevSupportManager
Nov 04, 2025 11:07:29 PM io.gapi.emulators.netty.NotFoundHandler handleRequest
INFO: Unknown request URI: /message?device=sdk_gphone64_x86_64%20-%2016%20-%20API%2036&app=com.anonymous.ecofit&clientid=DevLauncherBridgelessDevSupportManager
Nov 04, 2025 11:07:31 PM io.gapi.emulators.netty.NotFoundHandler handleRequest
INFO: Unknown request URI: /message?device=sdk_gphone64_x86_64%20-%2016%20-%20API%2036&app=com.anonymous.ecofit&clientid=DevLauncherBridgelessDevSupportManager
Nov 04, 2025 11:07:33 PM io.gapi.emulators.netty.NotFoundHandler handleRequest
INFO: Unknown request URI: /message?device=sdk_gphone64_x86_64%20-%2016%20-%20API%2036&app=com.anonymous.ecofit&clientid=DevLauncherBridgelessDevSupportManager
Nov 04, 2025 11:07:35 PM io.gapi.emulators.netty.NotFoundHandler handleRequest
INFO: Unknown request URI: /message?device=sdk_gphone64_x86_64%20-%2016%20-%20API%2036&app=com.anonymous.ecofit&clientid=DevLauncherBridgelessDevSupportManager
Nov 04, 2025 11:07:37 PM io.gapi.emulators.netty.NotFoundHandler handleRequest
INFO: Unknown request URI: /message?device=sdk_gphone64_x86_64%20-%2016%20-%20API%2036&app=com.anonymous.ecofit&clientid=DevLauncherBridgelessDevSupportManager
Nov 04, 2025 11:07:39 PM io.gapi.emulators.netty.NotFoundHandler handleRequest
INFO: Unknown request URI: /message?device=sdk_gphone64_x86_64%20-%2016%20-%20API%2036&app=com.anonymous.ecofit&clientid=DevLauncherBridgelessDevSupportManager
Nov 04, 2025 11:07:41 PM io.gapi.emulators.netty.NotFoundHandler handleRequest
INFO: Unknown request URI: /message?device=sdk_gphone64_x86_64%20-%2016%20-%20API%2036&app=com.anonymous.ecofit&clientid=DevLauncherBridgelessDevSupportManager
Nov 04, 2025 11:07:43 PM io.gapi.emulators.netty.NotFoundHandler handleRequest
INFO: Unknown request URI: /message?device=sdk_gphone64_x86_64%20-%2016%20-%20API%2036&app=com.anonymous.ecofit&clientid=DevLauncherBridgelessDevSupportManager
Nov 04, 2025 11:07:45 PM io.gapi.emulators.netty.NotFoundHandler handleRequest
INFO: Unknown request URI: /message?device=sdk_gphone64_x86_64%20-%2016%20-%20API%2036&app=com.anonymous.ecofit&clientid=DevLauncherBridgelessDevSupportManager
Nov 04, 2025 11:07:47 PM io.gapi.emulators.netty.NotFoundHandler handleRequest
INFO: Unknown request URI: /message?device=sdk_gphone64_x86_64%20-%2016%20-%20API%2036&app=com.anonymous.ecofit&clientid=DevLauncherBridgelessDevSupportManager
Nov 04, 2025 11:07:49 PM io.gapi.emulators.netty.NotFoundHandler handleRequest
INFO: Unknown request URI: /message?device=sdk_gphone64_x86_64%20-%2016%20-%20API%2036&app=com.anonymous.ecofit&clientid=DevLauncherBridgelessDevSupportManager
Nov 04, 2025 11:07:51 PM io.gapi.emulators.netty.NotFoundHandler handleRequest
INFO: Unknown request URI: /message?device=sdk_gphone64_x86_64%20-%2016%20-%20API%2036&app=com.anonymous.ecofit&clientid=DevLauncherBridgelessDevSupportManager
Nov 04, 2025 11:07:53 PM io.gapi.emulators.netty.NotFoundHandler handleRequest
INFO: Unknown request URI: /message?device=sdk_gphone64_x86_64%20-%2016%20-%20API%2036&app=com.anonymous.ecofit&clientid=DevLauncherBridgelessDevSupportManager
Nov 04, 2025 11:07:55 PM io.gapi.emulators.netty.NotFoundHandler handleRequest
INFO: Unknown request URI: /message?device=sdk_gphone64_x86_64%20-%2016%20-%20API%2036&app=com.anonymous.ecofit&clientid=DevLauncherBridgelessDevSupportManager
Nov 04, 2025 11:07:57 PM io.gapi.emulators.netty.NotFoundHandler handleRequest
INFO: Unknown request URI: /message?device=sdk_gphone64_x86_64%20-%2016%20-%20API%2036&app=com.anonymous.ecofit&clientid=DevLauncherBridgelessDevSupportManager
Nov 04, 2025 11:07:59 PM io.gapi.emulators.netty.NotFoundHandler handleRequest
INFO: Unknown request URI: /message?device=sdk_gphone64_x86_64%20-%2016%20-%20API%2036&app=com.anonymous.ecofit&clientid=DevLauncherBridgelessDevSupportManager
Nov 04, 2025 11:08:01 PM io.gapi.emulators.netty.NotFoundHandler handleRequest
INFO: Unknown request URI: /message?device=sdk_gphone64_x86_64%20-%2016%20-%20API%2036&app=com.anonymous.ecofit&clientid=DevLauncherBridgelessDevSupportManager
Nov 04, 2025 11:08:03 PM io.gapi.emulators.netty.NotFoundHandler handleRequest
INFO: Unknown request URI: /message?device=sdk_gphone64_x86_64%20-%2016%20-%20API%2036&app=com.anonymous.ecofit&clientid=DevLauncherBridgelessDevSupportManager
Nov 04, 2025 11:08:05 PM io.gapi.emulators.netty.NotFoundHandler handleRequest
INFO: Unknown request URI: /message?device=sdk_gphone64_x86_64%20-%2016%20-%20API%2036&app=com.anonymous.ecofit&clientid=DevLauncherBridgelessDevSupportManager
Nov 04, 2025 11:08:07 PM io.gapi.emulators.netty.NotFoundHandler handleRequest
INFO: Unknown request URI: /message?device=sdk_gphone64_x86_64%20-%2016%20-%20API%2036&app=com.anonymous.ecofit&clientid=DevLauncherBridgelessDevSupportManager
Nov 04, 2025 11:08:09 PM io.gapi.emulators.netty.NotFoundHandler handleRequest
INFO: Unknown request URI: /message?device=sdk_gphone64_x86_64%20-%2016%20-%20API%2036&app=com.anonymous.ecofit&clientid=DevLauncherBridgelessDevSupportManager
Nov 04, 2025 11:08:11 PM io.gapi.emulators.netty.NotFoundHandler handleRequest
INFO: Unknown request URI: /message?device=sdk_gphone64_x86_64%20-%2016%20-%20API%2036&app=com.anonymous.ecofit&clientid=DevLauncherBridgelessDevSupportManager
Nov 04, 2025 11:08:13 PM io.gapi.emulators.netty.NotFoundHandler handleRequest
INFO: Unknown request URI: /message?device=sdk_gphone64_x86_64%20-%2016%20-%20API%2036&app=com.anonymous.ecofit&clientid=DevLauncherBridgelessDevSupportManager
Nov 04, 2025 11:08:15 PM io.gapi.emulators.netty.NotFoundHandler handleRequest
INFO: Unknown request URI: /message?device=sdk_gphone64_x86_64%20-%2016%20-%20API%2036&app=com.anonymous.ecofit&clientid=DevLauncherBridgelessDevSupportManager
Nov 04, 2025 11:08:17 PM io.gapi.emulators.netty.NotFoundHandler handleRequest
INFO: Unknown request URI: /message?device=sdk_gphone64_x86_64%20-%2016%20-%20API%2036&app=com.anonymous.ecofit&clientid=DevLauncherBridgelessDevSupportManager
Nov 04, 2025 11:08:19 PM io.gapi.emulators.netty.NotFoundHandler handleRequest
INFO: Unknown request URI: /message?device=sdk_gphone64_x86_64%20-%2016%20-%20API%2036&app=com.anonymous.ecofit&clientid=DevLauncherBridgelessDevSupportManager
Nov 04, 2025 11:08:21 PM io.gapi.emulators.netty.NotFoundHandler handleRequest
INFO: Unknown request URI: /message?device=sdk_gphone64_x86_64%20-%2016%20-%20API%2036&app=com.anonymous.ecofit&clientid=DevLauncherBridgelessDevSupportManager
Nov 04, 2025 11:08:23 PM io.gapi.emulators.netty.NotFoundHandler handleRequest
INFO: Unknown request URI: /message?device=sdk_gphone64_x86_64%20-%2016%20-%20API%2036&app=com.anonymous.ecofit&clientid=DevLauncherBridgelessDevSupportManager
Nov 04, 2025 11:08:25 PM io.gapi.emulators.netty.NotFoundHandler handleRequest
INFO: Unknown request URI: /message?device=sdk_gphone64_x86_64%20-%2016%20-%20API%2036&app=com.anonymous.ecofit&clientid=DevLauncherBridgelessDevSupportManager
Nov 04, 2025 11:08:27 PM io.gapi.emulators.netty.NotFoundHandler handleRequest
INFO: Unknown request URI: /message?device=sdk_gphone64_x86_64%20-%2016%20-%20API%2036&app=com.anonymous.ecofit&clientid=DevLauncherBridgelessDevSupportManager
Nov 04, 2025 11:08:29 PM io.gapi.emulators.netty.NotFoundHandler handleRequest
INFO: Unknown request URI: /message?device=sdk_gphone64_x86_64%20-%2016%20-%20API%2036&app=com.anonymous.ecofit&clientid=DevLauncherBridgelessDevSupportManager
Nov 04, 2025 11:08:31 PM io.gapi.emulators.netty.NotFoundHandler handleRequest
INFO: Unknown request URI: /message?device=sdk_gphone64_x86_64%20-%2016%20-%20API%2036&app=com.anonymous.ecofit&clientid=DevLauncherBridgelessDevSupportManager
Nov 04, 2025 11:08:33 PM io.gapi.emulators.netty.NotFoundHandler handleRequest
INFO: Unknown request URI: /message?device=sdk_gphone64_x86_64%20-%2016%20-%20API%2036&app=com.anonymous.ecofit&clientid=DevLauncherBridgelessDevSupportManager
Nov 04, 2025 11:08:35 PM io.gapi.emulators.netty.NotFoundHandler handleRequest
INFO: Unknown request URI: /message?device=sdk_gphone64_x86_64%20-%2016%20-%20API%2036&app=com.anonymous.ecofit&clientid=DevLauncherBridgelessDevSupportManager
Nov 04, 2025 11:08:37 PM io.gapi.emulators.netty.NotFoundHandler handleRequest
INFO: Unknown request URI: /message?device=sdk_gphone64_x86_64%20-%2016%20-%20API%2036&app=com.anonymous.ecofit&clientid=DevLauncherBridgelessDevSupportManager
Nov 04, 2025 11:08:39 PM io.gapi.emulators.netty.NotFoundHandler handleRequest
INFO: Unknown request URI: /message?device=sdk_gphone64_x86_64%20-%2016%20-%20API%2036&app=com.anonymous.ecofit&clientid=DevLauncherBridgelessDevSupportManager
Nov 04, 2025 11:08:41 PM io.gapi.emulators.netty.NotFoundHandler handleRequest
INFO: Unknown request URI: /message?device=sdk_gphone64_x86_64%20-%2016%20-%20API%2036&app=com.anonymous.ecofit&clientid=DevLauncherBridgelessDevSupportManager
Nov 04, 2025 11:08:43 PM io.gapi.emulators.netty.NotFoundHandler handleRequest
INFO: Unknown request URI: /message?device=sdk_gphone64_x86_64%20-%2016%20-%20API%2036&app=com.anonymous.ecofit&clientid=DevLauncherBridgelessDevSupportManager
Nov 04, 2025 11:08:45 PM io.gapi.emulators.netty.NotFoundHandler handleRequest
INFO: Unknown request URI: /message?device=sdk_gphone64_x86_64%20-%2016%20-%20API%2036&app=com.anonymous.ecofit&clientid=DevLauncherBridgelessDevSupportManager
Nov 04, 2025 11:08:47 PM io.gapi.emulators.netty.NotFoundHandler handleRequest
INFO: Unknown request URI: /message?device=sdk_gphone64_x86_64%20-%2016%20-%20API%2036&app=com.anonymous.ecofit&clientid=DevLauncherBridgelessDevSupportManager
Nov 04, 2025 11:08:49 PM io.gapi.emulators.netty.NotFoundHandler handleRequest
INFO: Unknown request URI: /message?device=sdk_gphone64_x86_64%20-%2016%20-%20API%2036&app=com.anonymous.ecofit&clientid=DevLauncherBridgelessDevSupportManager
Nov 04, 2025 11:08:51 PM io.gapi.emulators.netty.NotFoundHandler handleRequest
INFO: Unknown request URI: /message?device=sdk_gphone64_x86_64%20-%2016%20-%20API%2036&app=com.anonymous.ecofit&clientid=DevLauncherBridgelessDevSupportManager
Nov 04, 2025 11:08:53 PM io.gapi.emulators.netty.NotFoundHandler handleRequest
INFO: Unknown request URI: /message?device=sdk_gphone64_x86_64%20-%2016%20-%20API%2036&app=com.anonymous.ecofit&clientid=DevLauncherBridgelessDevSupportManager
Nov 04, 2025 11:08:55 PM io.gapi.emulators.netty.NotFoundHandler handleRequest
INFO: Unknown request URI: /message?device=sdk_gphone64_x86_64%20-%2016%20-%20API%2036&app=com.anonymous.ecofit&clientid=DevLauncherBridgelessDevSupportManager
Nov 04, 2025 11:08:57 PM io.gapi.emulators.netty.NotFoundHandler handleRequest
INFO: Unknown request URI: /message?device=sdk_gphone64_x86_64%20-%2016%20-%20API%2036&app=com.anonymous.ecofit&clientid=DevLauncherBridgelessDevSupportManager
Nov 04, 2025 11:08:59 PM io.gapi.emulators.netty.NotFoundHandler handleRequest
INFO: Unknown request URI: /message?device=sdk_gphone64_x86_64%20-%2016%20-%20API%2036&app=com.anonymous.ecofit&clientid=DevLauncherBridgelessDevSupportManager
Nov 04, 2025 11:09:01 PM io.gapi.emulators.netty.NotFoundHandler handleRequest
INFO: Unknown request URI: /message?device=sdk_gphone64_x86_64%20-%2016%20-%20API%2036&app=com.anonymous.ecofit&clientid=DevLauncherBridgelessDevSupportManager
Nov 04, 2025 11:09:03 PM io.gapi.emulators.netty.NotFoundHandler handleRequest
INFO: Unknown request URI: /message?device=sdk_gphone64_x86_64%20-%2016%20-%20API%2036&app=com.anonymous.ecofit&clientid=DevLauncherBridgelessDevSupportManager
Nov 04, 2025 11:09:05 PM io.gapi.emulators.netty.NotFoundHandler handleRequest
INFO: Unknown request URI: /message?device=sdk_gphone64_x86_64%20-%2016%20-%20API%2036&app=com.anonymous.ecofit&clientid=DevLauncherBridgelessDevSupportManager
Nov 04, 2025 11:09:07 PM io.gapi.emulators.netty.NotFoundHandler handleRequest
INFO: Unknown request URI: /message?device=sdk_gphone64_x86_64%20-%2016%20-%20API%2036&app=com.anonymous.ecofit&clientid=DevLauncherBridgelessDevSupportManager
Nov 04, 2025 11:09:09 PM io.gapi.emulators.netty.NotFoundHandler handleRequest
INFO: Unknown request URI: /message?device=sdk_gphone64_x86_64%20-%2016%20-%20API%2036&app=com.anonymous.ecofit&clientid=DevLauncherBridgelessDevSupportManager
Nov 04, 2025 11:09:11 PM io.gapi.emulators.netty.NotFoundHandler handleRequest
INFO: Unknown request URI: /message?device=sdk_gphone64_x86_64%20-%2016%20-%20API%2036&app=com.anonymous.ecofit&clientid=DevLauncherBridgelessDevSupportManager
Nov 04, 2025 11:09:13 PM io.gapi.emulators.netty.NotFoundHandler handleRequest
INFO: Unknown request URI: /message?device=sdk_gphone64_x86_64%20-%2016%20-%20API%2036&app=com.anonymous.ecofit&clientid=DevLauncherBridgelessDevSupportManager
Nov 04, 2025 11:09:15 PM io.gapi.emulators.netty.NotFoundHandler handleRequest
INFO: Unknown request URI: /message?device=sdk_gphone64_x86_64%20-%2016%20-%20API%2036&app=com.anonymous.ecofit&clientid=DevLauncherBridgelessDevSupportManager
Nov 04, 2025 11:09:17 PM io.gapi.emulators.netty.NotFoundHandler handleRequest
INFO: Unknown request URI: /message?device=sdk_gphone64_x86_64%20-%2016%20-%20API%2036&app=com.anonymous.ecofit&clientid=DevLauncherBridgelessDevSupportManager
Nov 04, 2025 11:09:19 PM io.gapi.emulators.netty.NotFoundHandler handleRequest
INFO: Unknown request URI: /message?device=sdk_gphone64_x86_64%20-%2016%20-%20API%2036&app=com.anonymous.ecofit&clientid=DevLauncherBridgelessDevSupportManager
Nov 04, 2025 11:09:21 PM io.gapi.emulators.netty.NotFoundHandler handleRequest
INFO: Unknown request URI: /message?device=sdk_gphone64_x86_64%20-%2016%20-%20API%2036&app=com.anonymous.ecofit&clientid=DevLauncherBridgelessDevSupportManager
Nov 04, 2025 11:09:23 PM io.gapi.emulators.netty.NotFoundHandler handleRequest
INFO: Unknown request URI: /message?device=sdk_gphone64_x86_64%20-%2016%20-%20API%2036&app=com.anonymous.ecofit&clientid=DevLauncherBridgelessDevSupportManager
Nov 04, 2025 11:09:25 PM io.gapi.emulators.netty.NotFoundHandler handleRequest
INFO: Unknown request URI: /message?device=sdk_gphone64_x86_64%20-%2016%20-%20API%2036&app=com.anonymous.ecofit&clientid=DevLauncherBridgelessDevSupportManager
Nov 04, 2025 11:09:27 PM io.gapi.emulators.netty.NotFoundHandler handleRequest
INFO: Unknown request URI: /message?device=sdk_gphone64_x86_64%20-%2016%20-%20API%2036&app=com.anonymous.ecofit&clientid=DevLauncherBridgelessDevSupportManager
Nov 04, 2025 11:09:29 PM io.gapi.emulators.netty.NotFoundHandler handleRequest
INFO: Unknown request URI: /message?device=sdk_gphone64_x86_64%20-%2016%20-%20API%2036&app=com.anonymous.ecofit&clientid=DevLauncherBridgelessDevSupportManager
Nov 04, 2025 11:09:31 PM io.gapi.emulators.netty.NotFoundHandler handleRequest
INFO: Unknown request URI: /message?device=sdk_gphone64_x86_64%20-%2016%20-%20API%2036&app=com.anonymous.ecofit&clientid=DevLauncherBridgelessDevSupportManager
Nov 04, 2025 11:09:33 PM io.gapi.emulators.netty.NotFoundHandler handleRequest
INFO: Unknown request URI: /message?device=sdk_gphone64_x86_64%20-%2016%20-%20API%2036&app=com.anonymous.ecofit&clientid=DevLauncherBridgelessDevSupportManager
Nov 04, 2025 11:09:35 PM io.gapi.emulators.netty.NotFoundHandler handleRequest
INFO: Unknown request URI: /message?device=sdk_gphone64_x86_64%20-%2016%20-%20API%2036&app=com.anonymous.ecofit&clientid=DevLauncherBridgelessDevSupportManager
Nov 04, 2025 11:09:37 PM io.gapi.emulators.netty.NotFoundHandler handleRequest
INFO: Unknown request URI: /message?device=sdk_gphone64_x86_64%20-%2016%20-%20API%2036&app=com.anonymous.ecofit&clientid=DevLauncherBridgelessDevSupportManager
Nov 04, 2025 11:09:39 PM io.gapi.emulators.netty.NotFoundHandler handleRequest
INFO: Unknown request URI: /message?device=sdk_gphone64_x86_64%20-%2016%20-%20API%2036&app=com.anonymous.ecofit&clientid=DevLauncherBridgelessDevSupportManager
Nov 04, 2025 11:09:41 PM io.gapi.emulators.netty.NotFoundHandler handleRequest
INFO: Unknown request URI: /message?device=sdk_gphone64_x86_64%20-%2016%20-%20API%2036&app=com.anonymous.ecofit&clientid=DevLauncherBridgelessDevSupportManager
Nov 04, 2025 11:09:43 PM io.gapi.emulators.netty.NotFoundHandler handleRequest
INFO: Unknown request URI: /message?device=sdk_gphone64_x86_64%20-%2016%20-%20API%2036&app=com.anonymous.ecofit&clientid=DevLauncherBridgelessDevSupportManager
Nov 04, 2025 11:09:45 PM io.gapi.emulators.netty.NotFoundHandler handleRequest
INFO: Unknown request URI: /message?device=sdk_gphone64_x86_64%20-%2016%20-%20API%2036&app=com.anonymous.ecofit&clientid=DevLauncherBridgelessDevSupportManager
Nov 04, 2025 11:09:47 PM io.gapi.emulators.netty.NotFoundHandler handleRequest
INFO: Unknown request URI: /message?device=sdk_gphone64_x86_64%20-%2016%20-%20API%2036&app=com.anonymous.ecofit&clientid=DevLauncherBridgelessDevSupportManager
Nov 04, 2025 11:09:49 PM io.gapi.emulators.netty.NotFoundHandler handleRequest
INFO: Unknown request URI: /message?device=sdk_gphone64_x86_64%20-%2016%20-%20API%2036&app=com.anonymous.ecofit&clientid=DevLauncherBridgelessDevSupportManager
Nov 04, 2025 11:09:51 PM io.gapi.emulators.netty.NotFoundHandler handleRequest
INFO: Unknown request URI: /message?device=sdk_gphone64_x86_64%20-%2016%20-%20API%2036&app=com.anonymous.ecofit&clientid=DevLauncherBridgelessDevSupportManager
Nov 04, 2025 11:09:53 PM io.gapi.emulators.netty.NotFoundHandler handleRequest
INFO: Unknown request URI: /message?device=sdk_gphone64_x86_64%20-%2016%20-%20API%2036&app=com.anonymous.ecofit&clientid=DevLauncherBridgelessDevSupportManager
Nov 04, 2025 11:09:55 PM io.gapi.emulators.netty.NotFoundHandler handleRequest
INFO: Unknown request URI: /message?device=sdk_gphone64_x86_64%20-%2016%20-%20API%2036&app=com.anonymous.ecofit&clientid=DevLauncherBridgelessDevSupportManager
Nov 04, 2025 11:09:57 PM io.gapi.emulators.netty.NotFoundHandler handleRequest
INFO: Unknown request URI: /message?device=sdk_gphone64_x86_64%20-%2016%20-%20API%2036&app=com.anonymous.ecofit&clientid=DevLauncherBridgelessDevSupportManager
Nov 04, 2025 11:09:59 PM io.gapi.emulators.netty.NotFoundHandler handleRequest
INFO: Unknown request URI: /message?device=sdk_gphone64_x86_64%20-%2016%20-%20API%2036&app=com.anonymous.ecofit&clientid=DevLauncherBridgelessDevSupportManager
Nov 04, 2025 11:10:01 PM io.gapi.emulators.netty.NotFoundHandler handleRequest
INFO: Unknown request URI: /message?device=sdk_gphone64_x86_64%20-%2016%20-%20API%2036&app=com.anonymous.ecofit&clientid=DevLauncherBridgelessDevSupportManager
Nov 04, 2025 11:10:03 PM io.gapi.emulators.netty.NotFoundHandler handleRequest
INFO: Unknown request URI: /message?device=sdk_gphone64_x86_64%20-%2016%20-%20API%2036&app=com.anonymous.ecofit&clientid=DevLauncherBridgelessDevSupportManager
Nov 04, 2025 11:10:03 PM com.google.cloud.datastore.emulator.firestore.websocket.WebSocketChannelHandler initChannel
INFO: Connected to new websocket client
Nov 04, 2025 11:10:05 PM io.gapi.emulators.netty.NotFoundHandler handleRequest
INFO: Unknown request URI: /message?device=sdk_gphone64_x86_64%20-%2016%20-%20API%2036&app=com.anonymous.ecofit&clientid=DevLauncherBridgelessDevSupportManager
Nov 04, 2025 11:10:07 PM io.gapi.emulators.netty.NotFoundHandler handleRequest
INFO: Unknown request URI: /message?device=sdk_gphone64_x86_64%20-%2016%20-%20API%2036&app=com.anonymous.ecofit&clientid=DevLauncherBridgelessDevSupportManager
Nov 04, 2025 11:10:08 PM io.gapi.emulators.netty.HttpVersionRoutingHandler channelRead
INFO: Detected non-HTTP/2 connection.
Nov 04, 2025 11:10:08 PM io.gapi.emulators.netty.HttpVersionRoutingHandler channelRead
INFO: Detected HTTP/2 connection.
Nov 04, 2025 11:10:09 PM io.gapi.emulators.netty.NotFoundHandler handleRequest
INFO: Unknown request URI: /message?device=sdk_gphone64_x86_64%20-%2016%20-%20API%2036&app=com.anonymous.ecofit&clientid=DevLauncherBridgelessDevSupportManager
Nov 04, 2025 11:10:11 PM io.gapi.emulators.netty.NotFoundHandler handleRequest
INFO: Unknown request URI: /message?device=sdk_gphone64_x86_64%20-%2016%20-%20API%2036&app=com.anonymous.ecofit&clientid=DevLauncherBridgelessDevSupportManager
Nov 04, 2025 11:10:13 PM io.gapi.emulators.netty.NotFoundHandler handleRequest
INFO: Unknown request URI: /message?device=sdk_gphone64_x86_64%20-%2016%20-%20API%2036&app=com.anonymous.ecofit&clientid=DevLauncherBridgelessDevSupportManager
Nov 04, 2025 11:10:15 PM io.gapi.emulators.netty.NotFoundHandler handleRequest
INFO: Unknown request URI: /message?device=sdk_gphone64_x86_64%20-%2016%20-%20API%2036&app=com.anonymous.ecofit&clientid=DevLauncherBridgelessDevSupportManager
Nov 04, 2025 11:10:17 PM io.gapi.emulators.netty.NotFoundHandler handleRequest
INFO: Unknown request URI: /message?device=sdk_gphone64_x86_64%20-%2016%20-%20API%2036&app=com.anonymous.ecofit&clientid=DevLauncherBridgelessDevSupportManager
Nov 04, 2025 11:10:19 PM io.gapi.emulators.netty.NotFoundHandler handleRequest
INFO: Unknown request URI: /message?device=sdk_gphone64_x86_64%20-%2016%20-%20API%2036&app=com.anonymous.ecofit&clientid=DevLauncherBridgelessDevSupportManager
Nov 04, 2025 11:10:21 PM io.gapi.emulators.netty.NotFoundHandler handleRequest
INFO: Unknown request URI: /message?device=sdk_gphone64_x86_64%20-%2016%20-%20API%2036&app=com.anonymous.ecofit&clientid=DevLauncherBridgelessDevSupportManager
Nov 04, 2025 11:10:23 PM io.gapi.emulators.netty.NotFoundHandler handleRequest
INFO: Unknown request URI: /message?device=sdk_gphone64_x86_64%20-%2016%20-%20API%2036&app=com.anonymous.ecofit&clientid=DevLauncherBridgelessDevSupportManager
Nov 04, 2025 11:10:25 PM io.gapi.emulators.netty.NotFoundHandler handleRequest
INFO: Unknown request URI: /message?device=sdk_gphone64_x86_64%20-%2016%20-%20API%2036&app=com.anonymous.ecofit&clientid=DevLauncherBridgelessDevSupportManager
Nov 04, 2025 11:10:27 PM io.gapi.emulators.netty.NotFoundHandler handleRequest
INFO: Unknown request URI: /message?device=sdk_gphone64_x86_64%20-%2016%20-%20API%2036&app=com.anonymous.ecofit&clientid=DevLauncherBridgelessDevSupportManager
Nov 04, 2025 11:10:29 PM io.gapi.emulators.netty.NotFoundHandler handleRequest
INFO: Unknown request URI: /message?device=sdk_gphone64_x86_64%20-%2016%20-%20API%2036&app=com.anonymous.ecofit&clientid=DevLauncherBridgelessDevSupportManager
Nov 04, 2025 11:10:31 PM io.gapi.emulators.netty.NotFoundHandler handleRequest
INFO: Unknown request URI: /message?device=sdk_gphone64_x86_64%20-%2016%20-%20API%2036&app=com.anonymous.ecofit&clientid=DevLauncherBridgelessDevSupportManager
Nov 04, 2025 11:10:33 PM io.gapi.emulators.netty.NotFoundHandler handleRequest
INFO: Unknown request URI: /message?device=sdk_gphone64_x86_64%20-%2016%20-%20API%2036&app=com.anonymous.ecofit&clientid=DevLauncherBridgelessDevSupportManager
Nov 04, 2025 11:10:35 PM io.gapi.emulators.netty.NotFoundHandler handleRequest
INFO: Unknown request URI: /message?device=sdk_gphone64_x86_64%20-%2016%20-%20API%2036&app=com.anonymous.ecofit&clientid=DevLauncherBridgelessDevSupportManager
Nov 04, 2025 11:10:37 PM io.gapi.emulators.netty.NotFoundHandler handleRequest
INFO: Unknown request URI: /message?device=sdk_gphone64_x86_64%20-%2016%20-%20API%2036&app=com.anonymous.ecofit&clientid=DevLauncherBridgelessDevSupportManager
Nov 04, 2025 11:10:39 PM io.gapi.emulators.netty.NotFoundHandler handleRequest
INFO: Unknown request URI: /message?device=sdk_gphone64_x86_64%20-%2016%20-%20API%2036&app=com.anonymous.ecofit&clientid=DevLauncherBridgelessDevSupportManager
Nov 04, 2025 11:10:41 PM io.gapi.emulators.netty.NotFoundHandler handleRequest
INFO: Unknown request URI: /message?device=sdk_gphone64_x86_64%20-%2016%20-%20API%2036&app=com.anonymous.ecofit&clientid=DevLauncherBridgelessDevSupportManager
Nov 04, 2025 11:10:43 PM io.gapi.emulators.netty.NotFoundHandler handleRequest
INFO: Unknown request URI: /message?device=sdk_gphone64_x86_64%20-%2016%20-%20API%2036&app=com.anonymous.ecofit&clientid=DevLauncherBridgelessDevSupportManager
Nov 04, 2025 11:10:45 PM io.gapi.emulators.netty.NotFoundHandler handleRequest
INFO: Unknown request URI: /message?device=sdk_gphone64_x86_64%20-%2016%20-%20API%2036&app=com.anonymous.ecofit&clientid=DevLauncherBridgelessDevSupportManager
Nov 04, 2025 11:10:47 PM io.gapi.emulators.netty.NotFoundHandler handleRequest
INFO: Unknown request URI: /message?device=sdk_gphone64_x86_64%20-%2016%20-%20API%2036&app=com.anonymous.ecofit&clientid=DevLauncherBridgelessDevSupportManager
Nov 04, 2025 11:10:49 PM io.gapi.emulators.netty.NotFoundHandler handleRequest
INFO: Unknown request URI: /message?device=sdk_gphone64_x86_64%20-%2016%20-%20API%2036&app=com.anonymous.ecofit&clientid=DevLauncherBridgelessDevSupportManager
Nov 04, 2025 11:10:51 PM io.gapi.emulators.netty.NotFoundHandler handleRequest
INFO: Unknown request URI: /message?device=sdk_gphone64_x86_64%20-%2016%20-%20API%2036&app=com.anonymous.ecofit&clientid=DevLauncherBridgelessDevSupportManager
Nov 04, 2025 11:10:53 PM io.gapi.emulators.netty.NotFoundHandler handleRequest
INFO: Unknown request URI: /message?device=sdk_gphone64_x86_64%20-%2016%20-%20API%2036&app=com.anonymous.ecofit&clientid=DevLauncherBridgelessDevSupportManager
Nov 04, 2025 11:10:55 PM io.gapi.emulators.netty.NotFoundHandler handleRequest
INFO: Unknown request URI: /message?device=sdk_gphone64_x86_64%20-%2016%20-%20API%2036&app=com.anonymous.ecofit&clientid=DevLauncherBridgelessDevSupportManager
Nov 04, 2025 11:10:57 PM io.gapi.emulators.netty.NotFoundHandler handleRequest
INFO: Unknown request URI: /message?device=sdk_gphone64_x86_64%20-%2016%20-%20API%2036&app=com.anonymous.ecofit&clientid=DevLauncherBridgelessDevSupportManager
Nov 04, 2025 11:10:59 PM io.gapi.emulators.netty.NotFoundHandler handleRequest
INFO: Unknown request URI: /message?device=sdk_gphone64_x86_64%20-%2016%20-%20API%2036&app=com.anonymous.ecofit&clientid=DevLauncherBridgelessDevSupportManager
Nov 04, 2025 11:11:01 PM io.gapi.emulators.netty.NotFoundHandler handleRequest
INFO: Unknown request URI: /message?device=sdk_gphone64_x86_64%20-%2016%20-%20API%2036&app=com.anonymous.ecofit&clientid=DevLauncherBridgelessDevSupportManager
Nov 04, 2025 11:11:03 PM io.gapi.emulators.netty.NotFoundHandler handleRequest
INFO: Unknown request URI: /message?device=sdk_gphone64_x86_64%20-%2016%20-%20API%2036&app=com.anonymous.ecofit&clientid=DevLauncherBridgelessDevSupportManager
Nov 04, 2025 11:11:05 PM io.gapi.emulators.netty.NotFoundHandler handleRequest
INFO: Unknown request URI: /message?device=sdk_gphone64_x86_64%20-%2016%20-%20API%2036&app=com.anonymous.ecofit&clientid=DevLauncherBridgelessDevSupportManager
Nov 04, 2025 11:11:07 PM io.gapi.emulators.netty.NotFoundHandler handleRequest
INFO: Unknown request URI: /message?device=sdk_gphone64_x86_64%20-%2016%20-%20API%2036&app=com.anonymous.ecofit&clientid=DevLauncherBridgelessDevSupportManager
Nov 04, 2025 11:11:10 PM io.gapi.emulators.netty.NotFoundHandler handleRequest
INFO: Unknown request URI: /message?device=sdk_gphone64_x86_64%20-%2016%20-%20API%2036&app=com.anonymous.ecofit&clientid=DevLauncherBridgelessDevSupportManager
Nov 04, 2025 11:11:12 PM io.gapi.emulators.netty.NotFoundHandler handleRequest
INFO: Unknown request URI: /message?device=sdk_gphone64_x86_64%20-%2016%20-%20API%2036&app=com.anonymous.ecofit&clientid=DevLauncherBridgelessDevSupportManager
Nov 04, 2025 11:11:14 PM io.gapi.emulators.netty.NotFoundHandler handleRequest
INFO: Unknown request URI: /message?device=sdk_gphone64_x86_64%20-%2016%20-%20API%2036&app=com.anonymous.ecofit&clientid=DevLauncherBridgelessDevSupportManager
Nov 04, 2025 11:11:16 PM io.gapi.emulators.netty.NotFoundHandler handleRequest
INFO: Unknown request URI: /message?device=sdk_gphone64_x86_64%20-%2016%20-%20API%2036&app=com.anonymous.ecofit&clientid=DevLauncherBridgelessDevSupportManager
Nov 04, 2025 11:11:18 PM io.gapi.emulators.netty.NotFoundHandler handleRequest
INFO: Unknown request URI: /message?device=sdk_gphone64_x86_64%20-%2016%20-%20API%2036&app=com.anonymous.ecofit&clientid=DevLauncherBridgelessDevSupportManager
Nov 04, 2025 11:11:20 PM io.gapi.emulators.netty.NotFoundHandler handleRequest
INFO: Unknown request URI: /message?device=sdk_gphone64_x86_64%20-%2016%20-%20API%2036&app=com.anonymous.ecofit&clientid=DevLauncherBridgelessDevSupportManager
Nov 04, 2025 11:11:22 PM io.gapi.emulators.netty.NotFoundHandler handleRequest
INFO: Unknown request URI: /message?device=sdk_gphone64_x86_64%20-%2016%20-%20API%2036&app=com.anonymous.ecofit&clientid=DevLauncherBridgelessDevSupportManager
Nov 04, 2025 11:11:24 PM io.gapi.emulators.netty.NotFoundHandler handleRequest
INFO: Unknown request URI: /message?device=sdk_gphone64_x86_64%20-%2016%20-%20API%2036&app=com.anonymous.ecofit&clientid=DevLauncherBridgelessDevSupportManager
Nov 04, 2025 11:11:26 PM io.gapi.emulators.netty.NotFoundHandler handleRequest
INFO: Unknown request URI: /message?device=sdk_gphone64_x86_64%20-%2016%20-%20API%2036&app=com.anonymous.ecofit&clientid=DevLauncherBridgelessDevSupportManager
Nov 04, 2025 11:11:28 PM io.gapi.emulators.netty.NotFoundHandler handleRequest
INFO: Unknown request URI: /message?device=sdk_gphone64_x86_64%20-%2016%20-%20API%2036&app=com.anonymous.ecofit&clientid=DevLauncherBridgelessDevSupportManager
Nov 04, 2025 11:11:30 PM io.gapi.emulators.netty.NotFoundHandler handleRequest
INFO: Unknown request URI: /message?device=sdk_gphone64_x86_64%20-%2016%20-%20API%2036&app=com.anonymous.ecofit&clientid=DevLauncherBridgelessDevSupportManager
Nov 04, 2025 11:11:32 PM io.gapi.emulators.netty.NotFoundHandler handleRequest
INFO: Unknown request URI: /message?device=sdk_gphone64_x86_64%20-%2016%20-%20API%2036&app=com.anonymous.ecofit&clientid=DevLauncherBridgelessDevSupportManager
Nov 04, 2025 11:11:34 PM io.gapi.emulators.netty.NotFoundHandler handleRequest
INFO: Unknown request URI: /message?device=sdk_gphone64_x86_64%20-%2016%20-%20API%2036&app=com.anonymous.ecofit&clientid=DevLauncherBridgelessDevSupportManager
Nov 04, 2025 11:11:36 PM io.gapi.emulators.netty.NotFoundHandler handleRequest
INFO: Unknown request URI: /message?device=sdk_gphone64_x86_64%20-%2016%20-%20API%2036&app=com.anonymous.ecofit&clientid=DevLauncherBridgelessDevSupportManager
Nov 04, 2025 11:11:38 PM io.gapi.emulators.netty.NotFoundHandler handleRequest
INFO: Unknown request URI: /message?device=sdk_gphone64_x86_64%20-%2016%20-%20API%2036&app=com.anonymous.ecofit&clientid=DevLauncherBridgelessDevSupportManager
Nov 04, 2025 11:11:40 PM io.gapi.emulators.netty.NotFoundHandler handleRequest
INFO: Unknown request URI: /message?device=sdk_gphone64_x86_64%20-%2016%20-%20API%2036&app=com.anonymous.ecofit&clientid=DevLauncherBridgelessDevSupportManager
Nov 04, 2025 11:11:42 PM io.gapi.emulators.netty.NotFoundHandler handleRequest
INFO: Unknown request URI: /message?device=sdk_gphone64_x86_64%20-%2016%20-%20API%2036&app=com.anonymous.ecofit&clientid=DevLauncherBridgelessDevSupportManager
Nov 04, 2025 11:11:44 PM io.gapi.emulators.netty.NotFoundHandler handleRequest
INFO: Unknown request URI: /message?device=sdk_gphone64_x86_64%20-%2016%20-%20API%2036&app=com.anonymous.ecofit&clientid=DevLauncherBridgelessDevSupportManager
Nov 04, 2025 11:11:46 PM io.gapi.emulators.netty.NotFoundHandler handleRequest
INFO: Unknown request URI: /message?device=sdk_gphone64_x86_64%20-%2016%20-%20API%2036&app=com.anonymous.ecofit&clientid=DevLauncherBridgelessDevSupportManager
Nov 04, 2025 11:11:48 PM io.gapi.emulators.netty.NotFoundHandler handleRequest
INFO: Unknown request URI: /message?device=sdk_gphone64_x86_64%20-%2016%20-%20API%2036&app=com.anonymous.ecofit&clientid=DevLauncherBridgelessDevSupportManager
Nov 04, 2025 11:11:50 PM io.gapi.emulators.netty.NotFoundHandler handleRequest
INFO: Unknown request URI: /message?device=sdk_gphone64_x86_64%20-%2016%20-%20API%2036&app=com.anonymous.ecofit&clientid=DevLauncherBridgelessDevSupportManager
Nov 04, 2025 11:11:52 PM io.gapi.emulators.netty.NotFoundHandler handleRequest
INFO: Unknown request URI: /message?device=sdk_gphone64_x86_64%20-%2016%20-%20API%2036&app=com.anonymous.ecofit&clientid=DevLauncherBridgelessDevSupportManager
Nov 04, 2025 11:11:54 PM io.gapi.emulators.netty.NotFoundHandler handleRequest
INFO: Unknown request URI: /message?device=sdk_gphone64_x86_64%20-%2016%20-%20API%2036&app=com.anonymous.ecofit&clientid=DevLauncherBridgelessDevSupportManager
Nov 04, 2025 11:11:56 PM io.gapi.emulators.netty.NotFoundHandler handleRequest
INFO: Unknown request URI: /message?device=sdk_gphone64_x86_64%20-%2016%20-%20API%2036&app=com.anonymous.ecofit&clientid=DevLauncherBridgelessDevSupportManager
Nov 04, 2025 11:11:58 PM io.gapi.emulators.netty.NotFoundHandler handleRequest
INFO: Unknown request URI: /message?device=sdk_gphone64_x86_64%20-%2016%20-%20API%2036&app=com.anonymous.ecofit&clientid=DevLauncherBridgelessDevSupportManager
Nov 04, 2025 11:12:00 PM io.gapi.emulators.netty.NotFoundHandler handleRequest
INFO: Unknown request URI: /message?device=sdk_gphone64_x86_64%20-%2016%20-%20API%2036&app=com.anonymous.ecofit&clientid=DevLauncherBridgelessDevSupportManager
Nov 04, 2025 11:12:00 PM com.google.cloud.datastore.emulator.firestore.websocket.WebSocketChannelHandler initChannel
INFO: Connected to new websocket client
Nov 04, 2025 11:12:02 PM io.gapi.emulators.netty.NotFoundHandler handleRequest
INFO: Unknown request URI: /message?device=sdk_gphone64_x86_64%20-%2016%20-%20API%2036&app=com.anonymous.ecofit&clientid=DevLauncherBridgelessDevSupportManager
Nov 04, 2025 11:12:04 PM io.gapi.emulators.netty.NotFoundHandler handleRequest
INFO: Unknown request URI: /message?device=sdk_gphone64_x86_64%20-%2016%20-%20API%2036&app=com.anonymous.ecofit&clientid=DevLauncherBridgelessDevSupportManager
Nov 04, 2025 11:12:06 PM io.gapi.emulators.netty.NotFoundHandler handleRequest
INFO: Unknown request URI: /message?device=sdk_gphone64_x86_64%20-%2016%20-%20API%2036&app=com.anonymous.ecofit&clientid=DevLauncherBridgelessDevSupportManager
Nov 04, 2025 11:12:08 PM io.gapi.emulators.netty.NotFoundHandler handleRequest
INFO: Unknown request URI: /message?device=sdk_gphone64_x86_64%20-%2016%20-%20API%2036&app=com.anonymous.ecofit&clientid=DevLauncherBridgelessDevSupportManager
Nov 04, 2025 11:12:10 PM io.gapi.emulators.netty.NotFoundHandler handleRequest
INFO: Unknown request URI: /message?device=sdk_gphone64_x86_64%20-%2016%20-%20API%2036&app=com.anonymous.ecofit&clientid=DevLauncherBridgelessDevSupportManager
Nov 04, 2025 11:12:12 PM io.gapi.emulators.netty.NotFoundHandler handleRequest
INFO: Unknown request URI: /message?device=sdk_gphone64_x86_64%20-%2016%20-%20API%2036&app=com.anonymous.ecofit&clientid=DevLauncherBridgelessDevSupportManager
Nov 04, 2025 11:12:14 PM io.gapi.emulators.netty.NotFoundHandler handleRequest
INFO: Unknown request URI: /message?device=sdk_gphone64_x86_64%20-%2016%20-%20API%2036&app=com.anonymous.ecofit&clientid=DevLauncherBridgelessDevSupportManager
Nov 04, 2025 11:12:16 PM io.gapi.emulators.netty.NotFoundHandler handleRequest
INFO: Unknown request URI: /message?device=sdk_gphone64_x86_64%20-%2016%20-%20API%2036&app=com.anonymous.ecofit&clientid=DevLauncherBridgelessDevSupportManager
Nov 04, 2025 11:12:18 PM io.gapi.emulators.netty.NotFoundHandler handleRequest
INFO: Unknown request URI: /message?device=sdk_gphone64_x86_64%20-%2016%20-%20API%2036&app=com.anonymous.ecofit&clientid=DevLauncherBridgelessDevSupportManager
Nov 04, 2025 11:12:20 PM io.gapi.emulators.netty.NotFoundHandler handleRequest
INFO: Unknown request URI: /message?device=sdk_gphone64_x86_64%20-%2016%20-%20API%2036&app=com.anonymous.ecofit&clientid=DevLauncherBridgelessDevSupportManager
Nov 04, 2025 11:12:22 PM io.gapi.emulators.netty.NotFoundHandler handleRequest
INFO: Unknown request URI: /message?device=sdk_gphone64_x86_64%20-%2016%20-%20API%2036&app=com.anonymous.ecofit&clientid=DevLauncherBridgelessDevSupportManager
Nov 04, 2025 11:12:24 PM io.gapi.emulators.netty.NotFoundHandler handleRequest
INFO: Unknown request URI: /message?device=sdk_gphone64_x86_64%20-%2016%20-%20API%2036&app=com.anonymous.ecofit&clientid=DevLauncherBridgelessDevSupportManager
Nov 04, 2025 11:12:26 PM io.gapi.emulators.netty.NotFoundHandler handleRequest
INFO: Unknown request URI: /message?device=sdk_gphone64_x86_64%20-%2016%20-%20API%2036&app=com.anonymous.ecofit&clientid=DevLauncherBridgelessDevSupportManager
Nov 04, 2025 11:12:28 PM io.gapi.emulators.netty.NotFoundHandler handleRequest
INFO: Unknown request URI: /message?device=sdk_gphone64_x86_64%20-%2016%20-%20API%2036&app=com.anonymous.ecofit&clientid=DevLauncherBridgelessDevSupportManager
Nov 04, 2025 11:12:30 PM io.gapi.emulators.netty.NotFoundHandler handleRequest
INFO: Unknown request URI: /message?device=sdk_gphone64_x86_64%20-%2016%20-%20API%2036&app=com.anonymous.ecofit&clientid=DevLauncherBridgelessDevSupportManager
Nov 04, 2025 11:12:32 PM io.gapi.emulators.netty.NotFoundHandler handleRequest
INFO: Unknown request URI: /message?device=sdk_gphone64_x86_64%20-%2016%20-%20API%2036&app=com.anonymous.ecofit&clientid=DevLauncherBridgelessDevSupportManager
Nov 04, 2025 11:12:34 PM io.gapi.emulators.netty.NotFoundHandler handleRequest
INFO: Unknown request URI: /message?device=sdk_gphone64_x86_64%20-%2016%20-%20API%2036&app=com.anonymous.ecofit&clientid=DevLauncherBridgelessDevSupportManager
Nov 04, 2025 11:12:36 PM io.gapi.emulators.netty.NotFoundHandler handleRequest
INFO: Unknown request URI: /message?device=sdk_gphone64_x86_64%20-%2016%20-%20API%2036&app=com.anonymous.ecofit&clientid=DevLauncherBridgelessDevSupportManager
Nov 04, 2025 11:12:38 PM io.gapi.emulators.netty.NotFoundHandler handleRequest
INFO: Unknown request URI: /message?device=sdk_gphone64_x86_64%20-%2016%20-%20API%2036&app=com.anonymous.ecofit&clientid=DevLauncherBridgelessDevSupportManager
Nov 04, 2025 11:12:40 PM io.gapi.emulators.netty.NotFoundHandler handleRequest
INFO: Unknown request URI: /message?device=sdk_gphone64_x86_64%20-%2016%20-%20API%2036&app=com.anonymous.ecofit&clientid=DevLauncherBridgelessDevSupportManager
Nov 04, 2025 11:12:42 PM io.gapi.emulators.netty.NotFoundHandler handleRequest
INFO: Unknown request URI: /message?device=sdk_gphone64_x86_64%20-%2016%20-%20API%2036&app=com.anonymous.ecofit&clientid=DevLauncherBridgelessDevSupportManager
Nov 04, 2025 11:12:44 PM io.gapi.emulators.netty.NotFoundHandler handleRequest
INFO: Unknown request URI: /message?device=sdk_gphone64_x86_64%20-%2016%20-%20API%2036&app=com.anonymous.ecofit&clientid=DevLauncherBridgelessDevSupportManager
Nov 04, 2025 11:12:46 PM io.gapi.emulators.netty.NotFoundHandler handleRequest
INFO: Unknown request URI: /message?device=sdk_gphone64_x86_64%20-%2016%20-%20API%2036&app=com.anonymous.ecofit&clientid=DevLauncherBridgelessDevSupportManager
Nov 04, 2025 11:12:48 PM io.gapi.emulators.netty.NotFoundHandler handleRequest
INFO: Unknown request URI: /message?device=sdk_gphone64_x86_64%20-%2016%20-%20API%2036&app=com.anonymous.ecofit&clientid=DevLauncherBridgelessDevSupportManager
Nov 04, 2025 11:12:50 PM io.gapi.emulators.netty.NotFoundHandler handleRequest
INFO: Unknown request URI: /message?device=sdk_gphone64_x86_64%20-%2016%20-%20API%2036&app=com.anonymous.ecofit&clientid=DevLauncherBridgelessDevSupportManager
Nov 04, 2025 11:12:52 PM io.gapi.emulators.netty.NotFoundHandler handleRequest
INFO: Unknown request URI: /message?device=sdk_gphone64_x86_64%20-%2016%20-%20API%2036&app=com.anonymous.ecofit&clientid=DevLauncherBridgelessDevSupportManager
Nov 04, 2025 11:12:54 PM io.gapi.emulators.netty.NotFoundHandler handleRequest
INFO: Unknown request URI: /message?device=sdk_gphone64_x86_64%20-%2016%20-%20API%2036&app=com.anonymous.ecofit&clientid=DevLauncherBridgelessDevSupportManager
Nov 04, 2025 11:12:56 PM io.gapi.emulators.netty.NotFoundHandler handleRequest
INFO: Unknown request URI: /message?device=sdk_gphone64_x86_64%20-%2016%20-%20API%2036&app=com.anonymous.ecofit&clientid=DevLauncherBridgelessDevSupportManager
Nov 04, 2025 11:12:58 PM io.gapi.emulators.netty.NotFoundHandler handleRequest
INFO: Unknown request URI: /message?device=sdk_gphone64_x86_64%20-%2016%20-%20API%2036&app=com.anonymous.ecofit&clientid=DevLauncherBridgelessDevSupportManager
Nov 04, 2025 11:13:00 PM io.gapi.emulators.netty.NotFoundHandler handleRequest
INFO: Unknown request URI: /message?device=sdk_gphone64_x86_64%20-%2016%20-%20API%2036&app=com.anonymous.ecofit&clientid=DevLauncherBridgelessDevSupportManager
Nov 04, 2025 11:13:02 PM io.gapi.emulators.netty.NotFoundHandler handleRequest
INFO: Unknown request URI: /message?device=sdk_gphone64_x86_64%20-%2016%20-%20API%2036&app=com.anonymous.ecofit&clientid=DevLauncherBridgelessDevSupportManager
Nov 04, 2025 11:13:04 PM io.gapi.emulators.netty.NotFoundHandler handleRequest
INFO: Unknown request URI: /message?device=sdk_gphone64_x86_64%20-%2016%20-%20API%2036&app=com.anonymous.ecofit&clientid=DevLauncherBridgelessDevSupportManager
Nov 04, 2025 11:13:06 PM io.gapi.emulators.netty.NotFoundHandler handleRequest
INFO: Unknown request URI: /message?device=sdk_gphone64_x86_64%20-%2016%20-%20API%2036&app=com.anonymous.ecofit&clientid=DevLauncherBridgelessDevSupportManager
Nov 04, 2025 11:13:08 PM io.gapi.emulators.netty.NotFoundHandler handleRequest
INFO: Unknown request URI: /message?device=sdk_gphone64_x86_64%20-%2016%20-%20API%2036&app=com.anonymous.ecofit&clientid=DevLauncherBridgelessDevSupportManager
Nov 04, 2025 11:13:10 PM io.gapi.emulators.netty.NotFoundHandler handleRequest
INFO: Unknown request URI: /message?device=sdk_gphone64_x86_64%20-%2016%20-%20API%2036&app=com.anonymous.ecofit&clientid=DevLauncherBridgelessDevSupportManager
Nov 04, 2025 11:13:12 PM io.gapi.emulators.netty.NotFoundHandler handleRequest
INFO: Unknown request URI: /message?device=sdk_gphone64_x86_64%20-%2016%20-%20API%2036&app=com.anonymous.ecofit&clientid=DevLauncherBridgelessDevSupportManager
Nov 04, 2025 11:13:14 PM io.gapi.emulators.netty.NotFoundHandler handleRequest
INFO: Unknown request URI: /message?device=sdk_gphone64_x86_64%20-%2016%20-%20API%2036&app=com.anonymous.ecofit&clientid=DevLauncherBridgelessDevSupportManager
Nov 04, 2025 11:13:16 PM io.gapi.emulators.netty.NotFoundHandler handleRequest
INFO: Unknown request URI: /message?device=sdk_gphone64_x86_64%20-%2016%20-%20API%2036&app=com.anonymous.ecofit&clientid=DevLauncherBridgelessDevSupportManager
Nov 04, 2025 11:13:18 PM io.gapi.emulators.netty.NotFoundHandler handleRequest
INFO: Unknown request URI: /message?device=sdk_gphone64_x86_64%20-%2016%20-%20API%2036&app=com.anonymous.ecofit&clientid=DevLauncherBridgelessDevSupportManager
Nov 04, 2025 11:13:20 PM io.gapi.emulators.netty.NotFoundHandler handleRequest
INFO: Unknown request URI: /message?device=sdk_gphone64_x86_64%20-%2016%20-%20API%2036&app=com.anonymous.ecofit&clientid=DevLauncherBridgelessDevSupportManager
Nov 04, 2025 11:13:22 PM io.gapi.emulators.netty.NotFoundHandler handleRequest
INFO: Unknown request URI: /message?device=sdk_gphone64_x86_64%20-%2016%20-%20API%2036&app=com.anonymous.ecofit&clientid=DevLauncherBridgelessDevSupportManager
Nov 04, 2025 11:13:24 PM io.gapi.emulators.netty.NotFoundHandler handleRequest
INFO: Unknown request URI: /message?device=sdk_gphone64_x86_64%20-%2016%20-%20API%2036&app=com.anonymous.ecofit&clientid=DevLauncherBridgelessDevSupportManager
Nov 04, 2025 11:13:26 PM io.gapi.emulators.netty.NotFoundHandler handleRequest
INFO: Unknown request URI: /message?device=sdk_gphone64_x86_64%20-%2016%20-%20API%2036&app=com.anonymous.ecofit&clientid=DevLauncherBridgelessDevSupportManager
Nov 04, 2025 11:13:28 PM io.gapi.emulators.netty.NotFoundHandler handleRequest
INFO: Unknown request URI: /message?device=sdk_gphone64_x86_64%20-%2016%20-%20API%2036&app=com.anonymous.ecofit&clientid=DevLauncherBridgelessDevSupportManager
Nov 04, 2025 11:13:30 PM io.gapi.emulators.netty.NotFoundHandler handleRequest
INFO: Unknown request URI: /message?device=sdk_gphone64_x86_64%20-%2016%20-%20API%2036&app=com.anonymous.ecofit&clientid=DevLauncherBridgelessDevSupportManager
Nov 04, 2025 11:13:32 PM io.gapi.emulators.netty.NotFoundHandler handleRequest
INFO: Unknown request URI: /message?device=sdk_gphone64_x86_64%20-%2016%20-%20API%2036&app=com.anonymous.ecofit&clientid=DevLauncherBridgelessDevSupportManager
Nov 04, 2025 11:13:34 PM io.gapi.emulators.netty.NotFoundHandler handleRequest
INFO: Unknown request URI: /message?device=sdk_gphone64_x86_64%20-%2016%20-%20API%2036&app=com.anonymous.ecofit&clientid=DevLauncherBridgelessDevSupportManager
Nov 04, 2025 11:13:36 PM io.gapi.emulators.netty.NotFoundHandler handleRequest
INFO: Unknown request URI: /message?device=sdk_gphone64_x86_64%20-%2016%20-%20API%2036&app=com.anonymous.ecofit&clientid=DevLauncherBridgelessDevSupportManager
Nov 04, 2025 11:13:38 PM io.gapi.emulators.netty.NotFoundHandler handleRequest
INFO: Unknown request URI: /message?device=sdk_gphone64_x86_64%20-%2016%20-%20API%2036&app=com.anonymous.ecofit&clientid=DevLauncherBridgelessDevSupportManager
Nov 04, 2025 11:13:40 PM io.gapi.emulators.netty.NotFoundHandler handleRequest
INFO: Unknown request URI: /message?device=sdk_gphone64_x86_64%20-%2016%20-%20API%2036&app=com.anonymous.ecofit&clientid=DevLauncherBridgelessDevSupportManager
Nov 04, 2025 11:13:42 PM io.gapi.emulators.netty.NotFoundHandler handleRequest
INFO: Unknown request URI: /message?device=sdk_gphone64_x86_64%20-%2016%20-%20API%2036&app=com.anonymous.ecofit&clientid=DevLauncherBridgelessDevSupportManager
Nov 04, 2025 11:13:44 PM io.gapi.emulators.netty.NotFoundHandler handleRequest
INFO: Unknown request URI: /message?device=sdk_gphone64_x86_64%20-%2016%20-%20API%2036&app=com.anonymous.ecofit&clientid=DevLauncherBridgelessDevSupportManager
Nov 04, 2025 11:13:46 PM io.gapi.emulators.netty.NotFoundHandler handleRequest
INFO: Unknown request URI: /message?device=sdk_gphone64_x86_64%20-%2016%20-%20API%2036&app=com.anonymous.ecofit&clientid=DevLauncherBridgelessDevSupportManager
Nov 04, 2025 11:13:48 PM io.gapi.emulators.netty.NotFoundHandler handleRequest
INFO: Unknown request URI: /message?device=sdk_gphone64_x86_64%20-%2016%20-%20API%2036&app=com.anonymous.ecofit&clientid=DevLauncherBridgelessDevSupportManager
Nov 04, 2025 11:13:50 PM io.gapi.emulators.netty.NotFoundHandler handleRequest
INFO: Unknown request URI: /message?device=sdk_gphone64_x86_64%20-%2016%20-%20API%2036&app=com.anonymous.ecofit&clientid=DevLauncherBridgelessDevSupportManager
Nov 04, 2025 11:13:52 PM io.gapi.emulators.netty.NotFoundHandler handleRequest
INFO: Unknown request URI: /message?device=sdk_gphone64_x86_64%20-%2016%20-%20API%2036&app=com.anonymous.ecofit&clientid=DevLauncherBridgelessDevSupportManager
Nov 04, 2025 11:13:54 PM io.gapi.emulators.netty.NotFoundHandler handleRequest
INFO: Unknown request URI: /message?device=sdk_gphone64_x86_64%20-%2016%20-%20API%2036&app=com.anonymous.ecofit&clientid=DevLauncherBridgelessDevSupportManager
Nov 04, 2025 11:13:56 PM io.gapi.emulators.netty.NotFoundHandler handleRequest
INFO: Unknown request URI: /message?device=sdk_gphone64_x86_64%20-%2016%20-%20API%2036&app=com.anonymous.ecofit&clientid=DevLauncherBridgelessDevSupportManager
Nov 04, 2025 11:13:58 PM io.gapi.emulators.netty.NotFoundHandler handleRequest
INFO: Unknown request URI: /message?device=sdk_gphone64_x86_64%20-%2016%20-%20API%2036&app=com.anonymous.ecofit&clientid=DevLauncherBridgelessDevSupportManager
Nov 04, 2025 11:14:00 PM io.gapi.emulators.netty.NotFoundHandler handleRequest
INFO: Unknown request URI: /message?device=sdk_gphone64_x86_64%20-%2016%20-%20API%2036&app=com.anonymous.ecofit&clientid=DevLauncherBridgelessDevSupportManager
Nov 04, 2025 11:14:02 PM io.gapi.emulators.netty.NotFoundHandler handleRequest
INFO: Unknown request URI: /message?device=sdk_gphone64_x86_64%20-%2016%20-%20API%2036&app=com.anonymous.ecofit&clientid=DevLauncherBridgelessDevSupportManager
Nov 04, 2025 11:14:04 PM io.gapi.emulators.netty.NotFoundHandler handleRequest
INFO: Unknown request URI: /message?device=sdk_gphone64_x86_64%20-%2016%20-%20API%2036&app=com.anonymous.ecofit&clientid=DevLauncherBridgelessDevSupportManager
Nov 04, 2025 11:14:06 PM io.gapi.emulators.netty.NotFoundHandler handleRequest
INFO: Unknown request URI: /message?device=sdk_gphone64_x86_64%20-%2016%20-%20API%2036&app=com.anonymous.ecofit&clientid=DevLauncherBridgelessDevSupportManager
Nov 04, 2025 11:14:08 PM io.gapi.emulators.netty.NotFoundHandler handleRequest
INFO: Unknown request URI: /message?device=sdk_gphone64_x86_64%20-%2016%20-%20API%2036&app=com.anonymous.ecofit&clientid=DevLauncherBridgelessDevSupportManager
Nov 04, 2025 11:14:10 PM io.gapi.emulators.netty.NotFoundHandler handleRequest
INFO: Unknown request URI: /message?device=sdk_gphone64_x86_64%20-%2016%20-%20API%2036&app=com.anonymous.ecofit&clientid=DevLauncherBridgelessDevSupportManager
Nov 04, 2025 11:14:12 PM io.gapi.emulators.netty.NotFoundHandler handleRequest
INFO: Unknown request URI: /message?device=sdk_gphone64_x86_64%20-%2016%20-%20API%2036&app=com.anonymous.ecofit&clientid=DevLauncherBridgelessDevSupportManager
Nov 04, 2025 11:14:14 PM io.gapi.emulators.netty.NotFoundHandler handleRequest
INFO: Unknown request URI: /message?device=sdk_gphone64_x86_64%20-%2016%20-%20API%2036&app=com.anonymous.ecofit&clientid=DevLauncherBridgelessDevSupportManager
Nov 04, 2025 11:14:16 PM io.gapi.emulators.netty.NotFoundHandler handleRequest
INFO: Unknown request URI: /message?device=sdk_gphone64_x86_64%20-%2016%20-%20API%2036&app=com.anonymous.ecofit&clientid=DevLauncherBridgelessDevSupportManager
Nov 04, 2025 11:14:18 PM io.gapi.emulators.netty.NotFoundHandler handleRequest
INFO: Unknown request URI: /message?device=sdk_gphone64_x86_64%20-%2016%20-%20API%2036&app=com.anonymous.ecofit&clientid=DevLauncherBridgelessDevSupportManager
Nov 04, 2025 11:14:20 PM io.gapi.emulators.netty.NotFoundHandler handleRequest
INFO: Unknown request URI: /message?device=sdk_gphone64_x86_64%20-%2016%20-%20API%2036&app=com.anonymous.ecofit&clientid=DevLauncherBridgelessDevSupportManager
Nov 04, 2025 11:14:22 PM io.gapi.emulators.netty.NotFoundHandler handleRequest
INFO: Unknown request URI: /message?device=sdk_gphone64_x86_64%20-%2016%20-%20API%2036&app=com.anonymous.ecofit&clientid=DevLauncherBridgelessDevSupportManager
Nov 04, 2025 11:14:24 PM io.gapi.emulators.netty.NotFoundHandler handleRequest
INFO: Unknown request URI: /message?device=sdk_gphone64_x86_64%20-%2016%20-%20API%2036&app=com.anonymous.ecofit&clientid=DevLauncherBridgelessDevSupportManager
Nov 04, 2025 11:14:26 PM io.gapi.emulators.netty.NotFoundHandler handleRequest
INFO: Unknown request URI: /message?device=sdk_gphone64_x86_64%20-%2016%20-%20API%2036&app=com.anonymous.ecofit&clientid=DevLauncherBridgelessDevSupportManager
Nov 04, 2025 11:14:28 PM io.gapi.emulators.netty.NotFoundHandler handleRequest
INFO: Unknown request URI: /message?device=sdk_gphone64_x86_64%20-%2016%20-%20API%2036&app=com.anonymous.ecofit&clientid=DevLauncherBridgelessDevSupportManager
Nov 04, 2025 11:14:30 PM io.gapi.emulators.netty.NotFoundHandler handleRequest
INFO: Unknown request URI: /message?device=sdk_gphone64_x86_64%20-%2016%20-%20API%2036&app=com.anonymous.ecofit&clientid=DevLauncherBridgelessDevSupportManager
Nov 04, 2025 11:14:32 PM io.gapi.emulators.netty.NotFoundHandler handleRequest
INFO: Unknown request URI: /message?device=sdk_gphone64_x86_64%20-%2016%20-%20API%2036&app=com.anonymous.ecofit&clientid=DevLauncherBridgelessDevSupportManager
Nov 04, 2025 11:14:34 PM io.gapi.emulators.netty.NotFoundHandler handleRequest
INFO: Unknown request URI: /message?device=sdk_gphone64_x86_64%20-%2016%20-%20API%2036&app=com.anonymous.ecofit&clientid=DevLauncherBridgelessDevSupportManager
Nov 04, 2025 11:14:36 PM io.gapi.emulators.netty.NotFoundHandler handleRequest
INFO: Unknown request URI: /message?device=sdk_gphone64_x86_64%20-%2016%20-%20API%2036&app=com.anonymous.ecofit&clientid=DevLauncherBridgelessDevSupportManager
Nov 04, 2025 11:14:38 PM io.gapi.emulators.netty.NotFoundHandler handleRequest
INFO: Unknown request URI: /message?device=sdk_gphone64_x86_64%20-%2016%20-%20API%2036&app=com.anonymous.ecofit&clientid=DevLauncherBridgelessDevSupportManager
Nov 04, 2025 11:14:40 PM io.gapi.emulators.netty.NotFoundHandler handleRequest
INFO: Unknown request URI: /message?device=sdk_gphone64_x86_64%20-%2016%20-%20API%2036&app=com.anonymous.ecofit&clientid=DevLauncherBridgelessDevSupportManager
Nov 04, 2025 11:14:42 PM io.gapi.emulators.netty.NotFoundHandler handleRequest
INFO: Unknown request URI: /message?device=sdk_gphone64_x86_64%20-%2016%20-%20API%2036&app=com.anonymous.ecofit&clientid=DevLauncherBridgelessDevSupportManager
Nov 04, 2025 11:14:44 PM io.gapi.emulators.netty.NotFoundHandler handleRequest
INFO: Unknown request URI: /message?device=sdk_gphone64_x86_64%20-%2016%20-%20API%2036&app=com.anonymous.ecofit&clientid=DevLauncherBridgelessDevSupportManager
Nov 04, 2025 11:14:46 PM io.gapi.emulators.netty.NotFoundHandler handleRequest
INFO: Unknown request URI: /message?device=sdk_gphone64_x86_64%20-%2016%20-%20API%2036&app=com.anonymous.ecofit&clientid=DevLauncherBridgelessDevSupportManager
Nov 04, 2025 11:14:48 PM io.gapi.emulators.netty.NotFoundHandler handleRequest
INFO: Unknown request URI: /message?device=sdk_gphone64_x86_64%20-%2016%20-%20API%2036&app=com.anonymous.ecofit&clientid=DevLauncherBridgelessDevSupportManager
Nov 04, 2025 11:14:50 PM io.gapi.emulators.netty.NotFoundHandler handleRequest
INFO: Unknown request URI: /message?device=sdk_gphone64_x86_64%20-%2016%20-%20API%2036&app=com.anonymous.ecofit&clientid=DevLauncherBridgelessDevSupportManager
Nov 04, 2025 11:14:52 PM io.gapi.emulators.netty.NotFoundHandler handleRequest
INFO: Unknown request URI: /message?device=sdk_gphone64_x86_64%20-%2016%20-%20API%2036&app=com.anonymous.ecofit&clientid=DevLauncherBridgelessDevSupportManager
Nov 04, 2025 11:14:54 PM io.gapi.emulators.netty.NotFoundHandler handleRequest
INFO: Unknown request URI: /message?device=sdk_gphone64_x86_64%20-%2016%20-%20API%2036&app=com.anonymous.ecofit&clientid=DevLauncherBridgelessDevSupportManager
Nov 04, 2025 11:14:56 PM io.gapi.emulators.netty.NotFoundHandler handleRequest
INFO: Unknown request URI: /message?device=sdk_gphone64_x86_64%20-%2016%20-%20API%2036&app=com.anonymous.ecofit&clientid=DevLauncherBridgelessDevSupportManager
Nov 04, 2025 11:14:58 PM io.gapi.emulators.netty.NotFoundHandler handleRequest
INFO: Unknown request URI: /message?device=sdk_gphone64_x86_64%20-%2016%20-%20API%2036&app=com.anonymous.ecofit&clientid=DevLauncherBridgelessDevSupportManager
Nov 04, 2025 11:15:00 PM io.gapi.emulators.netty.NotFoundHandler handleRequest
INFO: Unknown request URI: /message?device=sdk_gphone64_x86_64%20-%2016%20-%20API%2036&app=com.anonymous.ecofit&clientid=DevLauncherBridgelessDevSupportManager
Nov 04, 2025 11:15:02 PM io.gapi.emulators.netty.NotFoundHandler handleRequest
INFO: Unknown request URI: /message?device=sdk_gphone64_x86_64%20-%2016%20-%20API%2036&app=com.anonymous.ecofit&clientid=DevLauncherBridgelessDevSupportManager
Nov 04, 2025 11:15:04 PM io.gapi.emulators.netty.NotFoundHandler handleRequest
INFO: Unknown request URI: /message?device=sdk_gphone64_x86_64%20-%2016%20-%20API%2036&app=com.anonymous.ecofit&clientid=DevLauncherBridgelessDevSupportManager
Nov 04, 2025 11:15:06 PM io.gapi.emulators.netty.NotFoundHandler handleRequest
INFO: Unknown request URI: /message?device=sdk_gphone64_x86_64%20-%2016%20-%20API%2036&app=com.anonymous.ecofit&clientid=DevLauncherBridgelessDevSupportManager
Nov 04, 2025 11:15:08 PM io.gapi.emulators.netty.NotFoundHandler handleRequest
INFO: Unknown request URI: /message?device=sdk_gphone64_x86_64%20-%2016%20-%20API%2036&app=com.anonymous.ecofit&clientid=DevLauncherBridgelessDevSupportManager
Nov 04, 2025 11:15:10 PM io.gapi.emulators.netty.NotFoundHandler handleRequest
INFO: Unknown request URI: /message?device=sdk_gphone64_x86_64%20-%2016%20-%20API%2036&app=com.anonymous.ecofit&clientid=DevLauncherBridgelessDevSupportManager
Nov 04, 2025 11:15:12 PM io.gapi.emulators.netty.NotFoundHandler handleRequest
INFO: Unknown request URI: /message?device=sdk_gphone64_x86_64%20-%2016%20-%20API%2036&app=com.anonymous.ecofit&clientid=DevLauncherBridgelessDevSupportManager
Nov 04, 2025 11:15:14 PM io.gapi.emulators.netty.NotFoundHandler handleRequest
INFO: Unknown request URI: /message?device=sdk_gphone64_x86_64%20-%2016%20-%20API%2036&app=com.anonymous.ecofit&clientid=DevLauncherBridgelessDevSupportManager
Nov 04, 2025 11:15:16 PM io.gapi.emulators.netty.NotFoundHandler handleRequest
INFO: Unknown request URI: /message?device=sdk_gphone64_x86_64%20-%2016%20-%20API%2036&app=com.anonymous.ecofit&clientid=DevLauncherBridgelessDevSupportManager
Nov 04, 2025 11:15:18 PM io.gapi.emulators.netty.NotFoundHandler handleRequest
INFO: Unknown request URI: /message?device=sdk_gphone64_x86_64%20-%2016%20-%20API%2036&app=com.anonymous.ecofit&clientid=DevLauncherBridgelessDevSupportManager
Nov 04, 2025 11:15:20 PM io.gapi.emulators.netty.NotFoundHandler handleRequest
INFO: Unknown request URI: /message?device=sdk_gphone64_x86_64%20-%2016%20-%20API%2036&app=com.anonymous.ecofit&clientid=DevLauncherBridgelessDevSupportManager
Nov 04, 2025 11:15:22 PM io.gapi.emulators.netty.NotFoundHandler handleRequest
INFO: Unknown request URI: /message?device=sdk_gphone64_x86_64%20-%2016%20-%20API%2036&app=com.anonymous.ecofit&clientid=DevLauncherBridgelessDevSupportManager
Nov 04, 2025 11:15:24 PM io.gapi.emulators.netty.NotFoundHandler handleRequest
INFO: Unknown request URI: /message?device=sdk_gphone64_x86_64%20-%2016%20-%20API%2036&app=com.anonymous.ecofit&clientid=DevLauncherBridgelessDevSupportManager
Nov 04, 2025 11:15:26 PM io.gapi.emulators.netty.NotFoundHandler handleRequest
INFO: Unknown request URI: /message?device=sdk_gphone64_x86_64%20-%2016%20-%20API%2036&app=com.anonymous.ecofit&clientid=DevLauncherBridgelessDevSupportManager
Nov 04, 2025 11:15:28 PM io.gapi.emulators.netty.NotFoundHandler handleRequest
INFO: Unknown request URI: /message?device=sdk_gphone64_x86_64%20-%2016%20-%20API%2036&app=com.anonymous.ecofit&clientid=DevLauncherBridgelessDevSupportManager
Nov 04, 2025 11:15:30 PM io.gapi.emulators.netty.NotFoundHandler handleRequest
INFO: Unknown request URI: /message?device=sdk_gphone64_x86_64%20-%2016%20-%20API%2036&app=com.anonymous.ecofit&clientid=DevLauncherBridgelessDevSupportManager
Nov 04, 2025 11:15:32 PM io.gapi.emulators.netty.NotFoundHandler handleRequest
INFO: Unknown request URI: /message?device=sdk_gphone64_x86_64%20-%2016%20-%20API%2036&app=com.anonymous.ecofit&clientid=DevLauncherBridgelessDevSupportManager
Nov 04, 2025 11:15:34 PM io.gapi.emulators.netty.NotFoundHandler handleRequest
INFO: Unknown request URI: /message?device=sdk_gphone64_x86_64%20-%2016%20-%20API%2036&app=com.anonymous.ecofit&clientid=DevLauncherBridgelessDevSupportManager
Nov 04, 2025 11:15:36 PM io.gapi.emulators.netty.NotFoundHandler handleRequest
INFO: Unknown request URI: /message?device=sdk_gphone64_x86_64%20-%2016%20-%20API%2036&app=com.anonymous.ecofit&clientid=DevLauncherBridgelessDevSupportManager
Nov 04, 2025 11:15:38 PM io.gapi.emulators.netty.NotFoundHandler handleRequest
INFO: Unknown request URI: /message?device=sdk_gphone64_x86_64%20-%2016%20-%20API%2036&app=com.anonymous.ecofit&clientid=DevLauncherBridgelessDevSupportManager
Nov 04, 2025 11:15:40 PM io.gapi.emulators.netty.NotFoundHandler handleRequest
INFO: Unknown request URI: /message?device=sdk_gphone64_x86_64%20-%2016%20-%20API%2036&app=com.anonymous.ecofit&clientid=DevLauncherBridgelessDevSupportManager
Nov 04, 2025 11:15:42 PM io.gapi.emulators.netty.NotFoundHandler handleRequest
INFO: Unknown request URI: /message?device=sdk_gphone64_x86_64%20-%2016%20-%20API%2036&app=com.anonymous.ecofit&clientid=DevLauncherBridgelessDevSupportManager
Nov 04, 2025 11:15:44 PM io.gapi.emulators.netty.NotFoundHandler handleRequest
INFO: Unknown request URI: /message?device=sdk_gphone64_x86_64%20-%2016%20-%20API%2036&app=com.anonymous.ecofit&clientid=DevLauncherBridgelessDevSupportManager
Nov 04, 2025 11:15:46 PM io.gapi.emulators.netty.NotFoundHandler handleRequest
INFO: Unknown request URI: /message?device=sdk_gphone64_x86_64%20-%2016%20-%20API%2036&app=com.anonymous.ecofit&clientid=DevLauncherBridgelessDevSupportManager
Nov 04, 2025 11:15:48 PM io.gapi.emulators.netty.NotFoundHandler handleRequest
INFO: Unknown request URI: /message?device=sdk_gphone64_x86_64%20-%2016%20-%20API%2036&app=com.anonymous.ecofit&clientid=DevLauncherBridgelessDevSupportManager
Nov 04, 2025 11:15:50 PM io.gapi.emulators.netty.NotFoundHandler handleRequest
INFO: Unknown request URI: /message?device=sdk_gphone64_x86_64%20-%2016%20-%20API%2036&app=com.anonymous.ecofit&clientid=DevLauncherBridgelessDevSupportManager
Nov 04, 2025 11:15:52 PM io.gapi.emulators.netty.NotFoundHandler handleRequest
INFO: Unknown request URI: /message?device=sdk_gphone64_x86_64%20-%2016%20-%20API%2036&app=com.anonymous.ecofit&clientid=DevLauncherBridgelessDevSupportManager
Nov 04, 2025 11:15:54 PM io.gapi.emulators.netty.NotFoundHandler handleRequest
INFO: Unknown request URI: /message?device=sdk_gphone64_x86_64%20-%2016%20-%20API%2036&app=com.anonymous.ecofit&clientid=DevLauncherBridgelessDevSupportManager
Nov 04, 2025 11:15:56 PM io.gapi.emulators.netty.NotFoundHandler handleRequest
INFO: Unknown request URI: /message?device=sdk_gphone64_x86_64%20-%2016%20-%20API%2036&app=com.anonymous.ecofit&clientid=DevLauncherBridgelessDevSupportManager
Nov 04, 2025 11:15:58 PM io.gapi.emulators.netty.NotFoundHandler handleRequest
INFO: Unknown request URI: /message?device=sdk_gphone64_x86_64%20-%2016%20-%20API%2036&app=com.anonymous.ecofit&clientid=DevLauncherBridgelessDevSupportManager
Nov 04, 2025 11:16:00 PM io.gapi.emulators.netty.NotFoundHandler handleRequest
INFO: Unknown request URI: /message?device=sdk_gphone64_x86_64%20-%2016%20-%20API%2036&app=com.anonymous.ecofit&clientid=DevLauncherBridgelessDevSupportManager
Nov 04, 2025 11:16:02 PM io.gapi.emulators.netty.NotFoundHandler handleRequest
INFO: Unknown request URI: /message?device=sdk_gphone64_x86_64%20-%2016%20-%20API%2036&app=com.anonymous.ecofit&clientid=DevLauncherBridgelessDevSupportManager
Nov 04, 2025 11:16:04 PM io.gapi.emulators.netty.NotFoundHandler handleRequest
INFO: Unknown request URI: /message?device=sdk_gphone64_x86_64%20-%2016%20-%20API%2036&app=com.anonymous.ecofit&clientid=DevLauncherBridgelessDevSupportManager
Nov 04, 2025 11:16:06 PM io.gapi.emulators.netty.NotFoundHandler handleRequest
INFO: Unknown request URI: /message?device=sdk_gphone64_x86_64%20-%2016%20-%20API%2036&app=com.anonymous.ecofit&clientid=DevLauncherBridgelessDevSupportManager
Nov 04, 2025 11:16:08 PM io.gapi.emulators.netty.NotFoundHandler handleRequest
INFO: Unknown request URI: /message?device=sdk_gphone64_x86_64%20-%2016%20-%20API%2036&app=com.anonymous.ecofit&clientid=DevLauncherBridgelessDevSupportManager
Nov 04, 2025 11:16:10 PM io.gapi.emulators.netty.NotFoundHandler handleRequest
INFO: Unknown request URI: /message?device=sdk_gphone64_x86_64%20-%2016%20-%20API%2036&app=com.anonymous.ecofit&clientid=DevLauncherBridgelessDevSupportManager
Nov 04, 2025 11:16:12 PM io.gapi.emulators.netty.NotFoundHandler handleRequest
INFO: Unknown request URI: /message?device=sdk_gphone64_x86_64%20-%2016%20-%20API%2036&app=com.anonymous.ecofit&clientid=DevLauncherBridgelessDevSupportManager
Nov 04, 2025 11:16:14 PM io.gapi.emulators.netty.NotFoundHandler handleRequest
INFO: Unknown request URI: /message?device=sdk_gphone64_x86_64%20-%2016%20-%20API%2036&app=com.anonymous.ecofit&clientid=DevLauncherBridgelessDevSupportManager
Nov 04, 2025 11:16:16 PM io.gapi.emulators.netty.NotFoundHandler handleRequest
INFO: Unknown request URI: /message?device=sdk_gphone64_x86_64%20-%2016%20-%20API%2036&app=com.anonymous.ecofit&clientid=DevLauncherBridgelessDevSupportManager
Nov 04, 2025 11:16:18 PM io.gapi.emulators.netty.NotFoundHandler handleRequest
INFO: Unknown request URI: /message?device=sdk_gphone64_x86_64%20-%2016%20-%20API%2036&app=com.anonymous.ecofit&clientid=DevLauncherBridgelessDevSupportManager
Nov 04, 2025 11:16:20 PM io.gapi.emulators.netty.NotFoundHandler handleRequest
INFO: Unknown request URI: /message?device=sdk_gphone64_x86_64%20-%2016%20-%20API%2036&app=com.anonymous.ecofit&clientid=DevLauncherBridgelessDevSupportManager
Nov 04, 2025 11:16:22 PM io.gapi.emulators.netty.NotFoundHandler handleRequest
INFO: Unknown request URI: /message?device=sdk_gphone64_x86_64%20-%2016%20-%20API%2036&app=com.anonymous.ecofit&clientid=DevLauncherBridgelessDevSupportManager
Nov 04, 2025 11:16:24 PM io.gapi.emulators.netty.NotFoundHandler handleRequest
INFO: Unknown request URI: /message?device=sdk_gphone64_x86_64%20-%2016%20-%20API%2036&app=com.anonymous.ecofit&clientid=DevLauncherBridgelessDevSupportManager
Nov 04, 2025 11:16:26 PM io.gapi.emulators.netty.NotFoundHandler handleRequest
INFO: Unknown request URI: /message?device=sdk_gphone64_x86_64%20-%2016%20-%20API%2036&app=com.anonymous.ecofit&clientid=DevLauncherBridgelessDevSupportManager
Nov 04, 2025 11:16:28 PM io.gapi.emulators.netty.NotFoundHandler handleRequest
INFO: Unknown request URI: /message?device=sdk_gphone64_x86_64%20-%2016%20-%20API%2036&app=com.anonymous.ecofit&clientid=DevLauncherBridgelessDevSupportManager
Nov 04, 2025 11:16:30 PM io.gapi.emulators.netty.NotFoundHandler handleRequest
INFO: Unknown request URI: /message?device=sdk_gphone64_x86_64%20-%2016%20-%20API%2036&app=com.anonymous.ecofit&clientid=DevLauncherBridgelessDevSupportManager
Nov 04, 2025 11:16:32 PM io.gapi.emulators.netty.NotFoundHandler handleRequest
INFO: Unknown request URI: /message?device=sdk_gphone64_x86_64%20-%2016%20-%20API%2036&app=com.anonymous.ecofit&clientid=DevLauncherBridgelessDevSupportManager
Nov 04, 2025 11:16:34 PM io.gapi.emulators.netty.NotFoundHandler handleRequest
INFO: Unknown request URI: /message?device=sdk_gphone64_x86_64%20-%2016%20-%20API%2036&app=com.anonymous.ecofit&clientid=DevLauncherBridgelessDevSupportManager
Nov 04, 2025 11:16:36 PM io.gapi.emulators.netty.NotFoundHandler handleRequest
INFO: Unknown request URI: /message?device=sdk_gphone64_x86_64%20-%2016%20-%20API%2036&app=com.anonymous.ecofit&clientid=DevLauncherBridgelessDevSupportManager
Nov 04, 2025 11:16:38 PM io.gapi.emulators.netty.NotFoundHandler handleRequest
INFO: Unknown request URI: /message?device=sdk_gphone64_x86_64%20-%2016%20-%20API%2036&app=com.anonymous.ecofit&clientid=DevLauncherBridgelessDevSupportManager
Nov 04, 2025 11:16:40 PM io.gapi.emulators.netty.NotFoundHandler handleRequest
INFO: Unknown request URI: /message?device=sdk_gphone64_x86_64%20-%2016%20-%20API%2036&app=com.anonymous.ecofit&clientid=DevLauncherBridgelessDevSupportManager
Nov 04, 2025 11:16:42 PM io.gapi.emulators.netty.NotFoundHandler handleRequest
INFO: Unknown request URI: /message?device=sdk_gphone64_x86_64%20-%2016%20-%20API%2036&app=com.anonymous.ecofit&clientid=DevLauncherBridgelessDevSupportManager
Nov 04, 2025 11:16:44 PM io.gapi.emulators.netty.NotFoundHandler handleRequest
INFO: Unknown request URI: /message?device=sdk_gphone64_x86_64%20-%2016%20-%20API%2036&app=com.anonymous.ecofit&clientid=DevLauncherBridgelessDevSupportManager
Nov 04, 2025 11:16:46 PM io.gapi.emulators.netty.NotFoundHandler handleRequest
INFO: Unknown request URI: /message?device=sdk_gphone64_x86_64%20-%2016%20-%20API%2036&app=com.anonymous.ecofit&clientid=DevLauncherBridgelessDevSupportManager
Nov 04, 2025 11:16:48 PM io.gapi.emulators.netty.NotFoundHandler handleRequest
INFO: Unknown request URI: /message?device=sdk_gphone64_x86_64%20-%2016%20-%20API%2036&app=com.anonymous.ecofit&clientid=DevLauncherBridgelessDevSupportManager
Nov 04, 2025 11:16:50 PM io.gapi.emulators.netty.NotFoundHandler handleRequest
INFO: Unknown request URI: /message?device=sdk_gphone64_x86_64%20-%2016%20-%20API%2036&app=com.anonymous.ecofit&clientid=DevLauncherBridgelessDevSupportManager
Nov 04, 2025 11:16:52 PM io.gapi.emulators.netty.NotFoundHandler handleRequest
INFO: Unknown request URI: /message?device=sdk_gphone64_x86_64%20-%2016%20-%20API%2036&app=com.anonymous.ecofit&clientid=DevLauncherBridgelessDevSupportManager
Nov 04, 2025 11:16:54 PM io.gapi.emulators.netty.NotFoundHandler handleRequest
INFO: Unknown request URI: /message?device=sdk_gphone64_x86_64%20-%2016%20-%20API%2036&app=com.anonymous.ecofit&clientid=DevLauncherBridgelessDevSupportManager
Nov 04, 2025 11:16:56 PM io.gapi.emulators.netty.NotFoundHandler handleRequest
INFO: Unknown request URI: /message?device=sdk_gphone64_x86_64%20-%2016%20-%20API%2036&app=com.anonymous.ecofit&clientid=DevLauncherBridgelessDevSupportManager
Nov 04, 2025 11:16:58 PM io.gapi.emulators.netty.NotFoundHandler handleRequest
INFO: Unknown request URI: /message?device=sdk_gphone64_x86_64%20-%2016%20-%20API%2036&app=com.anonymous.ecofit&clientid=DevLauncherBridgelessDevSupportManager
Nov 04, 2025 11:17:00 PM io.gapi.emulators.netty.NotFoundHandler handleRequest
INFO: Unknown request URI: /message?device=sdk_gphone64_x86_64%20-%2016%20-%20API%2036&app=com.anonymous.ecofit&clientid=DevLauncherBridgelessDevSupportManager
Nov 04, 2025 11:17:02 PM io.gapi.emulators.netty.NotFoundHandler handleRequest
INFO: Unknown request URI: /message?device=sdk_gphone64_x86_64%20-%2016%20-%20API%2036&app=com.anonymous.ecofit&clientid=DevLauncherBridgelessDevSupportManager
Nov 04, 2025 11:17:04 PM io.gapi.emulators.netty.NotFoundHandler handleRequest
INFO: Unknown request URI: /message?device=sdk_gphone64_x86_64%20-%2016%20-%20API%2036&app=com.anonymous.ecofit&clientid=DevLauncherBridgelessDevSupportManager
Nov 04, 2025 11:17:06 PM io.gapi.emulators.netty.NotFoundHandler handleRequest
INFO: Unknown request URI: /message?device=sdk_gphone64_x86_64%20-%2016%20-%20API%2036&app=com.anonymous.ecofit&clientid=DevLauncherBridgelessDevSupportManager
Nov 04, 2025 11:17:08 PM io.gapi.emulators.netty.NotFoundHandler handleRequest
INFO: Unknown request URI: /message?device=sdk_gphone64_x86_64%20-%2016%20-%20API%2036&app=com.anonymous.ecofit&clientid=DevLauncherBridgelessDevSupportManager
Nov 04, 2025 11:17:10 PM io.gapi.emulators.netty.NotFoundHandler handleRequest
INFO: Unknown request URI: /message?device=sdk_gphone64_x86_64%20-%2016%20-%20API%2036&app=com.anonymous.ecofit&clientid=DevLauncherBridgelessDevSupportManager
Nov 04, 2025 11:17:12 PM io.gapi.emulators.netty.NotFoundHandler handleRequest
INFO: Unknown request URI: /message?device=sdk_gphone64_x86_64%20-%2016%20-%20API%2036&app=com.anonymous.ecofit&clientid=DevLauncherBridgelessDevSupportManager
Nov 04, 2025 11:17:14 PM io.gapi.emulators.netty.NotFoundHandler handleRequest
INFO: Unknown request URI: /message?device=sdk_gphone64_x86_64%20-%2016%20-%20API%2036&app=com.anonymous.ecofit&clientid=DevLauncherBridgelessDevSupportManager
Nov 04, 2025 11:17:16 PM io.gapi.emulators.netty.NotFoundHandler handleRequest
INFO: Unknown request URI: /message?device=sdk_gphone64_x86_64%20-%2016%20-%20API%2036&app=com.anonymous.ecofit&clientid=DevLauncherBridgelessDevSupportManager
Nov 04, 2025 11:17:18 PM io.gapi.emulators.netty.NotFoundHandler handleRequest
INFO: Unknown request URI: /message?device=sdk_gphone64_x86_64%20-%2016%20-%20API%2036&app=com.anonymous.ecofit&clientid=DevLauncherBridgelessDevSupportManager
Nov 04, 2025 11:17:20 PM io.gapi.emulators.netty.NotFoundHandler handleRequest
INFO: Unknown request URI: /message?device=sdk_gphone64_x86_64%20-%2016%20-%20API%2036&app=com.anonymous.ecofit&clientid=DevLauncherBridgelessDevSupportManager
Nov 04, 2025 11:17:23 PM io.gapi.emulators.netty.NotFoundHandler handleRequest
INFO: Unknown request URI: /message?device=sdk_gphone64_x86_64%20-%2016%20-%20API%2036&app=com.anonymous.ecofit&clientid=DevLauncherBridgelessDevSupportManager
Nov 04, 2025 11:17:25 PM io.gapi.emulators.netty.NotFoundHandler handleRequest
INFO: Unknown request URI: /message?device=sdk_gphone64_x86_64%20-%2016%20-%20API%2036&app=com.anonymous.ecofit&clientid=DevLauncherBridgelessDevSupportManager
Nov 04, 2025 11:17:27 PM io.gapi.emulators.netty.NotFoundHandler handleRequest
INFO: Unknown request URI: /message?device=sdk_gphone64_x86_64%20-%2016%20-%20API%2036&app=com.anonymous.ecofit&clientid=DevLauncherBridgelessDevSupportManager
Nov 04, 2025 11:17:29 PM io.gapi.emulators.netty.NotFoundHandler handleRequest
INFO: Unknown request URI: /message?device=sdk_gphone64_x86_64%20-%2016%20-%20API%2036&app=com.anonymous.ecofit&clientid=DevLauncherBridgelessDevSupportManager
Nov 04, 2025 11:17:31 PM io.gapi.emulators.netty.NotFoundHandler handleRequest
INFO: Unknown request URI: /message?device=sdk_gphone64_x86_64%20-%2016%20-%20API%2036&app=com.anonymous.ecofit&clientid=DevLauncherBridgelessDevSupportManager
Nov 04, 2025 11:17:33 PM io.gapi.emulators.netty.NotFoundHandler handleRequest
INFO: Unknown request URI: /message?device=sdk_gphone64_x86_64%20-%2016%20-%20API%2036&app=com.anonymous.ecofit&clientid=DevLauncherBridgelessDevSupportManager
Nov 04, 2025 11:17:35 PM io.gapi.emulators.netty.NotFoundHandler handleRequest
INFO: Unknown request URI: /message?device=sdk_gphone64_x86_64%20-%2016%20-%20API%2036&app=com.anonymous.ecofit&clientid=DevLauncherBridgelessDevSupportManager
Nov 04, 2025 11:17:37 PM io.gapi.emulators.netty.NotFoundHandler handleRequest
INFO: Unknown request URI: /message?device=sdk_gphone64_x86_64%20-%2016%20-%20API%2036&app=com.anonymous.ecofit&clientid=DevLauncherBridgelessDevSupportManager
Nov 04, 2025 11:17:39 PM io.gapi.emulators.netty.NotFoundHandler handleRequest
INFO: Unknown request URI: /message?device=sdk_gphone64_x86_64%20-%2016%20-%20API%2036&app=com.anonymous.ecofit&clientid=DevLauncherBridgelessDevSupportManager
Nov 04, 2025 11:17:41 PM io.gapi.emulators.netty.NotFoundHandler handleRequest
INFO: Unknown request URI: /message?device=sdk_gphone64_x86_64%20-%2016%20-%20API%2036&app=com.anonymous.ecofit&clientid=DevLauncherBridgelessDevSupportManager
Nov 04, 2025 11:17:43 PM io.gapi.emulators.netty.NotFoundHandler handleRequest
INFO: Unknown request URI: /message?device=sdk_gphone64_x86_64%20-%2016%20-%20API%2036&app=com.anonymous.ecofit&clientid=DevLauncherBridgelessDevSupportManager
Nov 04, 2025 11:17:45 PM io.gapi.emulators.netty.NotFoundHandler handleRequest
INFO: Unknown request URI: /message?device=sdk_gphone64_x86_64%20-%2016%20-%20API%2036&app=com.anonymous.ecofit&clientid=DevLauncherBridgelessDevSupportManager
Nov 04, 2025 11:17:47 PM io.gapi.emulators.netty.NotFoundHandler handleRequest
INFO: Unknown request URI: /message?device=sdk_gphone64_x86_64%20-%2016%20-%20API%2036&app=com.anonymous.ecofit&clientid=DevLauncherBridgelessDevSupportManager
Nov 04, 2025 11:17:49 PM io.gapi.emulators.netty.NotFoundHandler handleRequest
INFO: Unknown request URI: /message?device=sdk_gphone64_x86_64%20-%2016%20-%20API%2036&app=com.anonymous.ecofit&clientid=DevLauncherBridgelessDevSupportManager
Nov 04, 2025 11:17:51 PM io.gapi.emulators.netty.NotFoundHandler handleRequest
INFO: Unknown request URI: /message?device=sdk_gphone64_x86_64%20-%2016%20-%20API%2036&app=com.anonymous.ecofit&clientid=DevLauncherBridgelessDevSupportManager
Nov 04, 2025 11:17:53 PM io.gapi.emulators.netty.NotFoundHandler handleRequest
INFO: Unknown request URI: /message?device=sdk_gphone64_x86_64%20-%2016%20-%20API%2036&app=com.anonymous.ecofit&clientid=DevLauncherBridgelessDevSupportManager
Nov 04, 2025 11:17:55 PM io.gapi.emulators.netty.NotFoundHandler handleRequest
INFO: Unknown request URI: /message?device=sdk_gphone64_x86_64%20-%2016%20-%20API%2036&app=com.anonymous.ecofit&clientid=DevLauncherBridgelessDevSupportManager
Nov 04, 2025 11:17:57 PM io.gapi.emulators.netty.NotFoundHandler handleRequest
INFO: Unknown request URI: /message?device=sdk_gphone64_x86_64%20-%2016%20-%20API%2036&app=com.anonymous.ecofit&clientid=DevLauncherBridgelessDevSupportManager
Nov 04, 2025 11:17:59 PM io.gapi.emulators.netty.NotFoundHandler handleRequest
INFO: Unknown request URI: /message?device=sdk_gphone64_x86_64%20-%2016%20-%20API%2036&app=com.anonymous.ecofit&clientid=DevLauncherBridgelessDevSupportManager
Nov 04, 2025 11:18:01 PM io.gapi.emulators.netty.NotFoundHandler handleRequest
INFO: Unknown request URI: /message?device=sdk_gphone64_x86_64%20-%2016%20-%20API%2036&app=com.anonymous.ecofit&clientid=DevLauncherBridgelessDevSupportManager
Nov 04, 2025 11:18:03 PM io.gapi.emulators.netty.NotFoundHandler handleRequest
INFO: Unknown request URI: /message?device=sdk_gphone64_x86_64%20-%2016%20-%20API%2036&app=com.anonymous.ecofit&clientid=DevLauncherBridgelessDevSupportManager
Nov 04, 2025 11:18:05 PM io.gapi.emulators.netty.NotFoundHandler handleRequest
INFO: Unknown request URI: /message?device=sdk_gphone64_x86_64%20-%2016%20-%20API%2036&app=com.anonymous.ecofit&clientid=DevLauncherBridgelessDevSupportManager
Nov 04, 2025 11:18:07 PM io.gapi.emulators.netty.NotFoundHandler handleRequest
INFO: Unknown request URI: /message?device=sdk_gphone64_x86_64%20-%2016%20-%20API%2036&app=com.anonymous.ecofit&clientid=DevLauncherBridgelessDevSupportManager
Nov 04, 2025 11:18:09 PM io.gapi.emulators.netty.NotFoundHandler handleRequest
INFO: Unknown request URI: /message?device=sdk_gphone64_x86_64%20-%2016%20-%20API%2036&app=com.anonymous.ecofit&clientid=DevLauncherBridgelessDevSupportManager
Nov 04, 2025 11:18:11 PM io.gapi.emulators.netty.NotFoundHandler handleRequest
INFO: Unknown request URI: /message?device=sdk_gphone64_x86_64%20-%2016%20-%20API%2036&app=com.anonymous.ecofit&clientid=DevLauncherBridgelessDevSupportManager
Nov 04, 2025 11:18:13 PM io.gapi.emulators.netty.NotFoundHandler handleRequest
INFO: Unknown request URI: /message?device=sdk_gphone64_x86_64%20-%2016%20-%20API%2036&app=com.anonymous.ecofit&clientid=DevLauncherBridgelessDevSupportManager
Nov 04, 2025 11:18:15 PM io.gapi.emulators.netty.NotFoundHandler handleRequest
INFO: Unknown request URI: /message?device=sdk_gphone64_x86_64%20-%2016%20-%20API%2036&app=com.anonymous.ecofit&clientid=DevLauncherBridgelessDevSupportManager
Nov 04, 2025 11:18:17 PM io.gapi.emulators.netty.NotFoundHandler handleRequest
INFO: Unknown request URI: /message?device=sdk_gphone64_x86_64%20-%2016%20-%20API%2036&app=com.anonymous.ecofit&clientid=DevLauncherBridgelessDevSupportManager
Nov 04, 2025 11:18:19 PM io.gapi.emulators.netty.NotFoundHandler handleRequest
INFO: Unknown request URI: /message?device=sdk_gphone64_x86_64%20-%2016%20-%20API%2036&app=com.anonymous.ecofit&clientid=DevLauncherBridgelessDevSupportManager
Nov 04, 2025 11:18:21 PM io.gapi.emulators.netty.NotFoundHandler handleRequest
INFO: Unknown request URI: /message?device=sdk_gphone64_x86_64%20-%2016%20-%20API%2036&app=com.anonymous.ecofit&clientid=DevLauncherBridgelessDevSupportManager
Nov 04, 2025 11:18:23 PM io.gapi.emulators.netty.NotFoundHandler handleRequest
INFO: Unknown request URI: /message?device=sdk_gphone64_x86_64%20-%2016%20-%20API%2036&app=com.anonymous.ecofit&clientid=DevLauncherBridgelessDevSupportManager
Nov 04, 2025 11:18:25 PM io.gapi.emulators.netty.NotFoundHandler handleRequest
INFO: Unknown request URI: /message?device=sdk_gphone64_x86_64%20-%2016%20-%20API%2036&app=com.anonymous.ecofit&clientid=DevLauncherBridgelessDevSupportManager
Nov 04, 2025 11:18:27 PM io.gapi.emulators.netty.NotFoundHandler handleRequest
INFO: Unknown request URI: /message?device=sdk_gphone64_x86_64%20-%2016%20-%20API%2036&app=com.anonymous.ecofit&clientid=DevLauncherBridgelessDevSupportManager
Nov 04, 2025 11:18:29 PM io.gapi.emulators.netty.NotFoundHandler handleRequest
INFO: Unknown request URI: /message?device=sdk_gphone64_x86_64%20-%2016%20-%20API%2036&app=com.anonymous.ecofit&clientid=DevLauncherBridgelessDevSupportManager
Nov 04, 2025 11:18:31 PM io.gapi.emulators.netty.NotFoundHandler handleRequest
INFO: Unknown request URI: /message?device=sdk_gphone64_x86_64%20-%2016%20-%20API%2036&app=com.anonymous.ecofit&clientid=DevLauncherBridgelessDevSupportManager
Nov 04, 2025 11:18:33 PM io.gapi.emulators.netty.NotFoundHandler handleRequest
INFO: Unknown request URI: /message?device=sdk_gphone64_x86_64%20-%2016%20-%20API%2036&app=com.anonymous.ecofit&clientid=DevLauncherBridgelessDevSupportManager
Nov 04, 2025 11:18:35 PM io.gapi.emulators.netty.NotFoundHandler handleRequest
INFO: Unknown request URI: /message?device=sdk_gphone64_x86_64%20-%2016%20-%20API%2036&app=com.anonymous.ecofit&clientid=DevLauncherBridgelessDevSupportManager
Nov 04, 2025 11:18:37 PM io.gapi.emulators.netty.NotFoundHandler handleRequest
INFO: Unknown request URI: /message?device=sdk_gphone64_x86_64%20-%2016%20-%20API%2036&app=com.anonymous.ecofit&clientid=DevLauncherBridgelessDevSupportManager
Nov 04, 2025 11:18:39 PM io.gapi.emulators.netty.NotFoundHandler handleRequest
INFO: Unknown request URI: /message?device=sdk_gphone64_x86_64%20-%2016%20-%20API%2036&app=com.anonymous.ecofit&clientid=DevLauncherBridgelessDevSupportManager
Nov 04, 2025 11:18:41 PM io.gapi.emulators.netty.NotFoundHandler handleRequest
INFO: Unknown request URI: /message?device=sdk_gphone64_x86_64%20-%2016%20-%20API%2036&app=com.anonymous.ecofit&clientid=DevLauncherBridgelessDevSupportManager
Nov 04, 2025 11:18:43 PM io.gapi.emulators.netty.NotFoundHandler handleRequest
INFO: Unknown request URI: /message?device=sdk_gphone64_x86_64%20-%2016%20-%20API%2036&app=com.anonymous.ecofit&clientid=DevLauncherBridgelessDevSupportManager
Nov 04, 2025 11:18:45 PM io.gapi.emulators.netty.NotFoundHandler handleRequest
INFO: Unknown request URI: /message?device=sdk_gphone64_x86_64%20-%2016%20-%20API%2036&app=com.anonymous.ecofit&clientid=DevLauncherBridgelessDevSupportManager
Nov 04, 2025 11:18:47 PM io.gapi.emulators.netty.NotFoundHandler handleRequest
INFO: Unknown request URI: /message?device=sdk_gphone64_x86_64%20-%2016%20-%20API%2036&app=com.anonymous.ecofit&clientid=DevLauncherBridgelessDevSupportManager
Nov 04, 2025 11:18:49 PM io.gapi.emulators.netty.NotFoundHandler handleRequest
INFO: Unknown request URI: /message?device=sdk_gphone64_x86_64%20-%2016%20-%20API%2036&app=com.anonymous.ecofit&clientid=DevLauncherBridgelessDevSupportManager
Nov 04, 2025 11:18:51 PM io.gapi.emulators.netty.NotFoundHandler handleRequest
INFO: Unknown request URI: /message?device=sdk_gphone64_x86_64%20-%2016%20-%20API%2036&app=com.anonymous.ecofit&clientid=DevLauncherBridgelessDevSupportManager
Nov 04, 2025 11:18:53 PM io.gapi.emulators.netty.NotFoundHandler handleRequest
INFO: Unknown request URI: /message?device=sdk_gphone64_x86_64%20-%2016%20-%20API%2036&app=com.anonymous.ecofit&clientid=DevLauncherBridgelessDevSupportManager
Nov 04, 2025 11:18:55 PM io.gapi.emulators.netty.NotFoundHandler handleRequest
INFO: Unknown request URI: /message?device=sdk_gphone64_x86_64%20-%2016%20-%20API%2036&app=com.anonymous.ecofit&clientid=DevLauncherBridgelessDevSupportManager
Nov 04, 2025 11:18:57 PM io.gapi.emulators.netty.NotFoundHandler handleRequest
INFO: Unknown request URI: /message?device=sdk_gphone64_x86_64%20-%2016%20-%20API%2036&app=com.anonymous.ecofit&clientid=DevLauncherBridgelessDevSupportManager
Nov 04, 2025 11:18:59 PM io.gapi.emulators.netty.NotFoundHandler handleRequest
INFO: Unknown request URI: /message?device=sdk_gphone64_x86_64%20-%2016%20-%20API%2036&app=com.anonymous.ecofit&clientid=DevLauncherBridgelessDevSupportManager
Nov 04, 2025 11:19:01 PM io.gapi.emulators.netty.NotFoundHandler handleRequest
INFO: Unknown request URI: /message?device=sdk_gphone64_x86_64%20-%2016%20-%20API%2036&app=com.anonymous.ecofit&clientid=DevLauncherBridgelessDevSupportManager
Nov 04, 2025 11:19:03 PM io.gapi.emulators.netty.NotFoundHandler handleRequest
INFO: Unknown request URI: /message?device=sdk_gphone64_x86_64%20-%2016%20-%20API%2036&app=com.anonymous.ecofit&clientid=DevLauncherBridgelessDevSupportManager
Nov 04, 2025 11:19:05 PM io.gapi.emulators.netty.NotFoundHandler handleRequest
INFO: Unknown request URI: /message?device=sdk_gphone64_x86_64%20-%2016%20-%20API%2036&app=com.anonymous.ecofit&clientid=DevLauncherBridgelessDevSupportManager
Nov 04, 2025 11:19:07 PM io.gapi.emulators.netty.NotFoundHandler handleRequest
INFO: Unknown request URI: /message?device=sdk_gphone64_x86_64%20-%2016%20-%20API%2036&app=com.anonymous.ecofit&clientid=DevLauncherBridgelessDevSupportManager
Nov 04, 2025 11:19:09 PM io.gapi.emulators.netty.NotFoundHandler handleRequest
INFO: Unknown request URI: /message?device=sdk_gphone64_x86_64%20-%2016%20-%20API%2036&app=com.anonymous.ecofit&clientid=DevLauncherBridgelessDevSupportManager
Nov 04, 2025 11:19:11 PM io.gapi.emulators.netty.NotFoundHandler handleRequest
INFO: Unknown request URI: /message?device=sdk_gphone64_x86_64%20-%2016%20-%20API%2036&app=com.anonymous.ecofit&clientid=DevLauncherBridgelessDevSupportManager
Nov 04, 2025 11:19:13 PM io.gapi.emulators.netty.NotFoundHandler handleRequest
INFO: Unknown request URI: /message?device=sdk_gphone64_x86_64%20-%2016%20-%20API%2036&app=com.anonymous.ecofit&clientid=DevLauncherBridgelessDevSupportManager
Nov 04, 2025 11:19:15 PM io.gapi.emulators.netty.NotFoundHandler handleRequest
INFO: Unknown request URI: /message?device=sdk_gphone64_x86_64%20-%2016%20-%20API%2036&app=com.anonymous.ecofit&clientid=DevLauncherBridgelessDevSupportManager
Nov 04, 2025 11:19:17 PM io.gapi.emulators.netty.NotFoundHandler handleRequest
INFO: Unknown request URI: /message?device=sdk_gphone64_x86_64%20-%2016%20-%20API%2036&app=com.anonymous.ecofit&clientid=DevLauncherBridgelessDevSupportManager
Nov 04, 2025 11:19:19 PM io.gapi.emulators.netty.NotFoundHandler handleRequest
INFO: Unknown request URI: /message?device=sdk_gphone64_x86_64%20-%2016%20-%20API%2036&app=com.anonymous.ecofit&clientid=DevLauncherBridgelessDevSupportManager
Nov 04, 2025 11:19:21 PM io.gapi.emulators.netty.NotFoundHandler handleRequest
INFO: Unknown request URI: /message?device=sdk_gphone64_x86_64%20-%2016%20-%20API%2036&app=com.anonymous.ecofit&clientid=DevLauncherBridgelessDevSupportManager
Nov 04, 2025 11:19:23 PM io.gapi.emulators.netty.NotFoundHandler handleRequest
INFO: Unknown request URI: /message?device=sdk_gphone64_x86_64%20-%2016%20-%20API%2036&app=com.anonymous.ecofit&clientid=DevLauncherBridgelessDevSupportManager
Nov 04, 2025 11:19:25 PM io.gapi.emulators.netty.NotFoundHandler handleRequest
INFO: Unknown request URI: /message?device=sdk_gphone64_x86_64%20-%2016%20-%20API%2036&app=com.anonymous.ecofit&clientid=DevLauncherBridgelessDevSupportManager
Nov 04, 2025 11:19:27 PM io.gapi.emulators.netty.NotFoundHandler handleRequest
INFO: Unknown request URI: /message?device=sdk_gphone64_x86_64%20-%2016%20-%20API%2036&app=com.anonymous.ecofit&clientid=DevLauncherBridgelessDevSupportManager
Nov 04, 2025 11:19:29 PM io.gapi.emulators.netty.NotFoundHandler handleRequest
INFO: Unknown request URI: /message?device=sdk_gphone64_x86_64%20-%2016%20-%20API%2036&app=com.anonymous.ecofit&clientid=DevLauncherBridgelessDevSupportManager
Nov 04, 2025 11:19:31 PM io.gapi.emulators.netty.NotFoundHandler handleRequest
INFO: Unknown request URI: /message?device=sdk_gphone64_x86_64%20-%2016%20-%20API%2036&app=com.anonymous.ecofit&clientid=DevLauncherBridgelessDevSupportManager
Nov 04, 2025 11:19:33 PM io.gapi.emulators.netty.NotFoundHandler handleRequest
INFO: Unknown request URI: /message?device=sdk_gphone64_x86_64%20-%2016%20-%20API%2036&app=com.anonymous.ecofit&clientid=DevLauncherBridgelessDevSupportManager
Nov 04, 2025 11:19:35 PM io.gapi.emulators.netty.NotFoundHandler handleRequest
INFO: Unknown request URI: /message?device=sdk_gphone64_x86_64%20-%2016%20-%20API%2036&app=com.anonymous.ecofit&clientid=DevLauncherBridgelessDevSupportManager
Nov 04, 2025 11:19:37 PM io.gapi.emulators.netty.NotFoundHandler handleRequest
INFO: Unknown request URI: /message?device=sdk_gphone64_x86_64%20-%2016%20-%20API%2036&app=com.anonymous.ecofit&clientid=DevLauncherBridgelessDevSupportManager
Nov 04, 2025 11:19:39 PM io.gapi.emulators.netty.NotFoundHandler handleRequest
INFO: Unknown request URI: /message?device=sdk_gphone64_x86_64%20-%2016%20-%20API%2036&app=com.anonymous.ecofit&clientid=DevLauncherBridgelessDevSupportManager
Nov 04, 2025 11:19:41 PM io.gapi.emulators.netty.NotFoundHandler handleRequest
INFO: Unknown request URI: /message?device=sdk_gphone64_x86_64%20-%2016%20-%20API%2036&app=com.anonymous.ecofit&clientid=DevLauncherBridgelessDevSupportManager
Nov 04, 2025 11:19:43 PM io.gapi.emulators.netty.NotFoundHandler handleRequest
INFO: Unknown request URI: /message?device=sdk_gphone64_x86_64%20-%2016%20-%20API%2036&app=com.anonymous.ecofit&clientid=DevLauncherBridgelessDevSupportManager
Nov 04, 2025 11:19:45 PM io.gapi.emulators.netty.NotFoundHandler handleRequest
INFO: Unknown request URI: /message?device=sdk_gphone64_x86_64%20-%2016%20-%20API%2036&app=com.anonymous.ecofit&clientid=DevLauncherBridgelessDevSupportManager
Nov 04, 2025 11:19:47 PM io.gapi.emulators.netty.NotFoundHandler handleRequest
INFO: Unknown request URI: /message?device=sdk_gphone64_x86_64%20-%2016%20-%20API%2036&app=com.anonymous.ecofit&clientid=DevLauncherBridgelessDevSupportManager
Nov 04, 2025 11:19:49 PM io.gapi.emulators.netty.NotFoundHandler handleRequest
INFO: Unknown request URI: /message?device=sdk_gphone64_x86_64%20-%2016%20-%20API%2036&app=com.anonymous.ecofit&clientid=DevLauncherBridgelessDevSupportManager
Nov 04, 2025 11:19:51 PM io.gapi.emulators.netty.NotFoundHandler handleRequest
INFO: Unknown request URI: /message?device=sdk_gphone64_x86_64%20-%2016%20-%20API%2036&app=com.anonymous.ecofit&clientid=DevLauncherBridgelessDevSupportManager
Nov 04, 2025 11:19:53 PM io.gapi.emulators.netty.NotFoundHandler handleRequest
INFO: Unknown request URI: /message?device=sdk_gphone64_x86_64%20-%2016%20-%20API%2036&app=com.anonymous.ecofit&clientid=DevLauncherBridgelessDevSupportManager
Nov 04, 2025 11:19:55 PM io.gapi.emulators.netty.NotFoundHandler handleRequest
INFO: Unknown request URI: /message?device=sdk_gphone64_x86_64%20-%2016%20-%20API%2036&app=com.anonymous.ecofit&clientid=DevLauncherBridgelessDevSupportManager
Nov 04, 2025 11:19:57 PM io.gapi.emulators.netty.NotFoundHandler handleRequest
INFO: Unknown request URI: /message?device=sdk_gphone64_x86_64%20-%2016%20-%20API%2036&app=com.anonymous.ecofit&clientid=DevLauncherBridgelessDevSupportManager
Nov 04, 2025 11:19:59 PM io.gapi.emulators.netty.NotFoundHandler handleRequest
INFO: Unknown request URI: /message?device=sdk_gphone64_x86_64%20-%2016%20-%20API%2036&app=com.anonymous.ecofit&clientid=DevLauncherBridgelessDevSupportManager
Nov 04, 2025 11:20:01 PM io.gapi.emulators.netty.NotFoundHandler handleRequest
INFO: Unknown request URI: /message?device=sdk_gphone64_x86_64%20-%2016%20-%20API%2036&app=com.anonymous.ecofit&clientid=DevLauncherBridgelessDevSupportManager
Nov 04, 2025 11:20:03 PM io.gapi.emulators.netty.NotFoundHandler handleRequest
INFO: Unknown request URI: /message?device=sdk_gphone64_x86_64%20-%2016%20-%20API%2036&app=com.anonymous.ecofit&clientid=DevLauncherBridgelessDevSupportManager
Nov 04, 2025 11:20:05 PM io.gapi.emulators.netty.NotFoundHandler handleRequest
INFO: Unknown request URI: /message?device=sdk_gphone64_x86_64%20-%2016%20-%20API%2036&app=com.anonymous.ecofit&clientid=DevLauncherBridgelessDevSupportManager
Nov 04, 2025 11:20:07 PM io.gapi.emulators.netty.NotFoundHandler handleRequest
INFO: Unknown request URI: /message?device=sdk_gphone64_x86_64%20-%2016%20-%20API%2036&app=com.anonymous.ecofit&clientid=DevLauncherBridgelessDevSupportManager
Nov 04, 2025 11:20:09 PM io.gapi.emulators.netty.NotFoundHandler handleRequest
INFO: Unknown request URI: /message?device=sdk_gphone64_x86_64%20-%2016%20-%20API%2036&app=com.anonymous.ecofit&clientid=DevLauncherBridgelessDevSupportManager
Nov 04, 2025 11:20:11 PM io.gapi.emulators.netty.NotFoundHandler handleRequest
INFO: Unknown request URI: /message?device=sdk_gphone64_x86_64%20-%2016%20-%20API%2036&app=com.anonymous.ecofit&clientid=DevLauncherBridgelessDevSupportManager
Nov 04, 2025 11:20:13 PM io.gapi.emulators.netty.NotFoundHandler handleRequest
INFO: Unknown request URI: /message?device=sdk_gphone64_x86_64%20-%2016%20-%20API%2036&app=com.anonymous.ecofit&clientid=DevLauncherBridgelessDevSupportManager
Nov 04, 2025 11:20:15 PM io.gapi.emulators.netty.NotFoundHandler handleRequest
INFO: Unknown request URI: /message?device=sdk_gphone64_x86_64%20-%2016%20-%20API%2036&app=com.anonymous.ecofit&clientid=DevLauncherBridgelessDevSupportManager
Nov 04, 2025 11:20:17 PM io.gapi.emulators.netty.NotFoundHandler handleRequest
INFO: Unknown request URI: /message?device=sdk_gphone64_x86_64%20-%2016%20-%20API%2036&app=com.anonymous.ecofit&clientid=DevLauncherBridgelessDevSupportManager
Nov 04, 2025 11:20:19 PM io.gapi.emulators.netty.NotFoundHandler handleRequest
INFO: Unknown request URI: /message?device=sdk_gphone64_x86_64%20-%2016%20-%20API%2036&app=com.anonymous.ecofit&clientid=DevLauncherBridgelessDevSupportManager
Nov 04, 2025 11:20:21 PM io.gapi.emulators.netty.NotFoundHandler handleRequest
INFO: Unknown request URI: /message?device=sdk_gphone64_x86_64%20-%2016%20-%20API%2036&app=com.anonymous.ecofit&clientid=DevLauncherBridgelessDevSupportManager
Nov 04, 2025 11:20:23 PM io.gapi.emulators.netty.NotFoundHandler handleRequest
INFO: Unknown request URI: /message?device=sdk_gphone64_x86_64%20-%2016%20-%20API%2036&app=com.anonymous.ecofit&clientid=DevLauncherBridgelessDevSupportManager
Nov 04, 2025 11:20:25 PM io.gapi.emulators.netty.NotFoundHandler handleRequest
INFO: Unknown request URI: /message?device=sdk_gphone64_x86_64%20-%2016%20-%20API%2036&app=com.anonymous.ecofit&clientid=DevLauncherBridgelessDevSupportManager
Nov 04, 2025 11:20:27 PM io.gapi.emulators.netty.NotFoundHandler handleRequest
INFO: Unknown request URI: /message?device=sdk_gphone64_x86_64%20-%2016%20-%20API%2036&app=com.anonymous.ecofit&clientid=DevLauncherBridgelessDevSupportManager
Nov 04, 2025 11:20:29 PM io.gapi.emulators.netty.NotFoundHandler handleRequest
INFO: Unknown request URI: /message?device=sdk_gphone64_x86_64%20-%2016%20-%20API%2036&app=com.anonymous.ecofit&clientid=DevLauncherBridgelessDevSupportManager
Nov 04, 2025 11:20:31 PM io.gapi.emulators.netty.NotFoundHandler handleRequest
INFO: Unknown request URI: /message?device=sdk_gphone64_x86_64%20-%2016%20-%20API%2036&app=com.anonymous.ecofit&clientid=DevLauncherBridgelessDevSupportManager
Nov 04, 2025 11:20:33 PM io.gapi.emulators.netty.NotFoundHandler handleRequest
INFO: Unknown request URI: /message?device=sdk_gphone64_x86_64%20-%2016%20-%20API%2036&app=com.anonymous.ecofit&clientid=DevLauncherBridgelessDevSupportManager
Nov 04, 2025 11:20:35 PM io.gapi.emulators.netty.NotFoundHandler handleRequest
INFO: Unknown request URI: /message?device=sdk_gphone64_x86_64%20-%2016%20-%20API%2036&app=com.anonymous.ecofit&clientid=DevLauncherBridgelessDevSupportManager
Nov 04, 2025 11:20:37 PM io.gapi.emulators.netty.NotFoundHandler handleRequest
INFO: Unknown request URI: /message?device=sdk_gphone64_x86_64%20-%2016%20-%20API%2036&app=com.anonymous.ecofit&clientid=DevLauncherBridgelessDevSupportManager
Nov 04, 2025 11:20:39 PM io.gapi.emulators.netty.NotFoundHandler handleRequest
INFO: Unknown request URI: /message?device=sdk_gphone64_x86_64%20-%2016%20-%20API%2036&app=com.anonymous.ecofit&clientid=DevLauncherBridgelessDevSupportManager
Nov 04, 2025 11:20:41 PM io.gapi.emulators.netty.NotFoundHandler handleRequest
INFO: Unknown request URI: /message?device=sdk_gphone64_x86_64%20-%2016%20-%20API%2036&app=com.anonymous.ecofit&clientid=DevLauncherBridgelessDevSupportManager
Nov 04, 2025 11:20:43 PM io.gapi.emulators.netty.NotFoundHandler handleRequest
INFO: Unknown request URI: /message?device=sdk_gphone64_x86_64%20-%2016%20-%20API%2036&app=com.anonymous.ecofit&clientid=DevLauncherBridgelessDevSupportManager
Nov 04, 2025 11:20:45 PM io.gapi.emulators.netty.NotFoundHandler handleRequest
INFO: Unknown request URI: /message?device=sdk_gphone64_x86_64%20-%2016%20-%20API%2036&app=com.anonymous.ecofit&clientid=DevLauncherBridgelessDevSupportManager
Nov 04, 2025 11:20:47 PM io.gapi.emulators.netty.NotFoundHandler handleRequest
INFO: Unknown request URI: /message?device=sdk_gphone64_x86_64%20-%2016%20-%20API%2036&app=com.anonymous.ecofit&clientid=DevLauncherBridgelessDevSupportManager
Nov 04, 2025 11:20:49 PM io.gapi.emulators.netty.NotFoundHandler handleRequest
INFO: Unknown request URI: /message?device=sdk_gphone64_x86_64%20-%2016%20-%20API%2036&app=com.anonymous.ecofit&clientid=DevLauncherBridgelessDevSupportManager
Nov 04, 2025 11:20:51 PM io.gapi.emulators.netty.NotFoundHandler handleRequest
INFO: Unknown request URI: /message?device=sdk_gphone64_x86_64%20-%2016%20-%20API%2036&app=com.anonymous.ecofit&clientid=DevLauncherBridgelessDevSupportManager
Nov 04, 2025 11:20:53 PM io.gapi.emulators.netty.NotFoundHandler handleRequest
INFO: Unknown request URI: /message?device=sdk_gphone64_x86_64%20-%2016%20-%20API%2036&app=com.anonymous.ecofit&clientid=DevLauncherBridgelessDevSupportManager
Nov 04, 2025 11:20:55 PM io.gapi.emulators.netty.NotFoundHandler handleRequest
INFO: Unknown request URI: /message?device=sdk_gphone64_x86_64%20-%2016%20-%20API%2036&app=com.anonymous.ecofit&clientid=DevLauncherBridgelessDevSupportManager
Nov 04, 2025 11:20:57 PM io.gapi.emulators.netty.NotFoundHandler handleRequest
INFO: Unknown request URI: /message?device=sdk_gphone64_x86_64%20-%2016%20-%20API%2036&app=com.anonymous.ecofit&clientid=DevLauncherBridgelessDevSupportManager
Nov 04, 2025 11:20:59 PM io.gapi.emulators.netty.NotFoundHandler handleRequest
INFO: Unknown request URI: /message?device=sdk_gphone64_x86_64%20-%2016%20-%20API%2036&app=com.anonymous.ecofit&clientid=DevLauncherBridgelessDevSupportManager
Nov 04, 2025 11:21:01 PM io.gapi.emulators.netty.NotFoundHandler handleRequest
INFO: Unknown request URI: /message?device=sdk_gphone64_x86_64%20-%2016%20-%20API%2036&app=com.anonymous.ecofit&clientid=DevLauncherBridgelessDevSupportManager
Nov 04, 2025 11:21:03 PM io.gapi.emulators.netty.NotFoundHandler handleRequest
INFO: Unknown request URI: /message?device=sdk_gphone64_x86_64%20-%2016%20-%20API%2036&app=com.anonymous.ecofit&clientid=DevLauncherBridgelessDevSupportManager
Nov 04, 2025 11:21:05 PM io.gapi.emulators.netty.NotFoundHandler handleRequest
INFO: Unknown request URI: /message?device=sdk_gphone64_x86_64%20-%2016%20-%20API%2036&app=com.anonymous.ecofit&clientid=DevLauncherBridgelessDevSupportManager
Nov 04, 2025 11:21:07 PM io.gapi.emulators.netty.NotFoundHandler handleRequest
INFO: Unknown request URI: /message?device=sdk_gphone64_x86_64%20-%2016%20-%20API%2036&app=com.anonymous.ecofit&clientid=DevLauncherBridgelessDevSupportManager
Nov 04, 2025 11:21:09 PM io.gapi.emulators.netty.NotFoundHandler handleRequest
INFO: Unknown request URI: /message?device=sdk_gphone64_x86_64%20-%2016%20-%20API%2036&app=com.anonymous.ecofit&clientid=DevLauncherBridgelessDevSupportManager
Nov 04, 2025 11:21:11 PM io.gapi.emulators.netty.NotFoundHandler handleRequest
INFO: Unknown request URI: /message?device=sdk_gphone64_x86_64%20-%2016%20-%20API%2036&app=com.anonymous.ecofit&clientid=DevLauncherBridgelessDevSupportManager
Nov 04, 2025 11:21:13 PM io.gapi.emulators.netty.NotFoundHandler handleRequest
INFO: Unknown request URI: /message?device=sdk_gphone64_x86_64%20-%2016%20-%20API%2036&app=com.anonymous.ecofit&clientid=DevLauncherBridgelessDevSupportManager
Nov 04, 2025 11:21:15 PM io.gapi.emulators.netty.NotFoundHandler handleRequest
INFO: Unknown request URI: /message?device=sdk_gphone64_x86_64%20-%2016%20-%20API%2036&app=com.anonymous.ecofit&clientid=DevLauncherBridgelessDevSupportManager
Nov 04, 2025 11:21:17 PM io.gapi.emulators.netty.NotFoundHandler handleRequest
INFO: Unknown request URI: /message?device=sdk_gphone64_x86_64%20-%2016%20-%20API%2036&app=com.anonymous.ecofit&clientid=DevLauncherBridgelessDevSupportManager
Nov 04, 2025 11:21:19 PM io.gapi.emulators.netty.NotFoundHandler handleRequest
INFO: Unknown request URI: /message?device=sdk_gphone64_x86_64%20-%2016%20-%20API%2036&app=com.anonymous.ecofit&clientid=DevLauncherBridgelessDevSupportManager
Nov 04, 2025 11:21:21 PM io.gapi.emulators.netty.NotFoundHandler handleRequest
INFO: Unknown request URI: /message?device=sdk_gphone64_x86_64%20-%2016%20-%20API%2036&app=com.anonymous.ecofit&clientid=DevLauncherBridgelessDevSupportManager
Nov 04, 2025 11:21:23 PM io.gapi.emulators.netty.NotFoundHandler handleRequest
INFO: Unknown request URI: /message?device=sdk_gphone64_x86_64%20-%2016%20-%20API%2036&app=com.anonymous.ecofit&clientid=DevLauncherBridgelessDevSupportManager
Nov 04, 2025 11:21:25 PM io.gapi.emulators.netty.NotFoundHandler handleRequest
INFO: Unknown request URI: /message?device=sdk_gphone64_x86_64%20-%2016%20-%20API%2036&app=com.anonymous.ecofit&clientid=DevLauncherBridgelessDevSupportManager
Nov 04, 2025 11:21:27 PM io.gapi.emulators.netty.NotFoundHandler handleRequest
INFO: Unknown request URI: /message?device=sdk_gphone64_x86_64%20-%2016%20-%20API%2036&app=com.anonymous.ecofit&clientid=DevLauncherBridgelessDevSupportManager
Nov 04, 2025 11:21:29 PM io.gapi.emulators.netty.NotFoundHandler handleRequest
INFO: Unknown request URI: /message?device=sdk_gphone64_x86_64%20-%2016%20-%20API%2036&app=com.anonymous.ecofit&clientid=DevLauncherBridgelessDevSupportManager
Nov 04, 2025 11:21:31 PM io.gapi.emulators.netty.NotFoundHandler handleRequest
INFO: Unknown request URI: /message?device=sdk_gphone64_x86_64%20-%2016%20-%20API%2036&app=com.anonymous.ecofit&clientid=DevLauncherBridgelessDevSupportManager
Nov 04, 2025 11:21:33 PM io.gapi.emulators.netty.NotFoundHandler handleRequest
INFO: Unknown request URI: /message?device=sdk_gphone64_x86_64%20-%2016%20-%20API%2036&app=com.anonymous.ecofit&clientid=DevLauncherBridgelessDevSupportManager
Nov 04, 2025 11:21:35 PM io.gapi.emulators.netty.NotFoundHandler handleRequest
INFO: Unknown request URI: /message?device=sdk_gphone64_x86_64%20-%2016%20-%20API%2036&app=com.anonymous.ecofit&clientid=DevLauncherBridgelessDevSupportManager
Nov 04, 2025 11:21:37 PM io.gapi.emulators.netty.NotFoundHandler handleRequest
INFO: Unknown request URI: /message?device=sdk_gphone64_x86_64%20-%2016%20-%20API%2036&app=com.anonymous.ecofit&clientid=DevLauncherBridgelessDevSupportManager
Nov 04, 2025 11:21:39 PM io.gapi.emulators.netty.NotFoundHandler handleRequest
INFO: Unknown request URI: /message?device=sdk_gphone64_x86_64%20-%2016%20-%20API%2036&app=com.anonymous.ecofit&clientid=DevLauncherBridgelessDevSupportManager
Nov 04, 2025 11:21:41 PM io.gapi.emulators.netty.NotFoundHandler handleRequest
INFO: Unknown request URI: /message?device=sdk_gphone64_x86_64%20-%2016%20-%20API%2036&app=com.anonymous.ecofit&clientid=DevLauncherBridgelessDevSupportManager
Nov 04, 2025 11:21:43 PM io.gapi.emulators.netty.NotFoundHandler handleRequest
INFO: Unknown request URI: /message?device=sdk_gphone64_x86_64%20-%2016%20-%20API%2036&app=com.anonymous.ecofit&clientid=DevLauncherBridgelessDevSupportManager
Nov 04, 2025 11:21:45 PM io.gapi.emulators.netty.NotFoundHandler handleRequest
INFO: Unknown request URI: /message?device=sdk_gphone64_x86_64%20-%2016%20-%20API%2036&app=com.anonymous.ecofit&clientid=DevLauncherBridgelessDevSupportManager
Nov 04, 2025 11:21:47 PM io.gapi.emulators.netty.NotFoundHandler handleRequest
INFO: Unknown request URI: /message?device=sdk_gphone64_x86_64%20-%2016%20-%20API%2036&app=com.anonymous.ecofit&clientid=DevLauncherBridgelessDevSupportManager
Nov 04, 2025 11:21:49 PM io.gapi.emulators.netty.NotFoundHandler handleRequest
INFO: Unknown request URI: /message?device=sdk_gphone64_x86_64%20-%2016%20-%20API%2036&app=com.anonymous.ecofit&clientid=DevLauncherBridgelessDevSupportManager
Nov 04, 2025 11:21:51 PM io.gapi.emulators.netty.NotFoundHandler handleRequest
INFO: Unknown request URI: /message?device=sdk_gphone64_x86_64%20-%2016%20-%20API%2036&app=com.anonymous.ecofit&clientid=DevLauncherBridgelessDevSupportManager
Nov 04, 2025 11:21:53 PM io.gapi.emulators.netty.NotFoundHandler handleRequest
INFO: Unknown request URI: /message?device=sdk_gphone64_x86_64%20-%2016%20-%20API%2036&app=com.anonymous.ecofit&clientid=DevLauncherBridgelessDevSupportManager
Nov 04, 2025 11:21:55 PM io.gapi.emulators.netty.NotFoundHandler handleRequest
INFO: Unknown request URI: /message?device=sdk_gphone64_x86_64%20-%2016%20-%20API%2036&app=com.anonymous.ecofit&clientid=DevLauncherBridgelessDevSupportManager
Nov 04, 2025 11:21:57 PM io.gapi.emulators.netty.NotFoundHandler handleRequest
INFO: Unknown request URI: /message?device=sdk_gphone64_x86_64%20-%2016%20-%20API%2036&app=com.anonymous.ecofit&clientid=DevLauncherBridgelessDevSupportManager
Nov 04, 2025 11:21:59 PM io.gapi.emulators.netty.NotFoundHandler handleRequest
INFO: Unknown request URI: /message?device=sdk_gphone64_x86_64%20-%2016%20-%20API%2036&app=com.anonymous.ecofit&clientid=DevLauncherBridgelessDevSupportManager
Nov 04, 2025 11:22:01 PM io.gapi.emulators.netty.NotFoundHandler handleRequest
INFO: Unknown request URI: /message?device=sdk_gphone64_x86_64%20-%2016%20-%20API%2036&app=com.anonymous.ecofit&clientid=DevLauncherBridgelessDevSupportManager
Nov 04, 2025 11:22:03 PM io.gapi.emulators.netty.NotFoundHandler handleRequest
INFO: Unknown request URI: /message?device=sdk_gphone64_x86_64%20-%2016%20-%20API%2036&app=com.anonymous.ecofit&clientid=DevLauncherBridgelessDevSupportManager
Nov 04, 2025 11:22:05 PM io.gapi.emulators.netty.NotFoundHandler handleRequest
INFO: Unknown request URI: /message?device=sdk_gphone64_x86_64%20-%2016%20-%20API%2036&app=com.anonymous.ecofit&clientid=DevLauncherBridgelessDevSupportManager
Nov 04, 2025 11:22:07 PM io.gapi.emulators.netty.NotFoundHandler handleRequest
INFO: Unknown request URI: /message?device=sdk_gphone64_x86_64%20-%2016%20-%20API%2036&app=com.anonymous.ecofit&clientid=DevLauncherBridgelessDevSupportManager
Nov 04, 2025 11:22:09 PM io.gapi.emulators.netty.NotFoundHandler handleRequest
INFO: Unknown request URI: /message?device=sdk_gphone64_x86_64%20-%2016%20-%20API%2036&app=com.anonymous.ecofit&clientid=DevLauncherBridgelessDevSupportManager
Nov 04, 2025 11:22:11 PM io.gapi.emulators.netty.NotFoundHandler handleRequest
INFO: Unknown request URI: /message?device=sdk_gphone64_x86_64%20-%2016%20-%20API%2036&app=com.anonymous.ecofit&clientid=DevLauncherBridgelessDevSupportManager
Nov 04, 2025 11:22:13 PM io.gapi.emulators.netty.NotFoundHandler handleRequest
INFO: Unknown request URI: /message?device=sdk_gphone64_x86_64%20-%2016%20-%20API%2036&app=com.anonymous.ecofit&clientid=DevLauncherBridgelessDevSupportManager
Nov 04, 2025 11:22:15 PM io.gapi.emulators.netty.NotFoundHandler handleRequest
INFO: Unknown request URI: /message?device=sdk_gphone64_x86_64%20-%2016%20-%20API%2036&app=com.anonymous.ecofit&clientid=DevLauncherBridgelessDevSupportManager
Nov 04, 2025 11:22:17 PM io.gapi.emulators.netty.NotFoundHandler handleRequest
INFO: Unknown request URI: /message?device=sdk_gphone64_x86_64%20-%2016%20-%20API%2036&app=com.anonymous.ecofit&clientid=DevLauncherBridgelessDevSupportManager
Nov 04, 2025 11:22:19 PM io.gapi.emulators.netty.NotFoundHandler handleRequest
INFO: Unknown request URI: /message?device=sdk_gphone64_x86_64%20-%2016%20-%20API%2036&app=com.anonymous.ecofit&clientid=DevLauncherBridgelessDevSupportManager
Nov 04, 2025 11:22:21 PM io.gapi.emulators.netty.NotFoundHandler handleRequest
INFO: Unknown request URI: /message?device=sdk_gphone64_x86_64%20-%2016%20-%20API%2036&app=com.anonymous.ecofit&clientid=DevLauncherBridgelessDevSupportManager
Nov 04, 2025 11:22:23 PM io.gapi.emulators.netty.NotFoundHandler handleRequest
INFO: Unknown request URI: /message?device=sdk_gphone64_x86_64%20-%2016%20-%20API%2036&app=com.anonymous.ecofit&clientid=DevLauncherBridgelessDevSupportManager
Nov 04, 2025 11:22:25 PM io.gapi.emulators.netty.NotFoundHandler handleRequest
INFO: Unknown request URI: /message?device=sdk_gphone64_x86_64%20-%2016%20-%20API%2036&app=com.anonymous.ecofit&clientid=DevLauncherBridgelessDevSupportManager
Nov 04, 2025 11:22:27 PM io.gapi.emulators.netty.NotFoundHandler handleRequest
INFO: Unknown request URI: /message?device=sdk_gphone64_x86_64%20-%2016%20-%20API%2036&app=com.anonymous.ecofit&clientid=DevLauncherBridgelessDevSupportManager
Nov 04, 2025 11:22:29 PM io.gapi.emulators.netty.NotFoundHandler handleRequest
INFO: Unknown request URI: /message?device=sdk_gphone64_x86_64%20-%2016%20-%20API%2036&app=com.anonymous.ecofit&clientid=DevLauncherBridgelessDevSupportManager
Nov 04, 2025 11:22:31 PM io.gapi.emulators.netty.NotFoundHandler handleRequest
INFO: Unknown request URI: /message?device=sdk_gphone64_x86_64%20-%2016%20-%20API%2036&app=com.anonymous.ecofit&clientid=DevLauncherBridgelessDevSupportManager
Nov 04, 2025 11:22:33 PM io.gapi.emulators.netty.NotFoundHandler handleRequest
INFO: Unknown request URI: /message?device=sdk_gphone64_x86_64%20-%2016%20-%20API%2036&app=com.anonymous.ecofit&clientid=DevLauncherBridgelessDevSupportManager
Nov 04, 2025 11:22:35 PM io.gapi.emulators.netty.NotFoundHandler handleRequest
INFO: Unknown request URI: /message?device=sdk_gphone64_x86_64%20-%2016%20-%20API%2036&app=com.anonymous.ecofit&clientid=DevLauncherBridgelessDevSupportManager
Nov 04, 2025 11:22:37 PM io.gapi.emulators.netty.NotFoundHandler handleRequest
INFO: Unknown request URI: /message?device=sdk_gphone64_x86_64%20-%2016%20-%20API%2036&app=com.anonymous.ecofit&clientid=DevLauncherBridgelessDevSupportManager
Nov 04, 2025 11:22:39 PM io.gapi.emulators.netty.NotFoundHandler handleRequest
INFO: Unknown request URI: /message?device=sdk_gphone64_x86_64%20-%2016%20-%20API%2036&app=com.anonymous.ecofit&clientid=DevLauncherBridgelessDevSupportManager
Nov 04, 2025 11:22:41 PM io.gapi.emulators.netty.NotFoundHandler handleRequest
INFO: Unknown request URI: /message?device=sdk_gphone64_x86_64%20-%2016%20-%20API%2036&app=com.anonymous.ecofit&clientid=DevLauncherBridgelessDevSupportManager
Nov 04, 2025 11:22:43 PM io.gapi.emulators.netty.NotFoundHandler handleRequest
INFO: Unknown request URI: /message?device=sdk_gphone64_x86_64%20-%2016%20-%20API%2036&app=com.anonymous.ecofit&clientid=DevLauncherBridgelessDevSupportManager
Nov 04, 2025 11:22:45 PM io.gapi.emulators.netty.NotFoundHandler handleRequest
INFO: Unknown request URI: /message?device=sdk_gphone64_x86_64%20-%2016%20-%20API%2036&app=com.anonymous.ecofit&clientid=DevLauncherBridgelessDevSupportManager
Nov 04, 2025 11:22:47 PM io.gapi.emulators.netty.NotFoundHandler handleRequest
INFO: Unknown request URI: /message?device=sdk_gphone64_x86_64%20-%2016%20-%20API%2036&app=com.anonymous.ecofit&clientid=DevLauncherBridgelessDevSupportManager
Nov 04, 2025 11:22:49 PM io.gapi.emulators.netty.NotFoundHandler handleRequest
INFO: Unknown request URI: /message?device=sdk_gphone64_x86_64%20-%2016%20-%20API%2036&app=com.anonymous.ecofit&clientid=DevLauncherBridgelessDevSupportManager
Nov 04, 2025 11:22:51 PM io.gapi.emulators.netty.NotFoundHandler handleRequest
INFO: Unknown request URI: /message?device=sdk_gphone64_x86_64%20-%2016%20-%20API%2036&app=com.anonymous.ecofit&clientid=DevLauncherBridgelessDevSupportManager
Nov 04, 2025 11:22:53 PM io.gapi.emulators.netty.NotFoundHandler handleRequest
INFO: Unknown request URI: /message?device=sdk_gphone64_x86_64%20-%2016%20-%20API%2036&app=com.anonymous.ecofit&clientid=DevLauncherBridgelessDevSupportManager
Nov 04, 2025 11:22:55 PM io.gapi.emulators.netty.NotFoundHandler handleRequest
INFO: Unknown request URI: /message?device=sdk_gphone64_x86_64%20-%2016%20-%20API%2036&app=com.anonymous.ecofit&clientid=DevLauncherBridgelessDevSupportManager
Nov 04, 2025 11:22:57 PM io.gapi.emulators.netty.NotFoundHandler handleRequest
INFO: Unknown request URI: /message?device=sdk_gphone64_x86_64%20-%2016%20-%20API%2036&app=com.anonymous.ecofit&clientid=DevLauncherBridgelessDevSupportManager
Nov 04, 2025 11:22:59 PM io.gapi.emulators.netty.NotFoundHandler handleRequest
INFO: Unknown request URI: /message?device=sdk_gphone64_x86_64%20-%2016%20-%20API%2036&app=com.anonymous.ecofit&clientid=DevLauncherBridgelessDevSupportManager
Nov 04, 2025 11:23:01 PM io.gapi.emulators.netty.NotFoundHandler handleRequest
INFO: Unknown request URI: /message?device=sdk_gphone64_x86_64%20-%2016%20-%20API%2036&app=com.anonymous.ecofit&clientid=DevLauncherBridgelessDevSupportManager
Nov 04, 2025 11:23:03 PM io.gapi.emulators.netty.NotFoundHandler handleRequest
INFO: Unknown request URI: /message?device=sdk_gphone64_x86_64%20-%2016%20-%20API%2036&app=com.anonymous.ecofit&clientid=DevLauncherBridgelessDevSupportManager
Nov 04, 2025 11:23:05 PM io.gapi.emulators.netty.NotFoundHandler handleRequest
INFO: Unknown request URI: /message?device=sdk_gphone64_x86_64%20-%2016%20-%20API%2036&app=com.anonymous.ecofit&clientid=DevLauncherBridgelessDevSupportManager
Nov 04, 2025 11:23:07 PM io.gapi.emulators.netty.NotFoundHandler handleRequest
INFO: Unknown request URI: /message?device=sdk_gphone64_x86_64%20-%2016%20-%20API%2036&app=com.anonymous.ecofit&clientid=DevLauncherBridgelessDevSupportManager
Nov 04, 2025 11:23:09 PM io.gapi.emulators.netty.NotFoundHandler handleRequest
INFO: Unknown request URI: /message?device=sdk_gphone64_x86_64%20-%2016%20-%20API%2036&app=com.anonymous.ecofit&clientid=DevLauncherBridgelessDevSupportManager
Nov 04, 2025 11:23:11 PM io.gapi.emulators.netty.NotFoundHandler handleRequest
INFO: Unknown request URI: /message?device=sdk_gphone64_x86_64%20-%2016%20-%20API%2036&app=com.anonymous.ecofit&clientid=DevLauncherBridgelessDevSupportManager
Nov 04, 2025 11:23:13 PM io.gapi.emulators.netty.NotFoundHandler handleRequest
INFO: Unknown request URI: /message?device=sdk_gphone64_x86_64%20-%2016%20-%20API%2036&app=com.anonymous.ecofit&clientid=DevLauncherBridgelessDevSupportManager
Nov 04, 2025 11:23:15 PM io.gapi.emulators.netty.NotFoundHandler handleRequest
INFO: Unknown request URI: /message?device=sdk_gphone64_x86_64%20-%2016%20-%20API%2036&app=com.anonymous.ecofit&clientid=DevLauncherBridgelessDevSupportManager
Nov 04, 2025 11:23:17 PM io.gapi.emulators.netty.NotFoundHandler handleRequest
INFO: Unknown request URI: /message?device=sdk_gphone64_x86_64%20-%2016%20-%20API%2036&app=com.anonymous.ecofit&clientid=DevLauncherBridgelessDevSupportManager
Nov 04, 2025 11:23:19 PM io.gapi.emulators.netty.NotFoundHandler handleRequest
INFO: Unknown request URI: /message?device=sdk_gphone64_x86_64%20-%2016%20-%20API%2036&app=com.anonymous.ecofit&clientid=DevLauncherBridgelessDevSupportManager
Nov 04, 2025 11:23:21 PM io.gapi.emulators.netty.NotFoundHandler handleRequest
INFO: Unknown request URI: /message?device=sdk_gphone64_x86_64%20-%2016%20-%20API%2036&app=com.anonymous.ecofit&clientid=DevLauncherBridgelessDevSupportManager
Nov 04, 2025 11:23:23 PM io.gapi.emulators.netty.NotFoundHandler handleRequest
INFO: Unknown request URI: /message?device=sdk_gphone64_x86_64%20-%2016%20-%20API%2036&app=com.anonymous.ecofit&clientid=DevLauncherBridgelessDevSupportManager
Nov 04, 2025 11:23:25 PM io.gapi.emulators.netty.NotFoundHandler handleRequest
INFO: Unknown request URI: /message?device=sdk_gphone64_x86_64%20-%2016%20-%20API%2036&app=com.anonymous.ecofit&clientid=DevLauncherBridgelessDevSupportManager
Nov 04, 2025 11:23:27 PM io.gapi.emulators.netty.NotFoundHandler handleRequest
INFO: Unknown request URI: /message?device=sdk_gphone64_x86_64%20-%2016%20-%20API%2036&app=com.anonymous.ecofit&clientid=DevLauncherBridgelessDevSupportManager
Nov 04, 2025 11:23:29 PM io.gapi.emulators.netty.NotFoundHandler handleRequest
INFO: Unknown request URI: /message?device=sdk_gphone64_x86_64%20-%2016%20-%20API%2036&app=com.anonymous.ecofit&clientid=DevLauncherBridgelessDevSupportManager
Nov 04, 2025 11:23:31 PM io.gapi.emulators.netty.NotFoundHandler handleRequest
INFO: Unknown request URI: /message?device=sdk_gphone64_x86_64%20-%2016%20-%20API%2036&app=com.anonymous.ecofit&clientid=DevLauncherBridgelessDevSupportManager
Nov 04, 2025 11:23:33 PM io.gapi.emulators.netty.NotFoundHandler handleRequest
INFO: Unknown request URI: /message?device=sdk_gphone64_x86_64%20-%2016%20-%20API%2036&app=com.anonymous.ecofit&clientid=DevLauncherBridgelessDevSupportManager
Nov 04, 2025 11:23:35 PM io.gapi.emulators.netty.NotFoundHandler handleRequest
INFO: Unknown request URI: /message?device=sdk_gphone64_x86_64%20-%2016%20-%20API%2036&app=com.anonymous.ecofit&clientid=DevLauncherBridgelessDevSupportManager
Nov 04, 2025 11:23:37 PM io.gapi.emulators.netty.NotFoundHandler handleRequest
INFO: Unknown request URI: /message?device=sdk_gphone64_x86_64%20-%2016%20-%20API%2036&app=com.anonymous.ecofit&clientid=DevLauncherBridgelessDevSupportManager
Nov 04, 2025 11:23:39 PM io.gapi.emulators.netty.NotFoundHandler handleRequest
INFO: Unknown request URI: /message?device=sdk_gphone64_x86_64%20-%2016%20-%20API%2036&app=com.anonymous.ecofit&clientid=DevLauncherBridgelessDevSupportManager
Nov 04, 2025 11:23:42 PM io.gapi.emulators.netty.NotFoundHandler handleRequest
INFO: Unknown request URI: /message?device=sdk_gphone64_x86_64%20-%2016%20-%20API%2036&app=com.anonymous.ecofit&clientid=DevLauncherBridgelessDevSupportManager
Nov 04, 2025 11:23:44 PM io.gapi.emulators.netty.NotFoundHandler handleRequest
INFO: Unknown request URI: /message?device=sdk_gphone64_x86_64%20-%2016%20-%20API%2036&app=com.anonymous.ecofit&clientid=DevLauncherBridgelessDevSupportManager
Nov 04, 2025 11:23:46 PM io.gapi.emulators.netty.NotFoundHandler handleRequest
INFO: Unknown request URI: /message?device=sdk_gphone64_x86_64%20-%2016%20-%20API%2036&app=com.anonymous.ecofit&clientid=DevLauncherBridgelessDevSupportManager
Nov 04, 2025 11:23:48 PM io.gapi.emulators.netty.NotFoundHandler handleRequest
INFO: Unknown request URI: /message?device=sdk_gphone64_x86_64%20-%2016%20-%20API%2036&app=com.anonymous.ecofit&clientid=DevLauncherBridgelessDevSupportManager
Nov 04, 2025 11:23:50 PM io.gapi.emulators.netty.NotFoundHandler handleRequest
INFO: Unknown request URI: /message?device=sdk_gphone64_x86_64%20-%2016%20-%20API%2036&app=com.anonymous.ecofit&clientid=DevLauncherBridgelessDevSupportManager
Nov 04, 2025 11:23:52 PM io.gapi.emulators.netty.NotFoundHandler handleRequest
INFO: Unknown request URI: /message?device=sdk_gphone64_x86_64%20-%2016%20-%20API%2036&app=com.anonymous.ecofit&clientid=DevLauncherBridgelessDevSupportManager
Nov 04, 2025 11:23:54 PM io.gapi.emulators.netty.NotFoundHandler handleRequest
INFO: Unknown request URI: /message?device=sdk_gphone64_x86_64%20-%2016%20-%20API%2036&app=com.anonymous.ecofit&clientid=DevLauncherBridgelessDevSupportManager
Nov 04, 2025 11:23:56 PM io.gapi.emulators.netty.NotFoundHandler handleRequest
INFO: Unknown request URI: /message?device=sdk_gphone64_x86_64%20-%2016%20-%20API%2036&app=com.anonymous.ecofit&clientid=DevLauncherBridgelessDevSupportManager
Nov 04, 2025 11:23:58 PM io.gapi.emulators.netty.NotFoundHandler handleRequest
INFO: Unknown request URI: /message?device=sdk_gphone64_x86_64%20-%2016%20-%20API%2036&app=com.anonymous.ecofit&clientid=DevLauncherBridgelessDevSupportManager
Nov 04, 2025 11:24:00 PM io.gapi.emulators.netty.NotFoundHandler handleRequest
INFO: Unknown request URI: /message?device=sdk_gphone64_x86_64%20-%2016%20-%20API%2036&app=com.anonymous.ecofit&clientid=DevLauncherBridgelessDevSupportManager
Nov 04, 2025 11:24:02 PM io.gapi.emulators.netty.NotFoundHandler handleRequest
INFO: Unknown request URI: /message?device=sdk_gphone64_x86_64%20-%2016%20-%20API%2036&app=com.anonymous.ecofit&clientid=DevLauncherBridgelessDevSupportManager
Nov 04, 2025 11:24:04 PM io.gapi.emulators.netty.NotFoundHandler handleRequest
INFO: Unknown request URI: /message?device=sdk_gphone64_x86_64%20-%2016%20-%20API%2036&app=com.anonymous.ecofit&clientid=DevLauncherBridgelessDevSupportManager
Nov 04, 2025 11:24:06 PM io.gapi.emulators.netty.NotFoundHandler handleRequest
INFO: Unknown request URI: /message?device=sdk_gphone64_x86_64%20-%2016%20-%20API%2036&app=com.anonymous.ecofit&clientid=DevLauncherBridgelessDevSupportManager
Nov 04, 2025 11:24:08 PM io.gapi.emulators.netty.NotFoundHandler handleRequest
INFO: Unknown request URI: /message?device=sdk_gphone64_x86_64%20-%2016%20-%20API%2036&app=com.anonymous.ecofit&clientid=DevLauncherBridgelessDevSupportManager
Nov 04, 2025 11:24:10 PM io.gapi.emulators.netty.NotFoundHandler handleRequest
INFO: Unknown request URI: /message?device=sdk_gphone64_x86_64%20-%2016%20-%20API%2036&app=com.anonymous.ecofit&clientid=DevLauncherBridgelessDevSupportManager
Nov 04, 2025 11:24:12 PM io.gapi.emulators.netty.NotFoundHandler handleRequest
INFO: Unknown request URI: /message?device=sdk_gphone64_x86_64%20-%2016%20-%20API%2036&app=com.anonymous.ecofit&clientid=DevLauncherBridgelessDevSupportManager
Nov 04, 2025 11:24:14 PM io.gapi.emulators.netty.NotFoundHandler handleRequest
INFO: Unknown request URI: /message?device=sdk_gphone64_x86_64%20-%2016%20-%20API%2036&app=com.anonymous.ecofit&clientid=DevLauncherBridgelessDevSupportManager
Nov 04, 2025 11:24:16 PM io.gapi.emulators.netty.NotFoundHandler handleRequest
INFO: Unknown request URI: /message?device=sdk_gphone64_x86_64%20-%2016%20-%20API%2036&app=com.anonymous.ecofit&clientid=DevLauncherBridgelessDevSupportManager
Nov 04, 2025 11:24:18 PM io.gapi.emulators.netty.NotFoundHandler handleRequest
INFO: Unknown request URI: /message?device=sdk_gphone64_x86_64%20-%2016%20-%20API%2036&app=com.anonymous.ecofit&clientid=DevLauncherBridgelessDevSupportManager
Nov 04, 2025 11:24:20 PM io.gapi.emulators.netty.NotFoundHandler handleRequest
INFO: Unknown request URI: /message?device=sdk_gphone64_x86_64%20-%2016%20-%20API%2036&app=com.anonymous.ecofit&clientid=DevLauncherBridgelessDevSupportManager
Nov 04, 2025 11:24:22 PM io.gapi.emulators.netty.NotFoundHandler handleRequest
INFO: Unknown request URI: /message?device=sdk_gphone64_x86_64%20-%2016%20-%20API%2036&app=com.anonymous.ecofit&clientid=DevLauncherBridgelessDevSupportManager
Nov 04, 2025 11:24:24 PM io.gapi.emulators.netty.NotFoundHandler handleRequest
INFO: Unknown request URI: /message?device=sdk_gphone64_x86_64%20-%2016%20-%20API%2036&app=com.anonymous.ecofit&clientid=DevLauncherBridgelessDevSupportManager
Nov 04, 2025 11:24:26 PM io.gapi.emulators.netty.NotFoundHandler handleRequest
INFO: Unknown request URI: /message?device=sdk_gphone64_x86_64%20-%2016%20-%20API%2036&app=com.anonymous.ecofit&clientid=DevLauncherBridgelessDevSupportManager
Nov 04, 2025 11:24:28 PM io.gapi.emulators.netty.NotFoundHandler handleRequest
INFO: Unknown request URI: /message?device=sdk_gphone64_x86_64%20-%2016%20-%20API%2036&app=com.anonymous.ecofit&clientid=DevLauncherBridgelessDevSupportManager
Nov 04, 2025 11:24:30 PM io.gapi.emulators.netty.NotFoundHandler handleRequest
INFO: Unknown request URI: /message?device=sdk_gphone64_x86_64%20-%2016%20-%20API%2036&app=com.anonymous.ecofit&clientid=DevLauncherBridgelessDevSupportManager
Nov 04, 2025 11:24:32 PM io.gapi.emulators.netty.NotFoundHandler handleRequest
INFO: Unknown request URI: /message?device=sdk_gphone64_x86_64%20-%2016%20-%20API%2036&app=com.anonymous.ecofit&clientid=DevLauncherBridgelessDevSupportManager
Nov 04, 2025 11:24:34 PM io.gapi.emulators.netty.NotFoundHandler handleRequest
INFO: Unknown request URI: /message?device=sdk_gphone64_x86_64%20-%2016%20-%20API%2036&app=com.anonymous.ecofit&clientid=DevLauncherBridgelessDevSupportManager
Nov 04, 2025 11:24:36 PM io.gapi.emulators.netty.NotFoundHandler handleRequest
INFO: Unknown request URI: /message?device=sdk_gphone64_x86_64%20-%2016%20-%20API%2036&app=com.anonymous.ecofit&clientid=DevLauncherBridgelessDevSupportManager
Nov 04, 2025 11:24:38 PM io.gapi.emulators.netty.NotFoundHandler handleRequest
INFO: Unknown request URI: /message?device=sdk_gphone64_x86_64%20-%2016%20-%20API%2036&app=com.anonymous.ecofit&clientid=DevLauncherBridgelessDevSupportManager
Nov 04, 2025 11:24:40 PM io.gapi.emulators.netty.NotFoundHandler handleRequest
INFO: Unknown request URI: /message?device=sdk_gphone64_x86_64%20-%2016%20-%20API%2036&app=com.anonymous.ecofit&clientid=DevLauncherBridgelessDevSupportManager
Nov 04, 2025 11:24:42 PM io.gapi.emulators.netty.NotFoundHandler handleRequest
INFO: Unknown request URI: /message?device=sdk_gphone64_x86_64%20-%2016%20-%20API%2036&app=com.anonymous.ecofit&clientid=DevLauncherBridgelessDevSupportManager
Nov 04, 2025 11:24:44 PM io.gapi.emulators.netty.NotFoundHandler handleRequest
INFO: Unknown request URI: /message?device=sdk_gphone64_x86_64%20-%2016%20-%20API%2036&app=com.anonymous.ecofit&clientid=DevLauncherBridgelessDevSupportManager
Nov 04, 2025 11:24:46 PM io.gapi.emulators.netty.NotFoundHandler handleRequest
INFO: Unknown request URI: /message?device=sdk_gphone64_x86_64%20-%2016%20-%20API%2036&app=com.anonymous.ecofit&clientid=DevLauncherBridgelessDevSupportManager
Nov 04, 2025 11:24:48 PM io.gapi.emulators.netty.NotFoundHandler handleRequest
INFO: Unknown request URI: /message?device=sdk_gphone64_x86_64%20-%2016%20-%20API%2036&app=com.anonymous.ecofit&clientid=DevLauncherBridgelessDevSupportManager
Nov 04, 2025 11:24:50 PM io.gapi.emulators.netty.NotFoundHandler handleRequest
INFO: Unknown request URI: /message?device=sdk_gphone64_x86_64%20-%2016%20-%20API%2036&app=com.anonymous.ecofit&clientid=DevLauncherBridgelessDevSupportManager
Nov 04, 2025 11:24:52 PM io.gapi.emulators.netty.NotFoundHandler handleRequest
INFO: Unknown request URI: /message?device=sdk_gphone64_x86_64%20-%2016%20-%20API%2036&app=com.anonymous.ecofit&clientid=DevLauncherBridgelessDevSupportManager
Nov 04, 2025 11:24:54 PM io.gapi.emulators.netty.NotFoundHandler handleRequest
INFO: Unknown request URI: /message?device=sdk_gphone64_x86_64%20-%2016%20-%20API%2036&app=com.anonymous.ecofit&clientid=DevLauncherBridgelessDevSupportManager
Nov 04, 2025 11:24:56 PM io.gapi.emulators.netty.NotFoundHandler handleRequest
INFO: Unknown request URI: /message?device=sdk_gphone64_x86_64%20-%2016%20-%20API%2036&app=com.anonymous.ecofit&clientid=DevLauncherBridgelessDevSupportManager
Nov 04, 2025 11:24:58 PM io.gapi.emulators.netty.NotFoundHandler handleRequest
INFO: Unknown request URI: /message?device=sdk_gphone64_x86_64%20-%2016%20-%20API%2036&app=com.anonymous.ecofit&clientid=DevLauncherBridgelessDevSupportManager
Nov 04, 2025 11:25:00 PM io.gapi.emulators.netty.NotFoundHandler handleRequest
INFO: Unknown request URI: /message?device=sdk_gphone64_x86_64%20-%2016%20-%20API%2036&app=com.anonymous.ecofit&clientid=DevLauncherBridgelessDevSupportManager
Nov 04, 2025 11:25:02 PM io.gapi.emulators.netty.NotFoundHandler handleRequest
INFO: Unknown request URI: /message?device=sdk_gphone64_x86_64%20-%2016%20-%20API%2036&app=com.anonymous.ecofit&clientid=DevLauncherBridgelessDevSupportManager
Nov 04, 2025 11:25:04 PM io.gapi.emulators.netty.NotFoundHandler handleRequest
INFO: Unknown request URI: /message?device=sdk_gphone64_x86_64%20-%2016%20-%20API%2036&app=com.anonymous.ecofit&clientid=DevLauncherBridgelessDevSupportManager
Nov 04, 2025 11:25:06 PM io.gapi.emulators.netty.NotFoundHandler handleRequest
INFO: Unknown request URI: /message?device=sdk_gphone64_x86_64%20-%2016%20-%20API%2036&app=com.anonymous.ecofit&clientid=DevLauncherBridgelessDevSupportManager
Nov 04, 2025 11:25:08 PM io.gapi.emulators.netty.NotFoundHandler handleRequest
INFO: Unknown request URI: /message?device=sdk_gphone64_x86_64%20-%2016%20-%20API%2036&app=com.anonymous.ecofit&clientid=DevLauncherBridgelessDevSupportManager
Nov 04, 2025 11:25:10 PM io.gapi.emulators.netty.NotFoundHandler handleRequest
INFO: Unknown request URI: /message?device=sdk_gphone64_x86_64%20-%2016%20-%20API%2036&app=com.anonymous.ecofit&clientid=DevLauncherBridgelessDevSupportManager
Nov 04, 2025 11:25:12 PM io.gapi.emulators.netty.NotFoundHandler handleRequest
INFO: Unknown request URI: /message?device=sdk_gphone64_x86_64%20-%2016%20-%20API%2036&app=com.anonymous.ecofit&clientid=DevLauncherBridgelessDevSupportManager
Nov 04, 2025 11:25:14 PM io.gapi.emulators.netty.NotFoundHandler handleRequest
INFO: Unknown request URI: /message?device=sdk_gphone64_x86_64%20-%2016%20-%20API%2036&app=com.anonymous.ecofit&clientid=DevLauncherBridgelessDevSupportManager
Nov 04, 2025 11:25:16 PM io.gapi.emulators.netty.NotFoundHandler handleRequest
INFO: Unknown request URI: /message?device=sdk_gphone64_x86_64%20-%2016%20-%20API%2036&app=com.anonymous.ecofit&clientid=DevLauncherBridgelessDevSupportManager
Nov 04, 2025 11:25:18 PM io.gapi.emulators.netty.NotFoundHandler handleRequest
INFO: Unknown request URI: /message?device=sdk_gphone64_x86_64%20-%2016%20-%20API%2036&app=com.anonymous.ecofit&clientid=DevLauncherBridgelessDevSupportManager
Nov 04, 2025 11:25:20 PM io.gapi.emulators.netty.NotFoundHandler handleRequest
INFO: Unknown request URI: /message?device=sdk_gphone64_x86_64%20-%2016%20-%20API%2036&app=com.anonymous.ecofit&clientid=DevLauncherBridgelessDevSupportManager
Nov 04, 2025 11:25:22 PM io.gapi.emulators.netty.NotFoundHandler handleRequest
INFO: Unknown request URI: /message?device=sdk_gphone64_x86_64%20-%2016%20-%20API%2036&app=com.anonymous.ecofit&clientid=DevLauncherBridgelessDevSupportManager
Nov 04, 2025 11:25:24 PM io.gapi.emulators.netty.NotFoundHandler handleRequest
INFO: Unknown request URI: /message?device=sdk_gphone64_x86_64%20-%2016%20-%20API%2036&app=com.anonymous.ecofit&clientid=DevLauncherBridgelessDevSupportManager
Nov 04, 2025 11:25:26 PM io.gapi.emulators.netty.NotFoundHandler handleRequest
INFO: Unknown request URI: /message?device=sdk_gphone64_x86_64%20-%2016%20-%20API%2036&app=com.anonymous.ecofit&clientid=DevLauncherBridgelessDevSupportManager
Nov 04, 2025 11:25:28 PM io.gapi.emulators.netty.NotFoundHandler handleRequest
INFO: Unknown request URI: /message?device=sdk_gphone64_x86_64%20-%2016%20-%20API%2036&app=com.anonymous.ecofit&clientid=DevLauncherBridgelessDevSupportManager
Nov 04, 2025 11:25:30 PM io.gapi.emulators.netty.NotFoundHandler handleRequest
INFO: Unknown request URI: /message?device=sdk_gphone64_x86_64%20-%2016%20-%20API%2036&app=com.anonymous.ecofit&clientid=DevLauncherBridgelessDevSupportManager
Nov 04, 2025 11:25:32 PM io.gapi.emulators.netty.NotFoundHandler handleRequest
INFO: Unknown request URI: /message?device=sdk_gphone64_x86_64%20-%2016%20-%20API%2036&app=com.anonymous.ecofit&clientid=DevLauncherBridgelessDevSupportManager
Nov 04, 2025 11:25:34 PM io.gapi.emulators.netty.NotFoundHandler handleRequest
INFO: Unknown request URI: /message?device=sdk_gphone64_x86_64%20-%2016%20-%20API%2036&app=com.anonymous.ecofit&clientid=DevLauncherBridgelessDevSupportManager
Nov 04, 2025 11:25:36 PM io.gapi.emulators.netty.NotFoundHandler handleRequest
INFO: Unknown request URI: /message?device=sdk_gphone64_x86_64%20-%2016%20-%20API%2036&app=com.anonymous.ecofit&clientid=DevLauncherBridgelessDevSupportManager
Nov 04, 2025 11:25:38 PM io.gapi.emulators.netty.NotFoundHandler handleRequest
INFO: Unknown request URI: /message?device=sdk_gphone64_x86_64%20-%2016%20-%20API%2036&app=com.anonymous.ecofit&clientid=DevLauncherBridgelessDevSupportManager
Nov 04, 2025 11:25:40 PM io.gapi.emulators.netty.NotFoundHandler handleRequest
INFO: Unknown request URI: /message?device=sdk_gphone64_x86_64%20-%2016%20-%20API%2036&app=com.anonymous.ecofit&clientid=DevLauncherBridgelessDevSupportManager
Nov 04, 2025 11:25:42 PM io.gapi.emulators.netty.NotFoundHandler handleRequest
INFO: Unknown request URI: /message?device=sdk_gphone64_x86_64%20-%2016%20-%20API%2036&app=com.anonymous.ecofit&clientid=DevLauncherBridgelessDevSupportManager
Nov 04, 2025 11:25:44 PM io.gapi.emulators.netty.NotFoundHandler handleRequest
INFO: Unknown request URI: /message?device=sdk_gphone64_x86_64%20-%2016%20-%20API%2036&app=com.anonymous.ecofit&clientid=DevLauncherBridgelessDevSupportManager
Nov 04, 2025 11:25:46 PM io.gapi.emulators.netty.NotFoundHandler handleRequest
INFO: Unknown request URI: /message?device=sdk_gphone64_x86_64%20-%2016%20-%20API%2036&app=com.anonymous.ecofit&clientid=DevLauncherBridgelessDevSupportManager
Nov 04, 2025 11:25:48 PM io.gapi.emulators.netty.NotFoundHandler handleRequest
INFO: Unknown request URI: /message?device=sdk_gphone64_x86_64%20-%2016%20-%20API%2036&app=com.anonymous.ecofit&clientid=DevLauncherBridgelessDevSupportManager
Nov 04, 2025 11:25:50 PM io.gapi.emulators.netty.NotFoundHandler handleRequest
INFO: Unknown request URI: /message?device=sdk_gphone64_x86_64%20-%2016%20-%20API%2036&app=com.anonymous.ecofit&clientid=DevLauncherBridgelessDevSupportManager
Nov 04, 2025 11:25:52 PM io.gapi.emulators.netty.NotFoundHandler handleRequest
INFO: Unknown request URI: /message?device=sdk_gphone64_x86_64%20-%2016%20-%20API%2036&app=com.anonymous.ecofit&clientid=DevLauncherBridgelessDevSupportManager
Nov 04, 2025 11:25:54 PM io.gapi.emulators.netty.NotFoundHandler handleRequest
INFO: Unknown request URI: /message?device=sdk_gphone64_x86_64%20-%2016%20-%20API%2036&app=com.anonymous.ecofit&clientid=DevLauncherBridgelessDevSupportManager
Nov 04, 2025 11:25:56 PM io.gapi.emulators.netty.NotFoundHandler handleRequest
INFO: Unknown request URI: /message?device=sdk_gphone64_x86_64%20-%2016%20-%20API%2036&app=com.anonymous.ecofit&clientid=DevLauncherBridgelessDevSupportManager
Nov 04, 2025 11:25:58 PM io.gapi.emulators.netty.NotFoundHandler handleRequest
INFO: Unknown request URI: /message?device=sdk_gphone64_x86_64%20-%2016%20-%20API%2036&app=com.anonymous.ecofit&clientid=DevLauncherBridgelessDevSupportManager
Nov 04, 2025 11:26:00 PM io.gapi.emulators.netty.NotFoundHandler handleRequest
INFO: Unknown request URI: /message?device=sdk_gphone64_x86_64%20-%2016%20-%20API%2036&app=com.anonymous.ecofit&clientid=DevLauncherBridgelessDevSupportManager
Nov 04, 2025 11:26:02 PM io.gapi.emulators.netty.NotFoundHandler handleRequest
INFO: Unknown request URI: /message?device=sdk_gphone64_x86_64%20-%2016%20-%20API%2036&app=com.anonymous.ecofit&clientid=DevLauncherBridgelessDevSupportManager
Nov 04, 2025 11:26:04 PM io.gapi.emulators.netty.NotFoundHandler handleRequest
INFO: Unknown request URI: /message?device=sdk_gphone64_x86_64%20-%2016%20-%20API%2036&app=com.anonymous.ecofit&clientid=DevLauncherBridgelessDevSupportManager
Nov 04, 2025 11:26:06 PM io.gapi.emulators.netty.NotFoundHandler handleRequest
INFO: Unknown request URI: /message?device=sdk_gphone64_x86_64%20-%2016%20-%20API%2036&app=com.anonymous.ecofit&clientid=DevLauncherBridgelessDevSupportManager
Nov 04, 2025 11:26:08 PM io.gapi.emulators.netty.NotFoundHandler handleRequest
INFO: Unknown request URI: /message?device=sdk_gphone64_x86_64%20-%2016%20-%20API%2036&app=com.anonymous.ecofit&clientid=DevLauncherBridgelessDevSupportManager
Nov 04, 2025 11:26:10 PM io.gapi.emulators.netty.NotFoundHandler handleRequest
INFO: Unknown request URI: /message?device=sdk_gphone64_x86_64%20-%2016%20-%20API%2036&app=com.anonymous.ecofit&clientid=DevLauncherBridgelessDevSupportManager
Nov 04, 2025 11:26:12 PM io.gapi.emulators.netty.NotFoundHandler handleRequest
INFO: Unknown request URI: /message?device=sdk_gphone64_x86_64%20-%2016%20-%20API%2036&app=com.anonymous.ecofit&clientid=DevLauncherBridgelessDevSupportManager
Nov 04, 2025 11:26:14 PM io.gapi.emulators.netty.NotFoundHandler handleRequest
INFO: Unknown request URI: /message?device=sdk_gphone64_x86_64%20-%2016%20-%20API%2036&app=com.anonymous.ecofit&clientid=DevLauncherBridgelessDevSupportManager
Nov 04, 2025 11:26:16 PM io.gapi.emulators.netty.NotFoundHandler handleRequest
INFO: Unknown request URI: /message?device=sdk_gphone64_x86_64%20-%2016%20-%20API%2036&app=com.anonymous.ecofit&clientid=DevLauncherBridgelessDevSupportManager
Nov 04, 2025 11:26:18 PM io.gapi.emulators.netty.NotFoundHandler handleRequest
INFO: Unknown request URI: /message?device=sdk_gphone64_x86_64%20-%2016%20-%20API%2036&app=com.anonymous.ecofit&clientid=DevLauncherBridgelessDevSupportManager
Nov 04, 2025 11:26:20 PM io.gapi.emulators.netty.NotFoundHandler handleRequest
INFO: Unknown request URI: /message?device=sdk_gphone64_x86_64%20-%2016%20-%20API%2036&app=com.anonymous.ecofit&clientid=DevLauncherBridgelessDevSupportManager
Nov 04, 2025 11:26:22 PM io.gapi.emulators.netty.NotFoundHandler handleRequest
INFO: Unknown request URI: /message?device=sdk_gphone64_x86_64%20-%2016%20-%20API%2036&app=com.anonymous.ecofit&clientid=DevLauncherBridgelessDevSupportManager
Nov 04, 2025 11:26:24 PM io.gapi.emulators.netty.NotFoundHandler handleRequest
INFO: Unknown request URI: /message?device=sdk_gphone64_x86_64%20-%2016%20-%20API%2036&app=com.anonymous.ecofit&clientid=DevLauncherBridgelessDevSupportManager
Nov 04, 2025 11:26:26 PM io.gapi.emulators.netty.NotFoundHandler handleRequest
INFO: Unknown request URI: /message?device=sdk_gphone64_x86_64%20-%2016%20-%20API%2036&app=com.anonymous.ecofit&clientid=DevLauncherBridgelessDevSupportManager
Nov 04, 2025 11:26:28 PM io.gapi.emulators.netty.NotFoundHandler handleRequest
INFO: Unknown request URI: /message?device=sdk_gphone64_x86_64%20-%2016%20-%20API%2036&app=com.anonymous.ecofit&clientid=DevLauncherBridgelessDevSupportManager
Nov 04, 2025 11:26:30 PM io.gapi.emulators.netty.NotFoundHandler handleRequest
INFO: Unknown request URI: /message?device=sdk_gphone64_x86_64%20-%2016%20-%20API%2036&app=com.anonymous.ecofit&clientid=DevLauncherBridgelessDevSupportManager
Nov 04, 2025 11:26:32 PM io.gapi.emulators.netty.NotFoundHandler handleRequest
INFO: Unknown request URI: /message?device=sdk_gphone64_x86_64%20-%2016%20-%20API%2036&app=com.anonymous.ecofit&clientid=DevLauncherBridgelessDevSupportManager
Nov 04, 2025 11:26:34 PM io.gapi.emulators.netty.NotFoundHandler handleRequest
INFO: Unknown request URI: /message?device=sdk_gphone64_x86_64%20-%2016%20-%20API%2036&app=com.anonymous.ecofit&clientid=DevLauncherBridgelessDevSupportManager
Nov 04, 2025 11:26:36 PM io.gapi.emulators.netty.NotFoundHandler handleRequest
INFO: Unknown request URI: /message?device=sdk_gphone64_x86_64%20-%2016%20-%20API%2036&app=com.anonymous.ecofit&clientid=DevLauncherBridgelessDevSupportManager
Nov 04, 2025 11:26:38 PM io.gapi.emulators.netty.NotFoundHandler handleRequest
INFO: Unknown request URI: /message?device=sdk_gphone64_x86_64%20-%2016%20-%20API%2036&app=com.anonymous.ecofit&clientid=DevLauncherBridgelessDevSupportManager
Nov 04, 2025 11:26:40 PM io.gapi.emulators.netty.NotFoundHandler handleRequest
INFO: Unknown request URI: /message?device=sdk_gphone64_x86_64%20-%2016%20-%20API%2036&app=com.anonymous.ecofit&clientid=DevLauncherBridgelessDevSupportManager
Nov 04, 2025 11:26:42 PM io.gapi.emulators.netty.NotFoundHandler handleRequest
INFO: Unknown request URI: /message?device=sdk_gphone64_x86_64%20-%2016%20-%20API%2036&app=com.anonymous.ecofit&clientid=DevLauncherBridgelessDevSupportManager
Nov 04, 2025 11:26:44 PM io.gapi.emulators.netty.NotFoundHandler handleRequest
INFO: Unknown request URI: /message?device=sdk_gphone64_x86_64%20-%2016%20-%20API%2036&app=com.anonymous.ecofit&clientid=DevLauncherBridgelessDevSupportManager
Nov 04, 2025 11:26:46 PM io.gapi.emulators.netty.NotFoundHandler handleRequest
INFO: Unknown request URI: /message?device=sdk_gphone64_x86_64%20-%2016%20-%20API%2036&app=com.anonymous.ecofit&clientid=DevLauncherBridgelessDevSupportManager
Nov 04, 2025 11:26:48 PM io.gapi.emulators.netty.NotFoundHandler handleRequest
INFO: Unknown request URI: /message?device=sdk_gphone64_x86_64%20-%2016%20-%20API%2036&app=com.anonymous.ecofit&clientid=DevLauncherBridgelessDevSupportManager
Nov 04, 2025 11:26:50 PM io.gapi.emulators.netty.NotFoundHandler handleRequest
INFO: Unknown request URI: /message?device=sdk_gphone64_x86_64%20-%2016%20-%20API%2036&app=com.anonymous.ecofit&clientid=DevLauncherBridgelessDevSupportManager
Nov 04, 2025 11:26:52 PM io.gapi.emulators.netty.NotFoundHandler handleRequest
INFO: Unknown request URI: /message?device=sdk_gphone64_x86_64%20-%2016%20-%20API%2036&app=com.anonymous.ecofit&clientid=DevLauncherBridgelessDevSupportManager
Nov 04, 2025 11:26:54 PM io.gapi.emulators.netty.NotFoundHandler handleRequest
INFO: Unknown request URI: /message?device=sdk_gphone64_x86_64%20-%2016%20-%20API%2036&app=com.anonymous.ecofit&clientid=DevLauncherBridgelessDevSupportManager
Nov 04, 2025 11:26:56 PM io.gapi.emulators.netty.NotFoundHandler handleRequest
INFO: Unknown request URI: /message?device=sdk_gphone64_x86_64%20-%2016%20-%20API%2036&app=com.anonymous.ecofit&clientid=DevLauncherBridgelessDevSupportManager
Nov 04, 2025 11:26:58 PM io.gapi.emulators.netty.NotFoundHandler handleRequest
INFO: Unknown request URI: /message?device=sdk_gphone64_x86_64%20-%2016%20-%20API%2036&app=com.anonymous.ecofit&clientid=DevLauncherBridgelessDevSupportManager
Nov 04, 2025 11:27:00 PM io.gapi.emulators.netty.NotFoundHandler handleRequest
INFO: Unknown request URI: /message?device=sdk_gphone64_x86_64%20-%2016%20-%20API%2036&app=com.anonymous.ecofit&clientid=DevLauncherBridgelessDevSupportManager
Nov 04, 2025 11:27:02 PM io.gapi.emulators.netty.NotFoundHandler handleRequest
INFO: Unknown request URI: /message?device=sdk_gphone64_x86_64%20-%2016%20-%20API%2036&app=com.anonymous.ecofit&clientid=DevLauncherBridgelessDevSupportManager
Nov 04, 2025 11:27:04 PM io.gapi.emulators.netty.NotFoundHandler handleRequest
INFO: Unknown request URI: /message?device=sdk_gphone64_x86_64%20-%2016%20-%20API%2036&app=com.anonymous.ecofit&clientid=DevLauncherBridgelessDevSupportManager
Nov 04, 2025 11:27:06 PM io.gapi.emulators.netty.NotFoundHandler handleRequest
INFO: Unknown request URI: /message?device=sdk_gphone64_x86_64%20-%2016%20-%20API%2036&app=com.anonymous.ecofit&clientid=DevLauncherBridgelessDevSupportManager
Nov 04, 2025 11:27:08 PM io.gapi.emulators.netty.NotFoundHandler handleRequest
INFO: Unknown request URI: /message?device=sdk_gphone64_x86_64%20-%2016%20-%20API%2036&app=com.anonymous.ecofit&clientid=DevLauncherBridgelessDevSupportManager
Nov 04, 2025 11:27:10 PM io.gapi.emulators.netty.NotFoundHandler handleRequest
INFO: Unknown request URI: /message?device=sdk_gphone64_x86_64%20-%2016%20-%20API%2036&app=com.anonymous.ecofit&clientid=DevLauncherBridgelessDevSupportManager
Nov 04, 2025 11:27:12 PM io.gapi.emulators.netty.NotFoundHandler handleRequest
INFO: Unknown request URI: /message?device=sdk_gphone64_x86_64%20-%2016%20-%20API%2036&app=com.anonymous.ecofit&clientid=DevLauncherBridgelessDevSupportManager
Nov 04, 2025 11:27:14 PM io.gapi.emulators.netty.NotFoundHandler handleRequest
INFO: Unknown request URI: /message?device=sdk_gphone64_x86_64%20-%2016%20-%20API%2036&app=com.anonymous.ecofit&clientid=DevLauncherBridgelessDevSupportManager
Nov 04, 2025 11:27:16 PM io.gapi.emulators.netty.NotFoundHandler handleRequest
INFO: Unknown request URI: /message?device=sdk_gphone64_x86_64%20-%2016%20-%20API%2036&app=com.anonymous.ecofit&clientid=DevLauncherBridgelessDevSupportManager
Nov 04, 2025 11:27:18 PM io.gapi.emulators.netty.NotFoundHandler handleRequest
INFO: Unknown request URI: /message?device=sdk_gphone64_x86_64%20-%2016%20-%20API%2036&app=com.anonymous.ecofit&clientid=DevLauncherBridgelessDevSupportManager
Nov 04, 2025 11:27:20 PM io.gapi.emulators.netty.NotFoundHandler handleRequest
INFO: Unknown request URI: /message?device=sdk_gphone64_x86_64%20-%2016%20-%20API%2036&app=com.anonymous.ecofit&clientid=DevLauncherBridgelessDevSupportManager
Nov 04, 2025 11:27:22 PM io.gapi.emulators.netty.NotFoundHandler handleRequest
INFO: Unknown request URI: /message?device=sdk_gphone64_x86_64%20-%2016%20-%20API%2036&app=com.anonymous.ecofit&clientid=DevLauncherBridgelessDevSupportManager
Nov 04, 2025 11:27:24 PM io.gapi.emulators.netty.NotFoundHandler handleRequest
INFO: Unknown request URI: /message?device=sdk_gphone64_x86_64%20-%2016%20-%20API%2036&app=com.anonymous.ecofit&clientid=DevLauncherBridgelessDevSupportManager
Nov 04, 2025 11:27:26 PM io.gapi.emulators.netty.NotFoundHandler handleRequest
INFO: Unknown request URI: /message?device=sdk_gphone64_x86_64%20-%2016%20-%20API%2036&app=com.anonymous.ecofit&clientid=DevLauncherBridgelessDevSupportManager
Nov 04, 2025 11:27:28 PM io.gapi.emulators.netty.NotFoundHandler handleRequest
INFO: Unknown request URI: /message?device=sdk_gphone64_x86_64%20-%2016%20-%20API%2036&app=com.anonymous.ecofit&clientid=DevLauncherBridgelessDevSupportManager
Nov 04, 2025 11:27:30 PM io.gapi.emulators.netty.NotFoundHandler handleRequest
INFO: Unknown request URI: /message?device=sdk_gphone64_x86_64%20-%2016%20-%20API%2036&app=com.anonymous.ecofit&clientid=DevLauncherBridgelessDevSupportManager
Nov 04, 2025 11:27:32 PM io.gapi.emulators.netty.NotFoundHandler handleRequest
INFO: Unknown request URI: /message?device=sdk_gphone64_x86_64%20-%2016%20-%20API%2036&app=com.anonymous.ecofit&clientid=DevLauncherBridgelessDevSupportManager
Nov 04, 2025 11:27:34 PM io.gapi.emulators.netty.NotFoundHandler handleRequest
INFO: Unknown request URI: /message?device=sdk_gphone64_x86_64%20-%2016%20-%20API%2036&app=com.anonymous.ecofit&clientid=DevLauncherBridgelessDevSupportManager
Nov 04, 2025 11:27:36 PM io.gapi.emulators.netty.NotFoundHandler handleRequest
INFO: Unknown request URI: /message?device=sdk_gphone64_x86_64%20-%2016%20-%20API%2036&app=com.anonymous.ecofit&clientid=DevLauncherBridgelessDevSupportManager
Nov 04, 2025 11:27:38 PM io.gapi.emulators.netty.NotFoundHandler handleRequest
INFO: Unknown request URI: /message?device=sdk_gphone64_x86_64%20-%2016%20-%20API%2036&app=com.anonymous.ecofit&clientid=DevLauncherBridgelessDevSupportManager
Nov 04, 2025 11:27:40 PM io.gapi.emulators.netty.NotFoundHandler handleRequest
INFO: Unknown request URI: /message?device=sdk_gphone64_x86_64%20-%2016%20-%20API%2036&app=com.anonymous.ecofit&clientid=DevLauncherBridgelessDevSupportManager
Nov 04, 2025 11:27:42 PM io.gapi.emulators.netty.NotFoundHandler handleRequest
INFO: Unknown request URI: /message?device=sdk_gphone64_x86_64%20-%2016%20-%20API%2036&app=com.anonymous.ecofit&clientid=DevLauncherBridgelessDevSupportManager
Nov 04, 2025 11:27:44 PM io.gapi.emulators.netty.NotFoundHandler handleRequest
INFO: Unknown request URI: /message?device=sdk_gphone64_x86_64%20-%2016%20-%20API%2036&app=com.anonymous.ecofit&clientid=DevLauncherBridgelessDevSupportManager
Nov 04, 2025 11:27:46 PM io.gapi.emulators.netty.NotFoundHandler handleRequest
INFO: Unknown request URI: /message?device=sdk_gphone64_x86_64%20-%2016%20-%20API%2036&app=com.anonymous.ecofit&clientid=DevLauncherBridgelessDevSupportManager
Nov 04, 2025 11:27:48 PM io.gapi.emulators.netty.NotFoundHandler handleRequest
INFO: Unknown request URI: /message?device=sdk_gphone64_x86_64%20-%2016%20-%20API%2036&app=com.anonymous.ecofit&clientid=DevLauncherBridgelessDevSupportManager
Nov 04, 2025 11:27:50 PM io.gapi.emulators.netty.NotFoundHandler handleRequest
INFO: Unknown request URI: /message?device=sdk_gphone64_x86_64%20-%2016%20-%20API%2036&app=com.anonymous.ecofit&clientid=DevLauncherBridgelessDevSupportManager
Nov 04, 2025 11:27:52 PM io.gapi.emulators.netty.NotFoundHandler handleRequest
INFO: Unknown request URI: /message?device=sdk_gphone64_x86_64%20-%2016%20-%20API%2036&app=com.anonymous.ecofit&clientid=DevLauncherBridgelessDevSupportManager
Nov 04, 2025 11:27:54 PM io.gapi.emulators.netty.NotFoundHandler handleRequest
INFO: Unknown request URI: /message?device=sdk_gphone64_x86_64%20-%2016%20-%20API%2036&app=com.anonymous.ecofit&clientid=DevLauncherBridgelessDevSupportManager
Nov 04, 2025 11:27:56 PM io.gapi.emulators.netty.NotFoundHandler handleRequest
INFO: Unknown request URI: /message?device=sdk_gphone64_x86_64%20-%2016%20-%20API%2036&app=com.anonymous.ecofit&clientid=DevLauncherBridgelessDevSupportManager
Nov 04, 2025 11:27:58 PM io.gapi.emulators.netty.NotFoundHandler handleRequest
INFO: Unknown request URI: /message?device=sdk_gphone64_x86_64%20-%2016%20-%20API%2036&app=com.anonymous.ecofit&clientid=DevLauncherBridgelessDevSupportManager
Nov 04, 2025 11:28:00 PM io.gapi.emulators.netty.NotFoundHandler handleRequest
INFO: Unknown request URI: /message?device=sdk_gphone64_x86_64%20-%2016%20-%20API%2036&app=com.anonymous.ecofit&clientid=DevLauncherBridgelessDevSupportManager
Nov 04, 2025 11:28:02 PM io.gapi.emulators.netty.NotFoundHandler handleRequest
INFO: Unknown request URI: /message?device=sdk_gphone64_x86_64%20-%2016%20-%20API%2036&app=com.anonymous.ecofit&clientid=DevLauncherBridgelessDevSupportManager
Nov 04, 2025 11:28:04 PM io.gapi.emulators.netty.NotFoundHandler handleRequest
INFO: Unknown request URI: /message?device=sdk_gphone64_x86_64%20-%2016%20-%20API%2036&app=com.anonymous.ecofit&clientid=DevLauncherBridgelessDevSupportManager
Nov 04, 2025 11:28:06 PM io.gapi.emulators.netty.NotFoundHandler handleRequest
INFO: Unknown request URI: /message?device=sdk_gphone64_x86_64%20-%2016%20-%20API%2036&app=com.anonymous.ecofit&clientid=DevLauncherBridgelessDevSupportManager
Nov 04, 2025 11:28:08 PM io.gapi.emulators.netty.NotFoundHandler handleRequest
INFO: Unknown request URI: /message?device=sdk_gphone64_x86_64%20-%2016%20-%20API%2036&app=com.anonymous.ecofit&clientid=DevLauncherBridgelessDevSupportManager
Nov 04, 2025 11:28:10 PM io.gapi.emulators.netty.NotFoundHandler handleRequest
INFO: Unknown request URI: /message?device=sdk_gphone64_x86_64%20-%2016%20-%20API%2036&app=com.anonymous.ecofit&clientid=DevLauncherBridgelessDevSupportManager
Nov 04, 2025 11:28:12 PM io.gapi.emulators.netty.NotFoundHandler handleRequest
INFO: Unknown request URI: /message?device=sdk_gphone64_x86_64%20-%2016%20-%20API%2036&app=com.anonymous.ecofit&clientid=DevLauncherBridgelessDevSupportManager
Nov 04, 2025 11:28:14 PM io.gapi.emulators.netty.NotFoundHandler handleRequest
INFO: Unknown request URI: /message?device=sdk_gphone64_x86_64%20-%2016%20-%20API%2036&app=com.anonymous.ecofit&clientid=DevLauncherBridgelessDevSupportManager
Nov 04, 2025 11:28:16 PM io.gapi.emulators.netty.NotFoundHandler handleRequest
INFO: Unknown request URI: /message?device=sdk_gphone64_x86_64%20-%2016%20-%20API%2036&app=com.anonymous.ecofit&clientid=DevLauncherBridgelessDevSupportManager
Nov 04, 2025 11:28:18 PM io.gapi.emulators.netty.NotFoundHandler handleRequest
INFO: Unknown request URI: /message?device=sdk_gphone64_x86_64%20-%2016%20-%20API%2036&app=com.anonymous.ecofit&clientid=DevLauncherBridgelessDevSupportManager
Nov 04, 2025 11:28:20 PM io.gapi.emulators.netty.NotFoundHandler handleRequest
INFO: Unknown request URI: /message?device=sdk_gphone64_x86_64%20-%2016%20-%20API%2036&app=com.anonymous.ecofit&clientid=DevLauncherBridgelessDevSupportManager
Nov 04, 2025 11:28:22 PM io.gapi.emulators.netty.NotFoundHandler handleRequest
INFO: Unknown request URI: /message?device=sdk_gphone64_x86_64%20-%2016%20-%20API%2036&app=com.anonymous.ecofit&clientid=DevLauncherBridgelessDevSupportManager
Nov 04, 2025 11:28:24 PM io.gapi.emulators.netty.NotFoundHandler handleRequest
INFO: Unknown request URI: /message?device=sdk_gphone64_x86_64%20-%2016%20-%20API%2036&app=com.anonymous.ecofit&clientid=DevLauncherBridgelessDevSupportManager
Nov 04, 2025 11:28:26 PM io.gapi.emulators.netty.NotFoundHandler handleRequest
INFO: Unknown request URI: /message?device=sdk_gphone64_x86_64%20-%2016%20-%20API%2036&app=com.anonymous.ecofit&clientid=DevLauncherBridgelessDevSupportManager
Nov 04, 2025 11:28:28 PM io.gapi.emulators.netty.NotFoundHandler handleRequest
INFO: Unknown request URI: /message?device=sdk_gphone64_x86_64%20-%2016%20-%20API%2036&app=com.anonymous.ecofit&clientid=DevLauncherBridgelessDevSupportManager
Nov 04, 2025 11:28:30 PM io.gapi.emulators.netty.NotFoundHandler handleRequest
INFO: Unknown request URI: /message?device=sdk_gphone64_x86_64%20-%2016%20-%20API%2036&app=com.anonymous.ecofit&clientid=DevLauncherBridgelessDevSupportManager
Nov 04, 2025 11:28:32 PM io.gapi.emulators.netty.NotFoundHandler handleRequest
INFO: Unknown request URI: /message?device=sdk_gphone64_x86_64%20-%2016%20-%20API%2036&app=com.anonymous.ecofit&clientid=DevLauncherBridgelessDevSupportManager
Nov 04, 2025 11:28:34 PM io.gapi.emulators.netty.NotFoundHandler handleRequest
INFO: Unknown request URI: /message?device=sdk_gphone64_x86_64%20-%2016%20-%20API%2036&app=com.anonymous.ecofit&clientid=DevLauncherBridgelessDevSupportManager
Nov 04, 2025 11:28:36 PM io.gapi.emulators.netty.NotFoundHandler handleRequest
INFO: Unknown request URI: /message?device=sdk_gphone64_x86_64%20-%2016%20-%20API%2036&app=com.anonymous.ecofit&clientid=DevLauncherBridgelessDevSupportManager
Nov 04, 2025 11:28:38 PM io.gapi.emulators.netty.NotFoundHandler handleRequest
INFO: Unknown request URI: /message?device=sdk_gphone64_x86_64%20-%2016%20-%20API%2036&app=com.anonymous.ecofit&clientid=DevLauncherBridgelessDevSupportManager
Nov 04, 2025 11:28:40 PM io.gapi.emulators.netty.NotFoundHandler handleRequest
INFO: Unknown request URI: /message?device=sdk_gphone64_x86_64%20-%2016%20-%20API%2036&app=com.anonymous.ecofit&clientid=DevLauncherBridgelessDevSupportManager
Nov 04, 2025 11:28:42 PM io.gapi.emulators.netty.NotFoundHandler handleRequest
INFO: Unknown request URI: /message?device=sdk_gphone64_x86_64%20-%2016%20-%20API%2036&app=com.anonymous.ecofit&clientid=DevLauncherBridgelessDevSupportManager
Nov 04, 2025 11:28:44 PM io.gapi.emulators.netty.NotFoundHandler handleRequest
INFO: Unknown request URI: /message?device=sdk_gphone64_x86_64%20-%2016%20-%20API%2036&app=com.anonymous.ecofit&clientid=DevLauncherBridgelessDevSupportManager
Nov 04, 2025 11:28:46 PM io.gapi.emulators.netty.NotFoundHandler handleRequest
INFO: Unknown request URI: /message?device=sdk_gphone64_x86_64%20-%2016%20-%20API%2036&app=com.anonymous.ecofit&clientid=DevLauncherBridgelessDevSupportManager
Nov 04, 2025 11:28:48 PM io.gapi.emulators.netty.NotFoundHandler handleRequest
INFO: Unknown request URI: /message?device=sdk_gphone64_x86_64%20-%2016%20-%20API%2036&app=com.anonymous.ecofit&clientid=DevLauncherBridgelessDevSupportManager
Nov 04, 2025 11:28:50 PM io.gapi.emulators.netty.NotFoundHandler handleRequest
INFO: Unknown request URI: /message?device=sdk_gphone64_x86_64%20-%2016%20-%20API%2036&app=com.anonymous.ecofit&clientid=DevLauncherBridgelessDevSupportManager
Nov 04, 2025 11:28:52 PM io.gapi.emulators.netty.NotFoundHandler handleRequest
INFO: Unknown request URI: /message?device=sdk_gphone64_x86_64%20-%2016%20-%20API%2036&app=com.anonymous.ecofit&clientid=DevLauncherBridgelessDevSupportManager
Nov 04, 2025 11:28:54 PM io.gapi.emulators.netty.NotFoundHandler handleRequest
INFO: Unknown request URI: /message?device=sdk_gphone64_x86_64%20-%2016%20-%20API%2036&app=com.anonymous.ecofit&clientid=DevLauncherBridgelessDevSupportManager
Nov 04, 2025 11:28:56 PM io.gapi.emulators.netty.NotFoundHandler handleRequest
INFO: Unknown request URI: /message?device=sdk_gphone64_x86_64%20-%2016%20-%20API%2036&app=com.anonymous.ecofit&clientid=DevLauncherBridgelessDevSupportManager
Nov 04, 2025 11:28:58 PM io.gapi.emulators.netty.NotFoundHandler handleRequest
INFO: Unknown request URI: /message?device=sdk_gphone64_x86_64%20-%2016%20-%20API%2036&app=com.anonymous.ecofit&clientid=DevLauncherBridgelessDevSupportManager
Nov 04, 2025 11:29:00 PM io.gapi.emulators.netty.NotFoundHandler handleRequest
INFO: Unknown request URI: /message?device=sdk_gphone64_x86_64%20-%2016%20-%20API%2036&app=com.anonymous.ecofit&clientid=DevLauncherBridgelessDevSupportManager
Nov 04, 2025 11:29:02 PM io.gapi.emulators.netty.NotFoundHandler handleRequest
INFO: Unknown request URI: /message?device=sdk_gphone64_x86_64%20-%2016%20-%20API%2036&app=com.anonymous.ecofit&clientid=DevLauncherBridgelessDevSupportManager
Nov 04, 2025 11:29:04 PM io.gapi.emulators.netty.NotFoundHandler handleRequest
INFO: Unknown request URI: /message?device=sdk_gphone64_x86_64%20-%2016%20-%20API%2036&app=com.anonymous.ecofit&clientid=DevLauncherBridgelessDevSupportManager
Nov 04, 2025 11:29:06 PM io.gapi.emulators.netty.NotFoundHandler handleRequest
INFO: Unknown request URI: /message?device=sdk_gphone64_x86_64%20-%2016%20-%20API%2036&app=com.anonymous.ecofit&clientid=DevLauncherBridgelessDevSupportManager
Nov 04, 2025 11:29:08 PM io.gapi.emulators.netty.NotFoundHandler handleRequest
INFO: Unknown request URI: /message?device=sdk_gphone64_x86_64%20-%2016%20-%20API%2036&app=com.anonymous.ecofit&clientid=DevLauncherBridgelessDevSupportManager
Nov 04, 2025 11:29:10 PM io.gapi.emulators.netty.NotFoundHandler handleRequest
INFO: Unknown request URI: /message?device=sdk_gphone64_x86_64%20-%2016%20-%20API%2036&app=com.anonymous.ecofit&clientid=DevLauncherBridgelessDevSupportManager
Nov 04, 2025 11:29:12 PM io.gapi.emulators.netty.NotFoundHandler handleRequest
INFO: Unknown request URI: /message?device=sdk_gphone64_x86_64%20-%2016%20-%20API%2036&app=com.anonymous.ecofit&clientid=DevLauncherBridgelessDevSupportManager
Nov 04, 2025 11:29:14 PM io.gapi.emulators.netty.NotFoundHandler handleRequest
INFO: Unknown request URI: /message?device=sdk_gphone64_x86_64%20-%2016%20-%20API%2036&app=com.anonymous.ecofit&clientid=DevLauncherBridgelessDevSupportManager
Nov 04, 2025 11:29:16 PM io.gapi.emulators.netty.NotFoundHandler handleRequest
INFO: Unknown request URI: /message?device=sdk_gphone64_x86_64%20-%2016%20-%20API%2036&app=com.anonymous.ecofit&clientid=DevLauncherBridgelessDevSupportManager
Nov 04, 2025 11:29:18 PM io.gapi.emulators.netty.NotFoundHandler handleRequest
INFO: Unknown request URI: /message?device=sdk_gphone64_x86_64%20-%2016%20-%20API%2036&app=com.anonymous.ecofit&clientid=DevLauncherBridgelessDevSupportManager
Nov 04, 2025 11:29:20 PM io.gapi.emulators.netty.NotFoundHandler handleRequest
INFO: Unknown request URI: /message?device=sdk_gphone64_x86_64%20-%2016%20-%20API%2036&app=com.anonymous.ecofit&clientid=DevLauncherBridgelessDevSupportManager
Nov 04, 2025 11:29:22 PM io.gapi.emulators.netty.NotFoundHandler handleRequest
INFO: Unknown request URI: /message?device=sdk_gphone64_x86_64%20-%2016%20-%20API%2036&app=com.anonymous.ecofit&clientid=DevLauncherBridgelessDevSupportManager
Nov 04, 2025 11:29:24 PM io.gapi.emulators.netty.NotFoundHandler handleRequest
INFO: Unknown request URI: /message?device=sdk_gphone64_x86_64%20-%2016%20-%20API%2036&app=com.anonymous.ecofit&clientid=DevLauncherBridgelessDevSupportManager
Nov 04, 2025 11:29:26 PM io.gapi.emulators.netty.NotFoundHandler handleRequest
INFO: Unknown request URI: /message?device=sdk_gphone64_x86_64%20-%2016%20-%20API%2036&app=com.anonymous.ecofit&clientid=DevLauncherBridgelessDevSupportManager
Nov 04, 2025 11:29:28 PM io.gapi.emulators.netty.NotFoundHandler handleRequest
INFO: Unknown request URI: /message?device=sdk_gphone64_x86_64%20-%2016%20-%20API%2036&app=com.anonymous.ecofit&clientid=DevLauncherBridgelessDevSupportManager
Nov 04, 2025 11:29:30 PM io.gapi.emulators.netty.NotFoundHandler handleRequest
INFO: Unknown request URI: /message?device=sdk_gphone64_x86_64%20-%2016%20-%20API%2036&app=com.anonymous.ecofit&clientid=DevLauncherBridgelessDevSupportManager
Nov 04, 2025 11:29:32 PM io.gapi.emulators.netty.NotFoundHandler handleRequest
INFO: Unknown request URI: /message?device=sdk_gphone64_x86_64%20-%2016%20-%20API%2036&app=com.anonymous.ecofit&clientid=DevLauncherBridgelessDevSupportManager
Nov 04, 2025 11:29:34 PM io.gapi.emulators.netty.NotFoundHandler handleRequest
INFO: Unknown request URI: /message?device=sdk_gphone64_x86_64%20-%2016%20-%20API%2036&app=com.anonymous.ecofit&clientid=DevLauncherBridgelessDevSupportManager
Nov 04, 2025 11:29:36 PM io.gapi.emulators.netty.NotFoundHandler handleRequest
INFO: Unknown request URI: /message?device=sdk_gphone64_x86_64%20-%2016%20-%20API%2036&app=com.anonymous.ecofit&clientid=DevLauncherBridgelessDevSupportManager
Nov 04, 2025 11:29:38 PM io.gapi.emulators.netty.NotFoundHandler handleRequest
INFO: Unknown request URI: /message?device=sdk_gphone64_x86_64%20-%2016%20-%20API%2036&app=com.anonymous.ecofit&clientid=DevLauncherBridgelessDevSupportManager
Nov 04, 2025 11:29:40 PM io.gapi.emulators.netty.NotFoundHandler handleRequest
INFO: Unknown request URI: /message?device=sdk_gphone64_x86_64%20-%2016%20-%20API%2036&app=com.anonymous.ecofit&clientid=DevLauncherBridgelessDevSupportManager
Nov 04, 2025 11:29:42 PM io.gapi.emulators.netty.NotFoundHandler handleRequest
INFO: Unknown request URI: /message?device=sdk_gphone64_x86_64%20-%2016%20-%20API%2036&app=com.anonymous.ecofit&clientid=DevLauncherBridgelessDevSupportManager
Nov 04, 2025 11:29:45 PM io.gapi.emulators.netty.NotFoundHandler handleRequest
INFO: Unknown request URI: /message?device=sdk_gphone64_x86_64%20-%2016%20-%20API%2036&app=com.anonymous.ecofit&clientid=DevLauncherBridgelessDevSupportManager
Nov 04, 2025 11:29:47 PM io.gapi.emulators.netty.NotFoundHandler handleRequest
INFO: Unknown request URI: /message?device=sdk_gphone64_x86_64%20-%2016%20-%20API%2036&app=com.anonymous.ecofit&clientid=DevLauncherBridgelessDevSupportManager
Nov 04, 2025 11:29:49 PM io.gapi.emulators.netty.NotFoundHandler handleRequest
INFO: Unknown request URI: /message?device=sdk_gphone64_x86_64%20-%2016%20-%20API%2036&app=com.anonymous.ecofit&clientid=DevLauncherBridgelessDevSupportManager
Nov 04, 2025 11:29:51 PM io.gapi.emulators.netty.NotFoundHandler handleRequest
INFO: Unknown request URI: /message?device=sdk_gphone64_x86_64%20-%2016%20-%20API%2036&app=com.anonymous.ecofit&clientid=DevLauncherBridgelessDevSupportManager
Nov 04, 2025 11:29:53 PM io.gapi.emulators.netty.NotFoundHandler handleRequest
INFO: Unknown request URI: /message?device=sdk_gphone64_x86_64%20-%2016%20-%20API%2036&app=com.anonymous.ecofit&clientid=DevLauncherBridgelessDevSupportManager
Nov 04, 2025 11:29:55 PM io.gapi.emulators.netty.NotFoundHandler handleRequest
INFO: Unknown request URI: /message?device=sdk_gphone64_x86_64%20-%2016%20-%20API%2036&app=com.anonymous.ecofit&clientid=DevLauncherBridgelessDevSupportManager
Nov 04, 2025 11:29:57 PM io.gapi.emulators.netty.NotFoundHandler handleRequest
INFO: Unknown request URI: /message?device=sdk_gphone64_x86_64%20-%2016%20-%20API%2036&app=com.anonymous.ecofit&clientid=DevLauncherBridgelessDevSupportManager
Nov 04, 2025 11:29:59 PM io.gapi.emulators.netty.NotFoundHandler handleRequest
INFO: Unknown request URI: /message?device=sdk_gphone64_x86_64%20-%2016%20-%20API%2036&app=com.anonymous.ecofit&clientid=DevLauncherBridgelessDevSupportManager
Nov 04, 2025 11:30:01 PM io.gapi.emulators.netty.NotFoundHandler handleRequest
INFO: Unknown request URI: /message?device=sdk_gphone64_x86_64%20-%2016%20-%20API%2036&app=com.anonymous.ecofit&clientid=DevLauncherBridgelessDevSupportManager
Nov 04, 2025 11:30:03 PM io.gapi.emulators.netty.NotFoundHandler handleRequest
INFO: Unknown request URI: /message?device=sdk_gphone64_x86_64%20-%2016%20-%20API%2036&app=com.anonymous.ecofit&clientid=DevLauncherBridgelessDevSupportManager
Nov 04, 2025 11:30:05 PM io.gapi.emulators.netty.NotFoundHandler handleRequest
INFO: Unknown request URI: /message?device=sdk_gphone64_x86_64%20-%2016%20-%20API%2036&app=com.anonymous.ecofit&clientid=DevLauncherBridgelessDevSupportManager
Nov 04, 2025 11:30:07 PM io.gapi.emulators.netty.NotFoundHandler handleRequest
INFO: Unknown request URI: /message?device=sdk_gphone64_x86_64%20-%2016%20-%20API%2036&app=com.anonymous.ecofit&clientid=DevLauncherBridgelessDevSupportManager
Nov 04, 2025 11:30:09 PM io.gapi.emulators.netty.NotFoundHandler handleRequest
INFO: Unknown request URI: /message?device=sdk_gphone64_x86_64%20-%2016%20-%20API%2036&app=com.anonymous.ecofit&clientid=DevLauncherBridgelessDevSupportManager
Nov 04, 2025 11:30:11 PM io.gapi.emulators.netty.NotFoundHandler handleRequest
INFO: Unknown request URI: /message?device=sdk_gphone64_x86_64%20-%2016%20-%20API%2036&app=com.anonymous.ecofit&clientid=DevLauncherBridgelessDevSupportManager
Nov 04, 2025 11:30:13 PM io.gapi.emulators.netty.NotFoundHandler handleRequest
INFO: Unknown request URI: /message?device=sdk_gphone64_x86_64%20-%2016%20-%20API%2036&app=com.anonymous.ecofit&clientid=DevLauncherBridgelessDevSupportManager
Nov 04, 2025 11:30:15 PM io.gapi.emulators.netty.NotFoundHandler handleRequest
INFO: Unknown request URI: /message?device=sdk_gphone64_x86_64%20-%2016%20-%20API%2036&app=com.anonymous.ecofit&clientid=DevLauncherBridgelessDevSupportManager
Nov 04, 2025 11:30:17 PM io.gapi.emulators.netty.NotFoundHandler handleRequest
INFO: Unknown request URI: /message?device=sdk_gphone64_x86_64%20-%2016%20-%20API%2036&app=com.anonymous.ecofit&clientid=DevLauncherBridgelessDevSupportManager
Nov 04, 2025 11:30:19 PM io.gapi.emulators.netty.NotFoundHandler handleRequest
INFO: Unknown request URI: /message?device=sdk_gphone64_x86_64%20-%2016%20-%20API%2036&app=com.anonymous.ecofit&clientid=DevLauncherBridgelessDevSupportManager
Nov 04, 2025 11:30:21 PM io.gapi.emulators.netty.NotFoundHandler handleRequest
INFO: Unknown request URI: /message?device=sdk_gphone64_x86_64%20-%2016%20-%20API%2036&app=com.anonymous.ecofit&clientid=DevLauncherBridgelessDevSupportManager
Nov 04, 2025 11:30:23 PM io.gapi.emulators.netty.NotFoundHandler handleRequest
INFO: Unknown request URI: /message?device=sdk_gphone64_x86_64%20-%2016%20-%20API%2036&app=com.anonymous.ecofit&clientid=DevLauncherBridgelessDevSupportManager
Nov 04, 2025 11:30:25 PM io.gapi.emulators.netty.NotFoundHandler handleRequest
INFO: Unknown request URI: /message?device=sdk_gphone64_x86_64%20-%2016%20-%20API%2036&app=com.anonymous.ecofit&clientid=DevLauncherBridgelessDevSupportManager
Nov 04, 2025 11:30:27 PM io.gapi.emulators.netty.NotFoundHandler handleRequest
INFO: Unknown request URI: /message?device=sdk_gphone64_x86_64%20-%2016%20-%20API%2036&app=com.anonymous.ecofit&clientid=DevLauncherBridgelessDevSupportManager
Nov 04, 2025 11:30:29 PM io.gapi.emulators.netty.NotFoundHandler handleRequest
INFO: Unknown request URI: /message?device=sdk_gphone64_x86_64%20-%2016%20-%20API%2036&app=com.anonymous.ecofit&clientid=DevLauncherBridgelessDevSupportManager
Nov 04, 2025 11:30:31 PM io.gapi.emulators.netty.NotFoundHandler handleRequest
INFO: Unknown request URI: /message?device=sdk_gphone64_x86_64%20-%2016%20-%20API%2036&app=com.anonymous.ecofit&clientid=DevLauncherBridgelessDevSupportManager
Nov 04, 2025 11:30:33 PM io.gapi.emulators.netty.NotFoundHandler handleRequest
INFO: Unknown request URI: /message?device=sdk_gphone64_x86_64%20-%2016%20-%20API%2036&app=com.anonymous.ecofit&clientid=DevLauncherBridgelessDevSupportManager
Nov 04, 2025 11:30:35 PM io.gapi.emulators.netty.NotFoundHandler handleRequest
INFO: Unknown request URI: /message?device=sdk_gphone64_x86_64%20-%2016%20-%20API%2036&app=com.anonymous.ecofit&clientid=DevLauncherBridgelessDevSupportManager
Nov 04, 2025 11:30:37 PM io.gapi.emulators.netty.NotFoundHandler handleRequest
INFO: Unknown request URI: /message?device=sdk_gphone64_x86_64%20-%2016%20-%20API%2036&app=com.anonymous.ecofit&clientid=DevLauncherBridgelessDevSupportManager
Nov 04, 2025 11:30:39 PM io.gapi.emulators.netty.NotFoundHandler handleRequest
INFO: Unknown request URI: /message?device=sdk_gphone64_x86_64%20-%2016%20-%20API%2036&app=com.anonymous.ecofit&clientid=DevLauncherBridgelessDevSupportManager
Nov 04, 2025 11:30:41 PM io.gapi.emulators.netty.NotFoundHandler handleRequest
INFO: Unknown request URI: /message?device=sdk_gphone64_x86_64%20-%2016%20-%20API%2036&app=com.anonymous.ecofit&clientid=DevLauncherBridgelessDevSupportManager
Nov 04, 2025 11:30:43 PM io.gapi.emulators.netty.NotFoundHandler handleRequest
INFO: Unknown request URI: /message?device=sdk_gphone64_x86_64%20-%2016%20-%20API%2036&app=com.anonymous.ecofit&clientid=DevLauncherBridgelessDevSupportManager
Nov 04, 2025 11:30:45 PM io.gapi.emulators.netty.NotFoundHandler handleRequest
INFO: Unknown request URI: /message?device=sdk_gphone64_x86_64%20-%2016%20-%20API%2036&app=com.anonymous.ecofit&clientid=DevLauncherBridgelessDevSupportManager
Nov 04, 2025 11:30:47 PM io.gapi.emulators.netty.NotFoundHandler handleRequest
INFO: Unknown request URI: /message?device=sdk_gphone64_x86_64%20-%2016%20-%20API%2036&app=com.anonymous.ecofit&clientid=DevLauncherBridgelessDevSupportManager
Nov 04, 2025 11:30:49 PM io.gapi.emulators.netty.NotFoundHandler handleRequest
INFO: Unknown request URI: /message?device=sdk_gphone64_x86_64%20-%2016%20-%20API%2036&app=com.anonymous.ecofit&clientid=DevLauncherBridgelessDevSupportManager
Nov 04, 2025 11:30:51 PM io.gapi.emulators.netty.NotFoundHandler handleRequest
INFO: Unknown request URI: /message?device=sdk_gphone64_x86_64%20-%2016%20-%20API%2036&app=com.anonymous.ecofit&clientid=DevLauncherBridgelessDevSupportManager
Nov 04, 2025 11:30:53 PM io.gapi.emulators.netty.NotFoundHandler handleRequest
INFO: Unknown request URI: /message?device=sdk_gphone64_x86_64%20-%2016%20-%20API%2036&app=com.anonymous.ecofit&clientid=DevLauncherBridgelessDevSupportManager
Nov 04, 2025 11:30:55 PM io.gapi.emulators.netty.NotFoundHandler handleRequest
INFO: Unknown request URI: /message?device=sdk_gphone64_x86_64%20-%2016%20-%20API%2036&app=com.anonymous.ecofit&clientid=DevLauncherBridgelessDevSupportManager
Nov 04, 2025 11:30:57 PM io.gapi.emulators.netty.NotFoundHandler handleRequest
INFO: Unknown request URI: /message?device=sdk_gphone64_x86_64%20-%2016%20-%20API%2036&app=com.anonymous.ecofit&clientid=DevLauncherBridgelessDevSupportManager
Nov 04, 2025 11:30:59 PM io.gapi.emulators.netty.NotFoundHandler handleRequest
INFO: Unknown request URI: /message?device=sdk_gphone64_x86_64%20-%2016%20-%20API%2036&app=com.anonymous.ecofit&clientid=DevLauncherBridgelessDevSupportManager
Nov 04, 2025 11:31:01 PM io.gapi.emulators.netty.NotFoundHandler handleRequest
INFO: Unknown request URI: /message?device=sdk_gphone64_x86_64%20-%2016%20-%20API%2036&app=com.anonymous.ecofit&clientid=DevLauncherBridgelessDevSupportManager
Nov 04, 2025 11:31:03 PM io.gapi.emulators.netty.NotFoundHandler handleRequest
INFO: Unknown request URI: /message?device=sdk_gphone64_x86_64%20-%2016%20-%20API%2036&app=com.anonymous.ecofit&clientid=DevLauncherBridgelessDevSupportManager
Nov 04, 2025 11:31:05 PM io.gapi.emulators.netty.NotFoundHandler handleRequest
INFO: Unknown request URI: /message?device=sdk_gphone64_x86_64%20-%2016%20-%20API%2036&app=com.anonymous.ecofit&clientid=DevLauncherBridgelessDevSupportManager
Nov 04, 2025 11:31:07 PM io.gapi.emulators.netty.NotFoundHandler handleRequest
INFO: Unknown request URI: /message?device=sdk_gphone64_x86_64%20-%2016%20-%20API%2036&app=com.anonymous.ecofit&clientid=DevLauncherBridgelessDevSupportManager
Nov 04, 2025 11:31:09 PM io.gapi.emulators.netty.NotFoundHandler handleRequest
INFO: Unknown request URI: /message?device=sdk_gphone64_x86_64%20-%2016%20-%20API%2036&app=com.anonymous.ecofit&clientid=DevLauncherBridgelessDevSupportManager
Nov 04, 2025 11:31:11 PM io.gapi.emulators.netty.NotFoundHandler handleRequest
INFO: Unknown request URI: /message?device=sdk_gphone64_x86_64%20-%2016%20-%20API%2036&app=com.anonymous.ecofit&clientid=DevLauncherBridgelessDevSupportManager
Nov 04, 2025 11:31:13 PM io.gapi.emulators.netty.NotFoundHandler handleRequest
INFO: Unknown request URI: /message?device=sdk_gphone64_x86_64%20-%2016%20-%20API%2036&app=com.anonymous.ecofit&clientid=DevLauncherBridgelessDevSupportManager
Nov 04, 2025 11:31:15 PM io.gapi.emulators.netty.NotFoundHandler handleRequest
INFO: Unknown request URI: /message?device=sdk_gphone64_x86_64%20-%2016%20-%20API%2036&app=com.anonymous.ecofit&clientid=DevLauncherBridgelessDevSupportManager
Nov 04, 2025 11:31:17 PM io.gapi.emulators.netty.NotFoundHandler handleRequest
INFO: Unknown request URI: /message?device=sdk_gphone64_x86_64%20-%2016%20-%20API%2036&app=com.anonymous.ecofit&clientid=DevLauncherBridgelessDevSupportManager
Nov 04, 2025 11:31:19 PM io.gapi.emulators.netty.NotFoundHandler handleRequest
INFO: Unknown request URI: /message?device=sdk_gphone64_x86_64%20-%2016%20-%20API%2036&app=com.anonymous.ecofit&clientid=DevLauncherBridgelessDevSupportManager
Nov 04, 2025 11:31:21 PM io.gapi.emulators.netty.NotFoundHandler handleRequest
INFO: Unknown request URI: /message?device=sdk_gphone64_x86_64%20-%2016%20-%20API%2036&app=com.anonymous.ecofit&clientid=DevLauncherBridgelessDevSupportManager
Nov 04, 2025 11:31:23 PM io.gapi.emulators.netty.NotFoundHandler handleRequest
INFO: Unknown request URI: /message?device=sdk_gphone64_x86_64%20-%2016%20-%20API%2036&app=com.anonymous.ecofit&clientid=DevLauncherBridgelessDevSupportManager
Nov 04, 2025 11:31:25 PM io.gapi.emulators.netty.NotFoundHandler handleRequest
INFO: Unknown request URI: /message?device=sdk_gphone64_x86_64%20-%2016%20-%20API%2036&app=com.anonymous.ecofit&clientid=DevLauncherBridgelessDevSupportManager
Nov 04, 2025 11:31:27 PM io.gapi.emulators.netty.NotFoundHandler handleRequest
INFO: Unknown request URI: /message?device=sdk_gphone64_x86_64%20-%2016%20-%20API%2036&app=com.anonymous.ecofit&clientid=DevLauncherBridgelessDevSupportManager
Nov 04, 2025 11:31:29 PM io.gapi.emulators.netty.NotFoundHandler handleRequest
INFO: Unknown request URI: /message?device=sdk_gphone64_x86_64%20-%2016%20-%20API%2036&app=com.anonymous.ecofit&clientid=DevLauncherBridgelessDevSupportManager
Nov 04, 2025 11:31:31 PM io.gapi.emulators.netty.NotFoundHandler handleRequest
INFO: Unknown request URI: /message?device=sdk_gphone64_x86_64%20-%2016%20-%20API%2036&app=com.anonymous.ecofit&clientid=DevLauncherBridgelessDevSupportManager
Nov 04, 2025 11:31:33 PM io.gapi.emulators.netty.NotFoundHandler handleRequest
INFO: Unknown request URI: /message?device=sdk_gphone64_x86_64%20-%2016%20-%20API%2036&app=com.anonymous.ecofit&clientid=DevLauncherBridgelessDevSupportManager
Nov 04, 2025 11:31:35 PM io.gapi.emulators.netty.NotFoundHandler handleRequest
INFO: Unknown request URI: /message?device=sdk_gphone64_x86_64%20-%2016%20-%20API%2036&app=com.anonymous.ecofit&clientid=DevLauncherBridgelessDevSupportManager
Nov 04, 2025 11:31:37 PM io.gapi.emulators.netty.NotFoundHandler handleRequest
INFO: Unknown request URI: /message?device=sdk_gphone64_x86_64%20-%2016%20-%20API%2036&app=com.anonymous.ecofit&clientid=DevLauncherBridgelessDevSupportManager
Nov 04, 2025 11:31:39 PM io.gapi.emulators.netty.NotFoundHandler handleRequest
INFO: Unknown request URI: /message?device=sdk_gphone64_x86_64%20-%2016%20-%20API%2036&app=com.anonymous.ecofit&clientid=DevLauncherBridgelessDevSupportManager
Nov 04, 2025 11:31:41 PM io.gapi.emulators.netty.NotFoundHandler handleRequest
INFO: Unknown request URI: /message?device=sdk_gphone64_x86_64%20-%2016%20-%20API%2036&app=com.anonymous.ecofit&clientid=DevLauncherBridgelessDevSupportManager
Nov 04, 2025 11:31:43 PM io.gapi.emulators.netty.NotFoundHandler handleRequest
INFO: Unknown request URI: /message?device=sdk_gphone64_x86_64%20-%2016%20-%20API%2036&app=com.anonymous.ecofit&clientid=DevLauncherBridgelessDevSupportManager
Nov 04, 2025 11:31:45 PM io.gapi.emulators.netty.NotFoundHandler handleRequest
INFO: Unknown request URI: /message?device=sdk_gphone64_x86_64%20-%2016%20-%20API%2036&app=com.anonymous.ecofit&clientid=DevLauncherBridgelessDevSupportManager
Nov 04, 2025 11:31:47 PM io.gapi.emulators.netty.NotFoundHandler handleRequest
INFO: Unknown request URI: /message?device=sdk_gphone64_x86_64%20-%2016%20-%20API%2036&app=com.anonymous.ecofit&clientid=DevLauncherBridgelessDevSupportManager
Nov 04, 2025 11:31:49 PM io.gapi.emulators.netty.NotFoundHandler handleRequest
INFO: Unknown request URI: /message?device=sdk_gphone64_x86_64%20-%2016%20-%20API%2036&app=com.anonymous.ecofit&clientid=DevLauncherBridgelessDevSupportManager
Nov 04, 2025 11:31:51 PM io.gapi.emulators.netty.NotFoundHandler handleRequest
INFO: Unknown request URI: /message?device=sdk_gphone64_x86_64%20-%2016%20-%20API%2036&app=com.anonymous.ecofit&clientid=DevLauncherBridgelessDevSupportManager
Nov 04, 2025 11:31:53 PM io.gapi.emulators.netty.NotFoundHandler handleRequest
INFO: Unknown request URI: /message?device=sdk_gphone64_x86_64%20-%2016%20-%20API%2036&app=com.anonymous.ecofit&clientid=DevLauncherBridgelessDevSupportManager
Nov 04, 2025 11:31:55 PM io.gapi.emulators.netty.NotFoundHandler handleRequest
INFO: Unknown request URI: /message?device=sdk_gphone64_x86_64%20-%2016%20-%20API%2036&app=com.anonymous.ecofit&clientid=DevLauncherBridgelessDevSupportManager
Nov 04, 2025 11:31:57 PM io.gapi.emulators.netty.NotFoundHandler handleRequest
INFO: Unknown request URI: /message?device=sdk_gphone64_x86_64%20-%2016%20-%20API%2036&app=com.anonymous.ecofit&clientid=DevLauncherBridgelessDevSupportManager
Nov 04, 2025 11:31:59 PM io.gapi.emulators.netty.NotFoundHandler handleRequest
INFO: Unknown request URI: /message?device=sdk_gphone64_x86_64%20-%2016%20-%20API%2036&app=com.anonymous.ecofit&clientid=DevLauncherBridgelessDevSupportManager
Nov 04, 2025 11:32:01 PM io.gapi.emulators.netty.NotFoundHandler handleRequest
INFO: Unknown request URI: /message?device=sdk_gphone64_x86_64%20-%2016%20-%20API%2036&app=com.anonymous.ecofit&clientid=DevLauncherBridgelessDevSupportManager
Nov 04, 2025 11:32:03 PM io.gapi.emulators.netty.NotFoundHandler handleRequest
INFO: Unknown request URI: /message?device=sdk_gphone64_x86_64%20-%2016%20-%20API%2036&app=com.anonymous.ecofit&clientid=DevLauncherBridgelessDevSupportManager
Nov 04, 2025 11:32:05 PM io.gapi.emulators.netty.NotFoundHandler handleRequest
INFO: Unknown request URI: /message?device=sdk_gphone64_x86_64%20-%2016%20-%20API%2036&app=com.anonymous.ecofit&clientid=DevLauncherBridgelessDevSupportManager
Nov 04, 2025 11:32:07 PM io.gapi.emulators.netty.NotFoundHandler handleRequest
INFO: Unknown request URI: /message?device=sdk_gphone64_x86_64%20-%2016%20-%20API%2036&app=com.anonymous.ecofit&clientid=DevLauncherBridgelessDevSupportManager
Nov 04, 2025 11:32:09 PM io.gapi.emulators.netty.NotFoundHandler handleRequest
INFO: Unknown request URI: /message?device=sdk_gphone64_x86_64%20-%2016%20-%20API%2036&app=com.anonymous.ecofit&clientid=DevLauncherBridgelessDevSupportManager
Nov 04, 2025 11:32:11 PM io.gapi.emulators.netty.NotFoundHandler handleRequest
INFO: Unknown request URI: /message?device=sdk_gphone64_x86_64%20-%2016%20-%20API%2036&app=com.anonymous.ecofit&clientid=DevLauncherBridgelessDevSupportManager
Nov 04, 2025 11:32:13 PM io.gapi.emulators.netty.NotFoundHandler handleRequest
INFO: Unknown request URI: /message?device=sdk_gphone64_x86_64%20-%2016%20-%20API%2036&app=com.anonymous.ecofit&clientid=DevLauncherBridgelessDevSupportManager
Nov 04, 2025 11:32:15 PM io.gapi.emulators.netty.NotFoundHandler handleRequest
INFO: Unknown request URI: /message?device=sdk_gphone64_x86_64%20-%2016%20-%20API%2036&app=com.anonymous.ecofit&clientid=DevLauncherBridgelessDevSupportManager
Nov 04, 2025 11:32:17 PM io.gapi.emulators.netty.NotFoundHandler handleRequest
INFO: Unknown request URI: /message?device=sdk_gphone64_x86_64%20-%2016%20-%20API%2036&app=com.anonymous.ecofit&clientid=DevLauncherBridgelessDevSupportManager
Nov 04, 2025 11:32:19 PM io.gapi.emulators.netty.NotFoundHandler handleRequest
INFO: Unknown request URI: /message?device=sdk_gphone64_x86_64%20-%2016%20-%20API%2036&app=com.anonymous.ecofit&clientid=DevLauncherBridgelessDevSupportManager
Nov 04, 2025 11:32:21 PM io.gapi.emulators.netty.NotFoundHandler handleRequest
INFO: Unknown request URI: /message?device=sdk_gphone64_x86_64%20-%2016%20-%20API%2036&app=com.anonymous.ecofit&clientid=DevLauncherBridgelessDevSupportManager
Nov 04, 2025 11:32:23 PM io.gapi.emulators.netty.NotFoundHandler handleRequest
INFO: Unknown request URI: /message?device=sdk_gphone64_x86_64%20-%2016%20-%20API%2036&app=com.anonymous.ecofit&clientid=DevLauncherBridgelessDevSupportManager
Nov 04, 2025 11:32:25 PM io.gapi.emulators.netty.NotFoundHandler handleRequest
INFO: Unknown request URI: /message?device=sdk_gphone64_x86_64%20-%2016%20-%20API%2036&app=com.anonymous.ecofit&clientid=DevLauncherBridgelessDevSupportManager
Nov 04, 2025 11:32:27 PM io.gapi.emulators.netty.NotFoundHandler handleRequest
INFO: Unknown request URI: /message?device=sdk_gphone64_x86_64%20-%2016%20-%20API%2036&app=com.anonymous.ecofit&clientid=DevLauncherBridgelessDevSupportManager
Nov 04, 2025 11:32:29 PM io.gapi.emulators.netty.NotFoundHandler handleRequest
INFO: Unknown request URI: /message?device=sdk_gphone64_x86_64%20-%2016%20-%20API%2036&app=com.anonymous.ecofit&clientid=DevLauncherBridgelessDevSupportManager
Nov 04, 2025 11:32:31 PM io.gapi.emulators.netty.NotFoundHandler handleRequest
INFO: Unknown request URI: /message?device=sdk_gphone64_x86_64%20-%2016%20-%20API%2036&app=com.anonymous.ecofit&clientid=DevLauncherBridgelessDevSupportManager
Nov 04, 2025 11:32:33 PM io.gapi.emulators.netty.NotFoundHandler handleRequest
INFO: Unknown request URI: /message?device=sdk_gphone64_x86_64%20-%2016%20-%20API%2036&app=com.anonymous.ecofit&clientid=DevLauncherBridgelessDevSupportManager
Nov 04, 2025 11:32:35 PM io.gapi.emulators.netty.NotFoundHandler handleRequest
INFO: Unknown request URI: /message?device=sdk_gphone64_x86_64%20-%2016%20-%20API%2036&app=com.anonymous.ecofit&clientid=DevLauncherBridgelessDevSupportManager
Nov 04, 2025 11:32:37 PM io.gapi.emulators.netty.NotFoundHandler handleRequest
INFO: Unknown request URI: /message?device=sdk_gphone64_x86_64%20-%2016%20-%20API%2036&app=com.anonymous.ecofit&clientid=DevLauncherBridgelessDevSupportManager
Nov 04, 2025 11:32:39 PM io.gapi.emulators.netty.NotFoundHandler handleRequest
INFO: Unknown request URI: /message?device=sdk_gphone64_x86_64%20-%2016%20-%20API%2036&app=com.anonymous.ecofit&clientid=DevLauncherBridgelessDevSupportManager
Nov 04, 2025 11:32:41 PM io.gapi.emulators.netty.NotFoundHandler handleRequest
INFO: Unknown request URI: /message?device=sdk_gphone64_x86_64%20-%2016%20-%20API%2036&app=com.anonymous.ecofit&clientid=DevLauncherBridgelessDevSupportManager
Nov 04, 2025 11:32:43 PM io.gapi.emulators.netty.NotFoundHandler handleRequest
INFO: Unknown request URI: /message?device=sdk_gphone64_x86_64%20-%2016%20-%20API%2036&app=com.anonymous.ecofit&clientid=DevLauncherBridgelessDevSupportManager
Nov 04, 2025 11:32:45 PM io.gapi.emulators.netty.NotFoundHandler handleRequest
INFO: Unknown request URI: /message?device=sdk_gphone64_x86_64%20-%2016%20-%20API%2036&app=com.anonymous.ecofit&clientid=DevLauncherBridgelessDevSupportManager
Nov 04, 2025 11:32:47 PM io.gapi.emulators.netty.NotFoundHandler handleRequest
INFO: Unknown request URI: /message?device=sdk_gphone64_x86_64%20-%2016%20-%20API%2036&app=com.anonymous.ecofit&clientid=DevLauncherBridgelessDevSupportManager
Nov 04, 2025 11:32:49 PM io.gapi.emulators.netty.NotFoundHandler handleRequest
INFO: Unknown request URI: /message?device=sdk_gphone64_x86_64%20-%2016%20-%20API%2036&app=com.anonymous.ecofit&clientid=DevLauncherBridgelessDevSupportManager
Nov 04, 2025 11:32:51 PM io.gapi.emulators.netty.NotFoundHandler handleRequest
INFO: Unknown request URI: /message?device=sdk_gphone64_x86_64%20-%2016%20-%20API%2036&app=com.anonymous.ecofit&clientid=DevLauncherBridgelessDevSupportManager
Nov 04, 2025 11:32:53 PM io.gapi.emulators.netty.NotFoundHandler handleRequest
INFO: Unknown request URI: /message?device=sdk_gphone64_x86_64%20-%2016%20-%20API%2036&app=com.anonymous.ecofit&clientid=DevLauncherBridgelessDevSupportManager
Nov 04, 2025 11:32:55 PM io.gapi.emulators.netty.NotFoundHandler handleRequest
INFO: Unknown request URI: /message?device=sdk_gphone64_x86_64%20-%2016%20-%20API%2036&app=com.anonymous.ecofit&clientid=DevLauncherBridgelessDevSupportManager
Nov 04, 2025 11:32:57 PM io.gapi.emulators.netty.NotFoundHandler handleRequest
INFO: Unknown request URI: /message?device=sdk_gphone64_x86_64%20-%2016%20-%20API%2036&app=com.anonymous.ecofit&clientid=DevLauncherBridgelessDevSupportManager
Nov 04, 2025 11:32:59 PM io.gapi.emulators.netty.NotFoundHandler handleRequest
INFO: Unknown request URI: /message?device=sdk_gphone64_x86_64%20-%2016%20-%20API%2036&app=com.anonymous.ecofit&clientid=DevLauncherBridgelessDevSupportManager
Nov 04, 2025 11:33:01 PM io.gapi.emulators.netty.NotFoundHandler handleRequest
INFO: Unknown request URI: /message?device=sdk_gphone64_x86_64%20-%2016%20-%20API%2036&app=com.anonymous.ecofit&clientid=DevLauncherBridgelessDevSupportManager
Nov 04, 2025 11:33:03 PM io.gapi.emulators.netty.NotFoundHandler handleRequest
INFO: Unknown request URI: /message?device=sdk_gphone64_x86_64%20-%2016%20-%20API%2036&app=com.anonymous.ecofit&clientid=DevLauncherBridgelessDevSupportManager
Nov 04, 2025 11:33:05 PM io.gapi.emulators.netty.NotFoundHandler handleRequest
INFO: Unknown request URI: /message?device=sdk_gphone64_x86_64%20-%2016%20-%20API%2036&app=com.anonymous.ecofit&clientid=DevLauncherBridgelessDevSupportManager
Nov 04, 2025 11:33:07 PM io.gapi.emulators.netty.NotFoundHandler handleRequest
INFO: Unknown request URI: /message?device=sdk_gphone64_x86_64%20-%2016%20-%20API%2036&app=com.anonymous.ecofit&clientid=DevLauncherBridgelessDevSupportManager
Nov 04, 2025 11:33:09 PM io.gapi.emulators.netty.NotFoundHandler handleRequest
INFO: Unknown request URI: /message?device=sdk_gphone64_x86_64%20-%2016%20-%20API%2036&app=com.anonymous.ecofit&clientid=DevLauncherBridgelessDevSupportManager
Nov 04, 2025 11:33:11 PM io.gapi.emulators.netty.NotFoundHandler handleRequest
INFO: Unknown request URI: /message?device=sdk_gphone64_x86_64%20-%2016%20-%20API%2036&app=com.anonymous.ecofit&clientid=DevLauncherBridgelessDevSupportManager
Nov 04, 2025 11:33:13 PM io.gapi.emulators.netty.NotFoundHandler handleRequest
INFO: Unknown request URI: /message?device=sdk_gphone64_x86_64%20-%2016%20-%20API%2036&app=com.anonymous.ecofit&clientid=DevLauncherBridgelessDevSupportManager
Nov 04, 2025 11:33:15 PM io.gapi.emulators.netty.NotFoundHandler handleRequest
INFO: Unknown request URI: /message?device=sdk_gphone64_x86_64%20-%2016%20-%20API%2036&app=com.anonymous.ecofit&clientid=DevLauncherBridgelessDevSupportManager
Nov 04, 2025 11:33:17 PM io.gapi.emulators.netty.NotFoundHandler handleRequest
INFO: Unknown request URI: /message?device=sdk_gphone64_x86_64%20-%2016%20-%20API%2036&app=com.anonymous.ecofit&clientid=DevLauncherBridgelessDevSupportManager
Nov 04, 2025 11:33:19 PM io.gapi.emulators.netty.NotFoundHandler handleRequest
INFO: Unknown request URI: /message?device=sdk_gphone64_x86_64%20-%2016%20-%20API%2036&app=com.anonymous.ecofit&clientid=DevLauncherBridgelessDevSupportManager
Nov 04, 2025 11:33:21 PM io.gapi.emulators.netty.NotFoundHandler handleRequest
INFO: Unknown request URI: /message?device=sdk_gphone64_x86_64%20-%2016%20-%20API%2036&app=com.anonymous.ecofit&clientid=DevLauncherBridgelessDevSupportManager
Nov 04, 2025 11:33:23 PM io.gapi.emulators.netty.NotFoundHandler handleRequest
INFO: Unknown request URI: /message?device=sdk_gphone64_x86_64%20-%2016%20-%20API%2036&app=com.anonymous.ecofit&clientid=DevLauncherBridgelessDevSupportManager
Nov 04, 2025 11:33:25 PM io.gapi.emulators.netty.NotFoundHandler handleRequest
INFO: Unknown request URI: /message?device=sdk_gphone64_x86_64%20-%2016%20-%20API%2036&app=com.anonymous.ecofit&clientid=DevLauncherBridgelessDevSupportManager
Nov 04, 2025 11:33:27 PM io.gapi.emulators.netty.NotFoundHandler handleRequest
INFO: Unknown request URI: /message?device=sdk_gphone64_x86_64%20-%2016%20-%20API%2036&app=com.anonymous.ecofit&clientid=DevLauncherBridgelessDevSupportManager
Nov 04, 2025 11:33:29 PM io.gapi.emulators.netty.NotFoundHandler handleRequest
INFO: Unknown request URI: /message?device=sdk_gphone64_x86_64%20-%2016%20-%20API%2036&app=com.anonymous.ecofit&clientid=DevLauncherBridgelessDevSupportManager
Nov 04, 2025 11:33:31 PM io.gapi.emulators.netty.NotFoundHandler handleRequest
INFO: Unknown request URI: /message?device=sdk_gphone64_x86_64%20-%2016%20-%20API%2036&app=com.anonymous.ecofit&clientid=DevLauncherBridgelessDevSupportManager
Nov 04, 2025 11:33:33 PM io.gapi.emulators.netty.NotFoundHandler handleRequest
INFO: Unknown request URI: /message?device=sdk_gphone64_x86_64%20-%2016%20-%20API%2036&app=com.anonymous.ecofit&clientid=DevLauncherBridgelessDevSupportManager
Nov 04, 2025 11:33:35 PM io.gapi.emulators.netty.NotFoundHandler handleRequest
INFO: Unknown request URI: /message?device=sdk_gphone64_x86_64%20-%2016%20-%20API%2036&app=com.anonymous.ecofit&clientid=DevLauncherBridgelessDevSupportManager
Nov 04, 2025 11:33:37 PM io.gapi.emulators.netty.NotFoundHandler handleRequest
INFO: Unknown request URI: /message?device=sdk_gphone64_x86_64%20-%2016%20-%20API%2036&app=com.anonymous.ecofit&clientid=DevLauncherBridgelessDevSupportManager
Nov 04, 2025 11:33:39 PM io.gapi.emulators.netty.NotFoundHandler handleRequest
INFO: Unknown request URI: /message?device=sdk_gphone64_x86_64%20-%2016%20-%20API%2036&app=com.anonymous.ecofit&clientid=DevLauncherBridgelessDevSupportManager
Nov 04, 2025 11:33:41 PM io.gapi.emulators.netty.NotFoundHandler handleRequest
INFO: Unknown request URI: /message?device=sdk_gphone64_x86_64%20-%2016%20-%20API%2036&app=com.anonymous.ecofit&clientid=DevLauncherBridgelessDevSupportManager
Nov 04, 2025 11:33:43 PM io.gapi.emulators.netty.NotFoundHandler handleRequest
INFO: Unknown request URI: /message?device=sdk_gphone64_x86_64%20-%2016%20-%20API%2036&app=com.anonymous.ecofit&clientid=DevLauncherBridgelessDevSupportManager
Nov 04, 2025 11:33:45 PM io.gapi.emulators.netty.NotFoundHandler handleRequest
INFO: Unknown request URI: /message?device=sdk_gphone64_x86_64%20-%2016%20-%20API%2036&app=com.anonymous.ecofit&clientid=DevLauncherBridgelessDevSupportManager
Nov 04, 2025 11:33:47 PM io.gapi.emulators.netty.NotFoundHandler handleRequest
INFO: Unknown request URI: /message?device=sdk_gphone64_x86_64%20-%2016%20-%20API%2036&app=com.anonymous.ecofit&clientid=DevLauncherBridgelessDevSupportManager
Nov 04, 2025 11:33:49 PM io.gapi.emulators.netty.NotFoundHandler handleRequest
INFO: Unknown request URI: /message?device=sdk_gphone64_x86_64%20-%2016%20-%20API%2036&app=com.anonymous.ecofit&clientid=DevLauncherBridgelessDevSupportManager
Nov 04, 2025 11:33:51 PM io.gapi.emulators.netty.NotFoundHandler handleRequest
INFO: Unknown request URI: /message?device=sdk_gphone64_x86_64%20-%2016%20-%20API%2036&app=com.anonymous.ecofit&clientid=DevLauncherBridgelessDevSupportManager
Nov 04, 2025 11:33:53 PM io.gapi.emulators.netty.NotFoundHandler handleRequest
INFO: Unknown request URI: /message?device=sdk_gphone64_x86_64%20-%2016%20-%20API%2036&app=com.anonymous.ecofit&clientid=DevLauncherBridgelessDevSupportManager
Nov 04, 2025 11:33:55 PM io.gapi.emulators.netty.NotFoundHandler handleRequest
INFO: Unknown request URI: /message?device=sdk_gphone64_x86_64%20-%2016%20-%20API%2036&app=com.anonymous.ecofit&clientid=DevLauncherBridgelessDevSupportManager
Nov 04, 2025 11:33:57 PM io.gapi.emulators.netty.NotFoundHandler handleRequest
INFO: Unknown request URI: /message?device=sdk_gphone64_x86_64%20-%2016%20-%20API%2036&app=com.anonymous.ecofit&clientid=DevLauncherBridgelessDevSupportManager
Nov 04, 2025 11:33:59 PM io.gapi.emulators.netty.NotFoundHandler handleRequest
INFO: Unknown request URI: /message?device=sdk_gphone64_x86_64%20-%2016%20-%20API%2036&app=com.anonymous.ecofit&clientid=DevLauncherBridgelessDevSupportManager
Nov 04, 2025 11:34:01 PM io.gapi.emulators.netty.NotFoundHandler handleRequest
INFO: Unknown request URI: /message?device=sdk_gphone64_x86_64%20-%2016%20-%20API%2036&app=com.anonymous.ecofit&clientid=DevLauncherBridgelessDevSupportManager
Nov 04, 2025 11:34:03 PM io.gapi.emulators.netty.NotFoundHandler handleRequest
INFO: Unknown request URI: /message?device=sdk_gphone64_x86_64%20-%2016%20-%20API%2036&app=com.anonymous.ecofit&clientid=DevLauncherBridgelessDevSupportManager
Nov 04, 2025 11:34:05 PM io.gapi.emulators.netty.NotFoundHandler handleRequest
INFO: Unknown request URI: /message?device=sdk_gphone64_x86_64%20-%2016%20-%20API%2036&app=com.anonymous.ecofit&clientid=DevLauncherBridgelessDevSupportManager
Nov 04, 2025 11:34:07 PM io.gapi.emulators.netty.NotFoundHandler handleRequest
INFO: Unknown request URI: /message?device=sdk_gphone64_x86_64%20-%2016%20-%20API%2036&app=com.anonymous.ecofit&clientid=DevLauncherBridgelessDevSupportManager
Nov 04, 2025 11:34:09 PM io.gapi.emulators.netty.NotFoundHandler handleRequest
INFO: Unknown request URI: /message?device=sdk_gphone64_x86_64%20-%2016%20-%20API%2036&app=com.anonymous.ecofit&clientid=DevLauncherBridgelessDevSupportManager
Nov 04, 2025 11:34:11 PM io.gapi.emulators.netty.NotFoundHandler handleRequest
INFO: Unknown request URI: /message?device=sdk_gphone64_x86_64%20-%2016%20-%20API%2036&app=com.anonymous.ecofit&clientid=DevLauncherBridgelessDevSupportManager
Nov 04, 2025 11:34:13 PM io.gapi.emulators.netty.NotFoundHandler handleRequest
INFO: Unknown request URI: /message?device=sdk_gphone64_x86_64%20-%2016%20-%20API%2036&app=com.anonymous.ecofit&clientid=DevLauncherBridgelessDevSupportManager
Nov 04, 2025 11:34:15 PM io.gapi.emulators.netty.NotFoundHandler handleRequest
INFO: Unknown request URI: /message?device=sdk_gphone64_x86_64%20-%2016%20-%20API%2036&app=com.anonymous.ecofit&clientid=DevLauncherBridgelessDevSupportManager
Nov 04, 2025 11:34:17 PM io.gapi.emulators.netty.NotFoundHandler handleRequest
INFO: Unknown request URI: /message?device=sdk_gphone64_x86_64%20-%2016%20-%20API%2036&app=com.anonymous.ecofit&clientid=DevLauncherBridgelessDevSupportManager
Nov 04, 2025 11:34:19 PM io.gapi.emulators.netty.NotFoundHandler handleRequest
INFO: Unknown request URI: /message?device=sdk_gphone64_x86_64%20-%2016%20-%20API%2036&app=com.anonymous.ecofit&clientid=DevLauncherBridgelessDevSupportManager
Nov 04, 2025 11:34:21 PM io.gapi.emulators.netty.NotFoundHandler handleRequest
INFO: Unknown request URI: /message?device=sdk_gphone64_x86_64%20-%2016%20-%20API%2036&app=com.anonymous.ecofit&clientid=DevLauncherBridgelessDevSupportManager
Nov 04, 2025 11:34:23 PM io.gapi.emulators.netty.NotFoundHandler handleRequest
INFO: Unknown request URI: /message?device=sdk_gphone64_x86_64%20-%2016%20-%20API%2036&app=com.anonymous.ecofit&clientid=DevLauncherBridgelessDevSupportManager
Nov 04, 2025 11:34:25 PM io.gapi.emulators.netty.NotFoundHandler handleRequest
INFO: Unknown request URI: /message?device=sdk_gphone64_x86_64%20-%2016%20-%20API%2036&app=com.anonymous.ecofit&clientid=DevLauncherBridgelessDevSupportManager
Nov 04, 2025 11:34:27 PM io.gapi.emulators.netty.NotFoundHandler handleRequest
INFO: Unknown request URI: /message?device=sdk_gphone64_x86_64%20-%2016%20-%20API%2036&app=com.anonymous.ecofit&clientid=DevLauncherBridgelessDevSupportManager
Nov 04, 2025 11:34:29 PM io.gapi.emulators.netty.NotFoundHandler handleRequest
INFO: Unknown request URI: /message?device=sdk_gphone64_x86_64%20-%2016%20-%20API%2036&app=com.anonymous.ecofit&clientid=DevLauncherBridgelessDevSupportManager
Nov 04, 2025 11:34:31 PM io.gapi.emulators.netty.NotFoundHandler handleRequest
INFO: Unknown request URI: /message?device=sdk_gphone64_x86_64%20-%2016%20-%20API%2036&app=com.anonymous.ecofit&clientid=DevLauncherBridgelessDevSupportManager
Nov 04, 2025 11:34:33 PM io.gapi.emulators.netty.NotFoundHandler handleRequest
INFO: Unknown request URI: /message?device=sdk_gphone64_x86_64%20-%2016%20-%20API%2036&app=com.anonymous.ecofit&clientid=DevLauncherBridgelessDevSupportManager
Nov 04, 2025 11:34:35 PM io.gapi.emulators.netty.NotFoundHandler handleRequest
INFO: Unknown request URI: /message?device=sdk_gphone64_x86_64%20-%2016%20-%20API%2036&app=com.anonymous.ecofit&clientid=DevLauncherBridgelessDevSupportManager
Nov 04, 2025 11:34:37 PM io.gapi.emulators.netty.NotFoundHandler handleRequest
INFO: Unknown request URI: /message?device=sdk_gphone64_x86_64%20-%2016%20-%20API%2036&app=com.anonymous.ecofit&clientid=DevLauncherBridgelessDevSupportManager
Nov 04, 2025 11:34:39 PM io.gapi.emulators.netty.NotFoundHandler handleRequest
INFO: Unknown request URI: /message?device=sdk_gphone64_x86_64%20-%2016%20-%20API%2036&app=com.anonymous.ecofit&clientid=DevLauncherBridgelessDevSupportManager
Nov 04, 2025 11:34:41 PM io.gapi.emulators.netty.NotFoundHandler handleRequest
INFO: Unknown request URI: /message?device=sdk_gphone64_x86_64%20-%2016%20-%20API%2036&app=com.anonymous.ecofit&clientid=DevLauncherBridgelessDevSupportManager
Nov 04, 2025 11:34:43 PM io.gapi.emulators.netty.NotFoundHandler handleRequest
INFO: Unknown request URI: /message?device=sdk_gphone64_x86_64%20-%2016%20-%20API%2036&app=com.anonymous.ecofit&clientid=DevLauncherBridgelessDevSupportManager
Nov 04, 2025 11:34:45 PM io.gapi.emulators.netty.NotFoundHandler handleRequest
INFO: Unknown request URI: /message?device=sdk_gphone64_x86_64%20-%2016%20-%20API%2036&app=com.anonymous.ecofit&clientid=DevLauncherBridgelessDevSupportManager
Nov 04, 2025 11:34:47 PM io.gapi.emulators.netty.NotFoundHandler handleRequest
INFO: Unknown request URI: /message?device=sdk_gphone64_x86_64%20-%2016%20-%20API%2036&app=com.anonymous.ecofit&clientid=DevLauncherBridgelessDevSupportManager
Nov 04, 2025 11:34:49 PM io.gapi.emulators.netty.NotFoundHandler handleRequest
INFO: Unknown request URI: /message?device=sdk_gphone64_x86_64%20-%2016%20-%20API%2036&app=com.anonymous.ecofit&clientid=DevLauncherBridgelessDevSupportManager
Nov 04, 2025 11:34:51 PM io.gapi.emulators.netty.NotFoundHandler handleRequest
INFO: Unknown request URI: /message?device=sdk_gphone64_x86_64%20-%2016%20-%20API%2036&app=com.anonymous.ecofit&clientid=DevLauncherBridgelessDevSupportManager
Nov 04, 2025 11:34:53 PM io.gapi.emulators.netty.NotFoundHandler handleRequest
INFO: Unknown request URI: /message?device=sdk_gphone64_x86_64%20-%2016%20-%20API%2036&app=com.anonymous.ecofit&clientid=DevLauncherBridgelessDevSupportManager
Nov 04, 2025 11:34:55 PM io.gapi.emulators.netty.NotFoundHandler handleRequest
INFO: Unknown request URI: /message?device=sdk_gphone64_x86_64%20-%2016%20-%20API%2036&app=com.anonymous.ecofit&clientid=DevLauncherBridgelessDevSupportManager
Nov 04, 2025 11:34:57 PM io.gapi.emulators.netty.NotFoundHandler handleRequest
INFO: Unknown request URI: /message?device=sdk_gphone64_x86_64%20-%2016%20-%20API%2036&app=com.anonymous.ecofit&clientid=DevLauncherBridgelessDevSupportManager
Nov 04, 2025 11:34:59 PM io.gapi.emulators.netty.NotFoundHandler handleRequest
INFO: Unknown request URI: /message?device=sdk_gphone64_x86_64%20-%2016%20-%20API%2036&app=com.anonymous.ecofit&clientid=DevLauncherBridgelessDevSupportManager
Nov 04, 2025 11:35:01 PM io.gapi.emulators.netty.NotFoundHandler handleRequest
INFO: Unknown request URI: /message?device=sdk_gphone64_x86_64%20-%2016%20-%20API%2036&app=com.anonymous.ecofit&clientid=DevLauncherBridgelessDevSupportManager
Nov 04, 2025 11:35:03 PM io.gapi.emulators.netty.NotFoundHandler handleRequest
INFO: Unknown request URI: /message?device=sdk_gphone64_x86_64%20-%2016%20-%20API%2036&app=com.anonymous.ecofit&clientid=DevLauncherBridgelessDevSupportManager
Nov 04, 2025 11:35:05 PM io.gapi.emulators.netty.NotFoundHandler handleRequest
INFO: Unknown request URI: /message?device=sdk_gphone64_x86_64%20-%2016%20-%20API%2036&app=com.anonymous.ecofit&clientid=DevLauncherBridgelessDevSupportManager
Nov 04, 2025 11:35:07 PM io.gapi.emulators.netty.NotFoundHandler handleRequest
INFO: Unknown request URI: /message?device=sdk_gphone64_x86_64%20-%2016%20-%20API%2036&app=com.anonymous.ecofit&clientid=DevLauncherBridgelessDevSupportManager
Nov 04, 2025 11:35:09 PM io.gapi.emulators.netty.NotFoundHandler handleRequest
INFO: Unknown request URI: /message?device=sdk_gphone64_x86_64%20-%2016%20-%20API%2036&app=com.anonymous.ecofit&clientid=DevLauncherBridgelessDevSupportManager
Nov 04, 2025 11:35:11 PM io.gapi.emulators.netty.NotFoundHandler handleRequest
INFO: Unknown request URI: /message?device=sdk_gphone64_x86_64%20-%2016%20-%20API%2036&app=com.anonymous.ecofit&clientid=DevLauncherBridgelessDevSupportManager
Nov 04, 2025 11:35:13 PM io.gapi.emulators.netty.NotFoundHandler handleRequest
INFO: Unknown request URI: /message?device=sdk_gphone64_x86_64%20-%2016%20-%20API%2036&app=com.anonymous.ecofit&clientid=DevLauncherBridgelessDevSupportManager
Nov 04, 2025 11:35:15 PM io.gapi.emulators.netty.NotFoundHandler handleRequest
INFO: Unknown request URI: /message?device=sdk_gphone64_x86_64%20-%2016%20-%20API%2036&app=com.anonymous.ecofit&clientid=DevLauncherBridgelessDevSupportManager
Nov 04, 2025 11:35:17 PM io.gapi.emulators.netty.NotFoundHandler handleRequest
INFO: Unknown request URI: /message?device=sdk_gphone64_x86_64%20-%2016%20-%20API%2036&app=com.anonymous.ecofit&clientid=DevLauncherBridgelessDevSupportManager
Nov 04, 2025 11:35:19 PM io.gapi.emulators.netty.NotFoundHandler handleRequest
INFO: Unknown request URI: /message?device=sdk_gphone64_x86_64%20-%2016%20-%20API%2036&app=com.anonymous.ecofit&clientid=DevLauncherBridgelessDevSupportManager
Nov 04, 2025 11:35:21 PM io.gapi.emulators.netty.NotFoundHandler handleRequest
INFO: Unknown request URI: /message?device=sdk_gphone64_x86_64%20-%2016%20-%20API%2036&app=com.anonymous.ecofit&clientid=DevLauncherBridgelessDevSupportManager
Nov 04, 2025 11:35:23 PM io.gapi.emulators.netty.NotFoundHandler handleRequest
INFO: Unknown request URI: /message?device=sdk_gphone64_x86_64%20-%2016%20-%20API%2036&app=com.anonymous.ecofit&clientid=DevLauncherBridgelessDevSupportManager
Nov 04, 2025 11:35:25 PM io.gapi.emulators.netty.NotFoundHandler handleRequest
INFO: Unknown request URI: /message?device=sdk_gphone64_x86_64%20-%2016%20-%20API%2036&app=com.anonymous.ecofit&clientid=DevLauncherBridgelessDevSupportManager
Nov 04, 2025 11:35:27 PM io.gapi.emulators.netty.NotFoundHandler handleRequest
INFO: Unknown request URI: /message?device=sdk_gphone64_x86_64%20-%2016%20-%20API%2036&app=com.anonymous.ecofit&clientid=DevLauncherBridgelessDevSupportManager
Nov 04, 2025 11:35:29 PM io.gapi.emulators.netty.NotFoundHandler handleRequest
INFO: Unknown request URI: /message?device=sdk_gphone64_x86_64%20-%2016%20-%20API%2036&app=com.anonymous.ecofit&clientid=DevLauncherBridgelessDevSupportManager
Nov 04, 2025 11:35:31 PM io.gapi.emulators.netty.NotFoundHandler handleRequest
INFO: Unknown request URI: /message?device=sdk_gphone64_x86_64%20-%2016%20-%20API%2036&app=com.anonymous.ecofit&clientid=DevLauncherBridgelessDevSupportManager
Nov 04, 2025 11:35:33 PM io.gapi.emulators.netty.NotFoundHandler handleRequest
INFO: Unknown request URI: /message?device=sdk_gphone64_x86_64%20-%2016%20-%20API%2036&app=com.anonymous.ecofit&clientid=DevLauncherBridgelessDevSupportManager
Nov 04, 2025 11:35:35 PM io.gapi.emulators.netty.NotFoundHandler handleRequest
INFO: Unknown request URI: /message?device=sdk_gphone64_x86_64%20-%2016%20-%20API%2036&app=com.anonymous.ecofit&clientid=DevLauncherBridgelessDevSupportManager
Nov 04, 2025 11:35:37 PM io.gapi.emulators.netty.NotFoundHandler handleRequest
INFO: Unknown request URI: /message?device=sdk_gphone64_x86_64%20-%2016%20-%20API%2036&app=com.anonymous.ecofit&clientid=DevLauncherBridgelessDevSupportManager
Nov 04, 2025 11:35:39 PM io.gapi.emulators.netty.NotFoundHandler handleRequest
INFO: Unknown request URI: /message?device=sdk_gphone64_x86_64%20-%2016%20-%20API%2036&app=com.anonymous.ecofit&clientid=DevLauncherBridgelessDevSupportManager
Nov 04, 2025 11:35:41 PM io.gapi.emulators.netty.NotFoundHandler handleRequest
INFO: Unknown request URI: /message?device=sdk_gphone64_x86_64%20-%2016%20-%20API%2036&app=com.anonymous.ecofit&clientid=DevLauncherBridgelessDevSupportManager
Nov 04, 2025 11:35:43 PM io.gapi.emulators.netty.NotFoundHandler handleRequest
INFO: Unknown request URI: /message?device=sdk_gphone64_x86_64%20-%2016%20-%20API%2036&app=com.anonymous.ecofit&clientid=DevLauncherBridgelessDevSupportManager
Nov 04, 2025 11:35:45 PM io.gapi.emulators.netty.NotFoundHandler handleRequest
INFO: Unknown request URI: /message?device=sdk_gphone64_x86_64%20-%2016%20-%20API%2036&app=com.anonymous.ecofit&clientid=DevLauncherBridgelessDevSupportManager
Nov 04, 2025 11:35:47 PM io.gapi.emulators.netty.NotFoundHandler handleRequest
INFO: Unknown request URI: /message?device=sdk_gphone64_x86_64%20-%2016%20-%20API%2036&app=com.anonymous.ecofit&clientid=DevLauncherBridgelessDevSupportManager
Nov 04, 2025 11:35:49 PM io.gapi.emulators.netty.NotFoundHandler handleRequest
INFO: Unknown request URI: /message?device=sdk_gphone64_x86_64%20-%2016%20-%20API%2036&app=com.anonymous.ecofit&clientid=DevLauncherBridgelessDevSupportManager
Nov 04, 2025 11:35:51 PM io.gapi.emulators.netty.NotFoundHandler handleRequest
INFO: Unknown request URI: /message?device=sdk_gphone64_x86_64%20-%2016%20-%20API%2036&app=com.anonymous.ecofit&clientid=DevLauncherBridgelessDevSupportManager
Nov 04, 2025 11:35:53 PM io.gapi.emulators.netty.NotFoundHandler handleRequest
INFO: Unknown request URI: /message?device=sdk_gphone64_x86_64%20-%2016%20-%20API%2036&app=com.anonymous.ecofit&clientid=DevLauncherBridgelessDevSupportManager
Nov 04, 2025 11:35:55 PM io.gapi.emulators.netty.NotFoundHandler handleRequest
INFO: Unknown request URI: /message?device=sdk_gphone64_x86_64%20-%2016%20-%20API%2036&app=com.anonymous.ecofit&clientid=DevLauncherBridgelessDevSupportManager
Nov 04, 2025 11:35:57 PM io.gapi.emulators.netty.NotFoundHandler handleRequest
INFO: Unknown request URI: /message?device=sdk_gphone64_x86_64%20-%2016%20-%20API%2036&app=com.anonymous.ecofit&clientid=DevLauncherBridgelessDevSupportManager
Nov 04, 2025 11:35:59 PM io.gapi.emulators.netty.NotFoundHandler handleRequest
INFO: Unknown request URI: /message?device=sdk_gphone64_x86_64%20-%2016%20-%20API%2036&app=com.anonymous.ecofit&clientid=DevLauncherBridgelessDevSupportManager
Nov 04, 2025 11:36:02 PM io.gapi.emulators.netty.NotFoundHandler handleRequest
INFO: Unknown request URI: /message?device=sdk_gphone64_x86_64%20-%2016%20-%20API%2036&app=com.anonymous.ecofit&clientid=DevLauncherBridgelessDevSupportManager
Nov 04, 2025 11:36:04 PM io.gapi.emulators.netty.NotFoundHandler handleRequest
INFO: Unknown request URI: /message?device=sdk_gphone64_x86_64%20-%2016%20-%20API%2036&app=com.anonymous.ecofit&clientid=DevLauncherBridgelessDevSupportManager
Nov 04, 2025 11:36:06 PM io.gapi.emulators.netty.NotFoundHandler handleRequest
INFO: Unknown request URI: /message?device=sdk_gphone64_x86_64%20-%2016%20-%20API%2036&app=com.anonymous.ecofit&clientid=DevLauncherBridgelessDevSupportManager
Nov 04, 2025 11:36:08 PM io.gapi.emulators.netty.NotFoundHandler handleRequest
INFO: Unknown request URI: /message?device=sdk_gphone64_x86_64%20-%2016%20-%20API%2036&app=com.anonymous.ecofit&clientid=DevLauncherBridgelessDevSupportManager
Nov 04, 2025 11:36:10 PM io.gapi.emulators.netty.NotFoundHandler handleRequest
INFO: Unknown request URI: /message?device=sdk_gphone64_x86_64%20-%2016%20-%20API%2036&app=com.anonymous.ecofit&clientid=DevLauncherBridgelessDevSupportManager
Nov 04, 2025 11:36:12 PM io.gapi.emulators.netty.NotFoundHandler handleRequest
INFO: Unknown request URI: /message?device=sdk_gphone64_x86_64%20-%2016%20-%20API%2036&app=com.anonymous.ecofit&clientid=DevLauncherBridgelessDevSupportManager
Nov 04, 2025 11:36:14 PM io.gapi.emulators.netty.NotFoundHandler handleRequest
INFO: Unknown request URI: /message?device=sdk_gphone64_x86_64%20-%2016%20-%20API%2036&app=com.anonymous.ecofit&clientid=DevLauncherBridgelessDevSupportManager
Nov 04, 2025 11:36:16 PM io.gapi.emulators.netty.NotFoundHandler handleRequest
INFO: Unknown request URI: /message?device=sdk_gphone64_x86_64%20-%2016%20-%20API%2036&app=com.anonymous.ecofit&clientid=DevLauncherBridgelessDevSupportManager
Nov 04, 2025 11:36:18 PM io.gapi.emulators.netty.NotFoundHandler handleRequest
INFO: Unknown request URI: /message?device=sdk_gphone64_x86_64%20-%2016%20-%20API%2036&app=com.anonymous.ecofit&clientid=DevLauncherBridgelessDevSupportManager
Nov 04, 2025 11:36:20 PM io.gapi.emulators.netty.NotFoundHandler handleRequest
INFO: Unknown request URI: /message?device=sdk_gphone64_x86_64%20-%2016%20-%20API%2036&app=com.anonymous.ecofit&clientid=DevLauncherBridgelessDevSupportManager
Nov 04, 2025 11:36:22 PM io.gapi.emulators.netty.NotFoundHandler handleRequest
INFO: Unknown request URI: /message?device=sdk_gphone64_x86_64%20-%2016%20-%20API%2036&app=com.anonymous.ecofit&clientid=DevLauncherBridgelessDevSupportManager
Nov 04, 2025 11:36:24 PM io.gapi.emulators.netty.NotFoundHandler handleRequest
INFO: Unknown request URI: /message?device=sdk_gphone64_x86_64%20-%2016%20-%20API%2036&app=com.anonymous.ecofit&clientid=DevLauncherBridgelessDevSupportManager
Nov 04, 2025 11:36:26 PM io.gapi.emulators.netty.NotFoundHandler handleRequest
INFO: Unknown request URI: /message?device=sdk_gphone64_x86_64%20-%2016%20-%20API%2036&app=com.anonymous.ecofit&clientid=DevLauncherBridgelessDevSupportManager
Nov 04, 2025 11:36:28 PM io.gapi.emulators.netty.NotFoundHandler handleRequest
INFO: Unknown request URI: /message?device=sdk_gphone64_x86_64%20-%2016%20-%20API%2036&app=com.anonymous.ecofit&clientid=DevLauncherBridgelessDevSupportManager
Nov 04, 2025 11:36:30 PM io.gapi.emulators.netty.NotFoundHandler handleRequest
INFO: Unknown request URI: /message?device=sdk_gphone64_x86_64%20-%2016%20-%20API%2036&app=com.anonymous.ecofit&clientid=DevLauncherBridgelessDevSupportManager
Nov 04, 2025 11:36:32 PM io.gapi.emulators.netty.NotFoundHandler handleRequest
INFO: Unknown request URI: /message?device=sdk_gphone64_x86_64%20-%2016%20-%20API%2036&app=com.anonymous.ecofit&clientid=DevLauncherBridgelessDevSupportManager
Nov 04, 2025 11:36:34 PM io.gapi.emulators.netty.NotFoundHandler handleRequest
INFO: Unknown request URI: /message?device=sdk_gphone64_x86_64%20-%2016%20-%20API%2036&app=com.anonymous.ecofit&clientid=DevLauncherBridgelessDevSupportManager
Nov 04, 2025 11:36:36 PM io.gapi.emulators.netty.NotFoundHandler handleRequest
INFO: Unknown request URI: /message?device=sdk_gphone64_x86_64%20-%2016%20-%20API%2036&app=com.anonymous.ecofit&clientid=DevLauncherBridgelessDevSupportManager
Nov 04, 2025 11:36:38 PM io.gapi.emulators.netty.NotFoundHandler handleRequest
INFO: Unknown request URI: /message?device=sdk_gphone64_x86_64%20-%2016%20-%20API%2036&app=com.anonymous.ecofit&clientid=DevLauncherBridgelessDevSupportManager
Nov 04, 2025 11:36:40 PM io.gapi.emulators.netty.NotFoundHandler handleRequest
INFO: Unknown request URI: /message?device=sdk_gphone64_x86_64%20-%2016%20-%20API%2036&app=com.anonymous.ecofit&clientid=DevLauncherBridgelessDevSupportManager
Nov 04, 2025 11:36:42 PM io.gapi.emulators.netty.NotFoundHandler handleRequest
INFO: Unknown request URI: /message?device=sdk_gphone64_x86_64%20-%2016%20-%20API%2036&app=com.anonymous.ecofit&clientid=DevLauncherBridgelessDevSupportManager
Nov 04, 2025 11:36:44 PM io.gapi.emulators.netty.NotFoundHandler handleRequest
INFO: Unknown request URI: /message?device=sdk_gphone64_x86_64%20-%2016%20-%20API%2036&app=com.anonymous.ecofit&clientid=DevLauncherBridgelessDevSupportManager
Nov 04, 2025 11:36:46 PM io.gapi.emulators.netty.NotFoundHandler handleRequest
INFO: Unknown request URI: /message?device=sdk_gphone64_x86_64%20-%2016%20-%20API%2036&app=com.anonymous.ecofit&clientid=DevLauncherBridgelessDevSupportManager
Nov 04, 2025 11:36:48 PM io.gapi.emulators.netty.NotFoundHandler handleRequest
INFO: Unknown request URI: /message?device=sdk_gphone64_x86_64%20-%2016%20-%20API%2036&app=com.anonymous.ecofit&clientid=DevLauncherBridgelessDevSupportManager
Nov 04, 2025 11:36:50 PM io.gapi.emulators.netty.NotFoundHandler handleRequest
INFO: Unknown request URI: /message?device=sdk_gphone64_x86_64%20-%2016%20-%20API%2036&app=com.anonymous.ecofit&clientid=DevLauncherBridgelessDevSupportManager
Nov 04, 2025 11:36:52 PM io.gapi.emulators.netty.NotFoundHandler handleRequest
INFO: Unknown request URI: /message?device=sdk_gphone64_x86_64%20-%2016%20-%20API%2036&app=com.anonymous.ecofit&clientid=DevLauncherBridgelessDevSupportManager
Nov 04, 2025 11:36:54 PM io.gapi.emulators.netty.NotFoundHandler handleRequest
INFO: Unknown request URI: /message?device=sdk_gphone64_x86_64%20-%2016%20-%20API%2036&app=com.anonymous.ecofit&clientid=DevLauncherBridgelessDevSupportManager
Nov 04, 2025 11:36:56 PM io.gapi.emulators.netty.NotFoundHandler handleRequest
INFO: Unknown request URI: /message?device=sdk_gphone64_x86_64%20-%2016%20-%20API%2036&app=com.anonymous.ecofit&clientid=DevLauncherBridgelessDevSupportManager
Nov 04, 2025 11:36:58 PM io.gapi.emulators.netty.NotFoundHandler handleRequest
INFO: Unknown request URI: /message?device=sdk_gphone64_x86_64%20-%2016%20-%20API%2036&app=com.anonymous.ecofit&clientid=DevLauncherBridgelessDevSupportManager
Nov 04, 2025 11:37:00 PM io.gapi.emulators.netty.NotFoundHandler handleRequest
INFO: Unknown request URI: /message?device=sdk_gphone64_x86_64%20-%2016%20-%20API%2036&app=com.anonymous.ecofit&clientid=DevLauncherBridgelessDevSupportManager
Nov 04, 2025 11:37:02 PM io.gapi.emulators.netty.NotFoundHandler handleRequest
INFO: Unknown request URI: /message?device=sdk_gphone64_x86_64%20-%2016%20-%20API%2036&app=com.anonymous.ecofit&clientid=DevLauncherBridgelessDevSupportManager
Nov 04, 2025 11:37:04 PM io.gapi.emulators.netty.NotFoundHandler handleRequest
INFO: Unknown request URI: /message?device=sdk_gphone64_x86_64%20-%2016%20-%20API%2036&app=com.anonymous.ecofit&clientid=DevLauncherBridgelessDevSupportManager
Nov 04, 2025 11:37:06 PM io.gapi.emulators.netty.NotFoundHandler handleRequest
INFO: Unknown request URI: /message?device=sdk_gphone64_x86_64%20-%2016%20-%20API%2036&app=com.anonymous.ecofit&clientid=DevLauncherBridgelessDevSupportManager
Nov 04, 2025 11:37:08 PM io.gapi.emulators.netty.NotFoundHandler handleRequest
INFO: Unknown request URI: /message?device=sdk_gphone64_x86_64%20-%2016%20-%20API%2036&app=com.anonymous.ecofit&clientid=DevLauncherBridgelessDevSupportManager
Nov 04, 2025 11:37:10 PM io.gapi.emulators.netty.NotFoundHandler handleRequest
INFO: Unknown request URI: /message?device=sdk_gphone64_x86_64%20-%2016%20-%20API%2036&app=com.anonymous.ecofit&clientid=DevLauncherBridgelessDevSupportManager
Nov 04, 2025 11:37:12 PM io.gapi.emulators.netty.NotFoundHandler handleRequest
INFO: Unknown request URI: /message?device=sdk_gphone64_x86_64%20-%2016%20-%20API%2036&app=com.anonymous.ecofit&clientid=DevLauncherBridgelessDevSupportManager
Nov 04, 2025 11:37:14 PM io.gapi.emulators.netty.NotFoundHandler handleRequest
INFO: Unknown request URI: /message?device=sdk_gphone64_x86_64%20-%2016%20-%20API%2036&app=com.anonymous.ecofit&clientid=DevLauncherBridgelessDevSupportManager
Nov 04, 2025 11:37:16 PM io.gapi.emulators.netty.NotFoundHandler handleRequest
INFO: Unknown request URI: /message?device=sdk_gphone64_x86_64%20-%2016%20-%20API%2036&app=com.anonymous.ecofit&clientid=DevLauncherBridgelessDevSupportManager
Nov 04, 2025 11:37:18 PM io.gapi.emulators.netty.NotFoundHandler handleRequest
INFO: Unknown request URI: /message?device=sdk_gphone64_x86_64%20-%2016%20-%20API%2036&app=com.anonymous.ecofit&clientid=DevLauncherBridgelessDevSupportManager
Nov 04, 2025 11:37:20 PM io.gapi.emulators.netty.NotFoundHandler handleRequest
INFO: Unknown request URI: /message?device=sdk_gphone64_x86_64%20-%2016%20-%20API%2036&app=com.anonymous.ecofit&clientid=DevLauncherBridgelessDevSupportManager
Nov 04, 2025 11:37:22 PM io.gapi.emulators.netty.NotFoundHandler handleRequest
INFO: Unknown request URI: /message?device=sdk_gphone64_x86_64%20-%2016%20-%20API%2036&app=com.anonymous.ecofit&clientid=DevLauncherBridgelessDevSupportManager
Nov 04, 2025 11:37:24 PM io.gapi.emulators.netty.NotFoundHandler handleRequest
INFO: Unknown request URI: /message?device=sdk_gphone64_x86_64%20-%2016%20-%20API%2036&app=com.anonymous.ecofit&clientid=DevLauncherBridgelessDevSupportManager
Nov 04, 2025 11:37:26 PM io.gapi.emulators.netty.NotFoundHandler handleRequest
INFO: Unknown request URI: /message?device=sdk_gphone64_x86_64%20-%2016%20-%20API%2036&app=com.anonymous.ecofit&clientid=DevLauncherBridgelessDevSupportManager
Nov 04, 2025 11:37:28 PM io.gapi.emulators.netty.NotFoundHandler handleRequest
INFO: Unknown request URI: /message?device=sdk_gphone64_x86_64%20-%2016%20-%20API%2036&app=com.anonymous.ecofit&clientid=DevLauncherBridgelessDevSupportManager
Nov 04, 2025 11:37:30 PM io.gapi.emulators.netty.NotFoundHandler handleRequest
INFO: Unknown request URI: /message?device=sdk_gphone64_x86_64%20-%2016%20-%20API%2036&app=com.anonymous.ecofit&clientid=DevLauncherBridgelessDevSupportManager
Nov 04, 2025 11:37:32 PM io.gapi.emulators.netty.NotFoundHandler handleRequest
INFO: Unknown request URI: /message?device=sdk_gphone64_x86_64%20-%2016%20-%20API%2036&app=com.anonymous.ecofit&clientid=DevLauncherBridgelessDevSupportManager
Nov 04, 2025 11:37:34 PM io.gapi.emulators.netty.NotFoundHandler handleRequest
INFO: Unknown request URI: /message?device=sdk_gphone64_x86_64%20-%2016%20-%20API%2036&app=com.anonymous.ecofit&clientid=DevLauncherBridgelessDevSupportManager
Nov 04, 2025 11:37:36 PM io.gapi.emulators.netty.NotFoundHandler handleRequest
INFO: Unknown request URI: /message?device=sdk_gphone64_x86_64%20-%2016%20-%20API%2036&app=com.anonymous.ecofit&clientid=DevLauncherBridgelessDevSupportManager
Nov 04, 2025 11:37:38 PM io.gapi.emulators.netty.NotFoundHandler handleRequest
INFO: Unknown request URI: /message?device=sdk_gphone64_x86_64%20-%2016%20-%20API%2036&app=com.anonymous.ecofit&clientid=DevLauncherBridgelessDevSupportManager
Nov 04, 2025 11:37:40 PM io.gapi.emulators.netty.NotFoundHandler handleRequest
INFO: Unknown request URI: /message?device=sdk_gphone64_x86_64%20-%2016%20-%20API%2036&app=com.anonymous.ecofit&clientid=DevLauncherBridgelessDevSupportManager
Nov 04, 2025 11:37:42 PM io.gapi.emulators.netty.NotFoundHandler handleRequest
INFO: Unknown request URI: /message?device=sdk_gphone64_x86_64%20-%2016%20-%20API%2036&app=com.anonymous.ecofit&clientid=DevLauncherBridgelessDevSupportManager
Nov 04, 2025 11:37:44 PM io.gapi.emulators.netty.NotFoundHandler handleRequest
INFO: Unknown request URI: /message?device=sdk_gphone64_x86_64%20-%2016%20-%20API%2036&app=com.anonymous.ecofit&clientid=DevLauncherBridgelessDevSupportManager
Nov 04, 2025 11:37:46 PM io.gapi.emulators.netty.NotFoundHandler handleRequest
INFO: Unknown request URI: /message?device=sdk_gphone64_x86_64%20-%2016%20-%20API%2036&app=com.anonymous.ecofit&clientid=DevLauncherBridgelessDevSupportManager
Nov 04, 2025 11:37:48 PM io.gapi.emulators.netty.NotFoundHandler handleRequest
INFO: Unknown request URI: /message?device=sdk_gphone64_x86_64%20-%2016%20-%20API%2036&app=com.anonymous.ecofit&clientid=DevLauncherBridgelessDevSupportManager
Nov 04, 2025 11:37:50 PM io.gapi.emulators.netty.NotFoundHandler handleRequest
INFO: Unknown request URI: /message?device=sdk_gphone64_x86_64%20-%2016%20-%20API%2036&app=com.anonymous.ecofit&clientid=DevLauncherBridgelessDevSupportManager
Nov 04, 2025 11:37:52 PM io.gapi.emulators.netty.NotFoundHandler handleRequest
INFO: Unknown request URI: /message?device=sdk_gphone64_x86_64%20-%2016%20-%20API%2036&app=com.anonymous.ecofit&clientid=DevLauncherBridgelessDevSupportManager
Nov 04, 2025 11:37:54 PM io.gapi.emulators.netty.NotFoundHandler handleRequest
INFO: Unknown request URI: /message?device=sdk_gphone64_x86_64%20-%2016%20-%20API%2036&app=com.anonymous.ecofit&clientid=DevLauncherBridgelessDevSupportManager
Nov 04, 2025 11:37:56 PM io.gapi.emulators.netty.NotFoundHandler handleRequest
INFO: Unknown request URI: /message?device=sdk_gphone64_x86_64%20-%2016%20-%20API%2036&app=com.anonymous.ecofit&clientid=DevLauncherBridgelessDevSupportManager
Nov 04, 2025 11:37:58 PM io.gapi.emulators.netty.NotFoundHandler handleRequest
INFO: Unknown request URI: /message?device=sdk_gphone64_x86_64%20-%2016%20-%20API%2036&app=com.anonymous.ecofit&clientid=DevLauncherBridgelessDevSupportManager
Nov 04, 2025 11:38:00 PM io.gapi.emulators.netty.NotFoundHandler handleRequest
INFO: Unknown request URI: /message?device=sdk_gphone64_x86_64%20-%2016%20-%20API%2036&app=com.anonymous.ecofit&clientid=DevLauncherBridgelessDevSupportManager
Nov 04, 2025 11:38:02 PM io.gapi.emulators.netty.NotFoundHandler handleRequest
INFO: Unknown request URI: /message?device=sdk_gphone64_x86_64%20-%2016%20-%20API%2036&app=com.anonymous.ecofit&clientid=DevLauncherBridgelessDevSupportManager
Nov 04, 2025 11:38:04 PM io.gapi.emulators.netty.NotFoundHandler handleRequest
INFO: Unknown request URI: /message?device=sdk_gphone64_x86_64%20-%2016%20-%20API%2036&app=com.anonymous.ecofit&clientid=DevLauncherBridgelessDevSupportManager
Nov 04, 2025 11:38:06 PM io.gapi.emulators.netty.NotFoundHandler handleRequest
INFO: Unknown request URI: /message?device=sdk_gphone64_x86_64%20-%2016%20-%20API%2036&app=com.anonymous.ecofit&clientid=DevLauncherBridgelessDevSupportManager
Nov 04, 2025 11:38:08 PM io.gapi.emulators.netty.NotFoundHandler handleRequest
INFO: Unknown request URI: /message?device=sdk_gphone64_x86_64%20-%2016%20-%20API%2036&app=com.anonymous.ecofit&clientid=DevLauncherBridgelessDevSupportManager
Nov 04, 2025 11:38:10 PM io.gapi.emulators.netty.NotFoundHandler handleRequest
INFO: Unknown request URI: /message?device=sdk_gphone64_x86_64%20-%2016%20-%20API%2036&app=com.anonymous.ecofit&clientid=DevLauncherBridgelessDevSupportManager
Nov 04, 2025 11:38:12 PM io.gapi.emulators.netty.NotFoundHandler handleRequest
INFO: Unknown request URI: /message?device=sdk_gphone64_x86_64%20-%2016%20-%20API%2036&app=com.anonymous.ecofit&clientid=DevLauncherBridgelessDevSupportManager
Nov 04, 2025 11:38:14 PM io.gapi.emulators.netty.NotFoundHandler handleRequest
INFO: Unknown request URI: /message?device=sdk_gphone64_x86_64%20-%2016%20-%20API%2036&app=com.anonymous.ecofit&clientid=DevLauncherBridgelessDevSupportManager
Nov 04, 2025 11:38:16 PM io.gapi.emulators.netty.NotFoundHandler handleRequest
INFO: Unknown request URI: /message?device=sdk_gphone64_x86_64%20-%2016%20-%20API%2036&app=com.anonymous.ecofit&clientid=DevLauncherBridgelessDevSupportManager
Nov 04, 2025 11:38:18 PM io.gapi.emulators.netty.NotFoundHandler handleRequest
INFO: Unknown request URI: /message?device=sdk_gphone64_x86_64%20-%2016%20-%20API%2036&app=com.anonymous.ecofit&clientid=DevLauncherBridgelessDevSupportManager
Nov 04, 2025 11:38:20 PM io.gapi.emulators.netty.NotFoundHandler handleRequest
INFO: Unknown request URI: /message?device=sdk_gphone64_x86_64%20-%2016%20-%20API%2036&app=com.anonymous.ecofit&clientid=DevLauncherBridgelessDevSupportManager
Nov 04, 2025 11:38:22 PM io.gapi.emulators.netty.NotFoundHandler handleRequest
INFO: Unknown request URI: /message?device=sdk_gphone64_x86_64%20-%2016%20-%20API%2036&app=com.anonymous.ecofit&clientid=DevLauncherBridgelessDevSupportManager
Nov 04, 2025 11:38:24 PM io.gapi.emulators.netty.NotFoundHandler handleRequest
INFO: Unknown request URI: /message?device=sdk_gphone64_x86_64%20-%2016%20-%20API%2036&app=com.anonymous.ecofit&clientid=DevLauncherBridgelessDevSupportManager
Nov 04, 2025 11:38:26 PM io.gapi.emulators.netty.NotFoundHandler handleRequest
INFO: Unknown request URI: /message?device=sdk_gphone64_x86_64%20-%2016%20-%20API%2036&app=com.anonymous.ecofit&clientid=DevLauncherBridgelessDevSupportManager
Nov 04, 2025 11:38:28 PM io.gapi.emulators.netty.NotFoundHandler handleRequest
INFO: Unknown request URI: /message?device=sdk_gphone64_x86_64%20-%2016%20-%20API%2036&app=com.anonymous.ecofit&clientid=DevLauncherBridgelessDevSupportManager
Nov 04, 2025 11:38:30 PM io.gapi.emulators.netty.NotFoundHandler handleRequest
INFO: Unknown request URI: /message?device=sdk_gphone64_x86_64%20-%2016%20-%20API%2036&app=com.anonymous.ecofit&clientid=DevLauncherBridgelessDevSupportManager
Nov 04, 2025 11:38:32 PM io.gapi.emulators.netty.NotFoundHandler handleRequest
INFO: Unknown request URI: /message?device=sdk_gphone64_x86_64%20-%2016%20-%20API%2036&app=com.anonymous.ecofit&clientid=DevLauncherBridgelessDevSupportManager
Nov 04, 2025 11:38:34 PM io.gapi.emulators.netty.NotFoundHandler handleRequest
INFO: Unknown request URI: /message?device=sdk_gphone64_x86_64%20-%2016%20-%20API%2036&app=com.anonymous.ecofit&clientid=DevLauncherBridgelessDevSupportManager
Nov 04, 2025 11:38:36 PM io.gapi.emulators.netty.NotFoundHandler handleRequest
INFO: Unknown request URI: /message?device=sdk_gphone64_x86_64%20-%2016%20-%20API%2036&app=com.anonymous.ecofit&clientid=DevLauncherBridgelessDevSupportManager
Nov 04, 2025 11:38:38 PM io.gapi.emulators.netty.NotFoundHandler handleRequest
INFO: Unknown request URI: /message?device=sdk_gphone64_x86_64%20-%2016%20-%20API%2036&app=com.anonymous.ecofit&clientid=DevLauncherBridgelessDevSupportManager
Nov 04, 2025 11:38:40 PM io.gapi.emulators.netty.NotFoundHandler handleRequest
INFO: Unknown request URI: /message?device=sdk_gphone64_x86_64%20-%2016%20-%20API%2036&app=com.anonymous.ecofit&clientid=DevLauncherBridgelessDevSupportManager
Nov 04, 2025 11:38:42 PM io.gapi.emulators.netty.NotFoundHandler handleRequest
INFO: Unknown request URI: /message?device=sdk_gphone64_x86_64%20-%2016%20-%20API%2036&app=com.anonymous.ecofit&clientid=DevLauncherBridgelessDevSupportManager
Nov 04, 2025 11:38:44 PM io.gapi.emulators.netty.NotFoundHandler handleRequest
INFO: Unknown request URI: /message?device=sdk_gphone64_x86_64%20-%2016%20-%20API%2036&app=com.anonymous.ecofit&clientid=DevLauncherBridgelessDevSupportManager
Nov 04, 2025 11:38:46 PM io.gapi.emulators.netty.NotFoundHandler handleRequest
INFO: Unknown request URI: /message?device=sdk_gphone64_x86_64%20-%2016%20-%20API%2036&app=com.anonymous.ecofit&clientid=DevLauncherBridgelessDevSupportManager
Nov 04, 2025 11:38:48 PM io.gapi.emulators.netty.NotFoundHandler handleRequest
INFO: Unknown request URI: /message?device=sdk_gphone64_x86_64%20-%2016%20-%20API%2036&app=com.anonymous.ecofit&clientid=DevLauncherBridgelessDevSupportManager
Nov 04, 2025 11:38:50 PM io.gapi.emulators.netty.NotFoundHandler handleRequest
INFO: Unknown request URI: /message?device=sdk_gphone64_x86_64%20-%2016%20-%20API%2036&app=com.anonymous.ecofit&clientid=DevLauncherBridgelessDevSupportManager
Nov 04, 2025 11:38:52 PM io.gapi.emulators.netty.NotFoundHandler handleRequest
INFO: Unknown request URI: /message?device=sdk_gphone64_x86_64%20-%2016%20-%20API%2036&app=com.anonymous.ecofit&clientid=DevLauncherBridgelessDevSupportManager
Nov 04, 2025 11:38:54 PM io.gapi.emulators.netty.NotFoundHandler handleRequest
INFO: Unknown request URI: /message?device=sdk_gphone64_x86_64%20-%2016%20-%20API%2036&app=com.anonymous.ecofit&clientid=DevLauncherBridgelessDevSupportManager
Nov 04, 2025 11:38:56 PM io.gapi.emulators.netty.NotFoundHandler handleRequest
INFO: Unknown request URI: /message?device=sdk_gphone64_x86_64%20-%2016%20-%20API%2036&app=com.anonymous.ecofit&clientid=DevLauncherBridgelessDevSupportManager
Nov 04, 2025 11:38:58 PM io.gapi.emulators.netty.NotFoundHandler handleRequest
INFO: Unknown request URI: /message?device=sdk_gphone64_x86_64%20-%2016%20-%20API%2036&app=com.anonymous.ecofit&clientid=DevLauncherBridgelessDevSupportManager
Nov 04, 2025 11:39:00 PM io.gapi.emulators.netty.NotFoundHandler handleRequest
INFO: Unknown request URI: /message?device=sdk_gphone64_x86_64%20-%2016%20-%20API%2036&app=com.anonymous.ecofit&clientid=DevLauncherBridgelessDevSupportManager
Nov 04, 2025 11:39:02 PM io.gapi.emulators.netty.NotFoundHandler handleRequest
INFO: Unknown request URI: /message?device=sdk_gphone64_x86_64%20-%2016%20-%20API%2036&app=com.anonymous.ecofit&clientid=DevLauncherBridgelessDevSupportManager
Nov 04, 2025 11:39:04 PM io.gapi.emulators.netty.NotFoundHandler handleRequest
INFO: Unknown request URI: /message?device=sdk_gphone64_x86_64%20-%2016%20-%20API%2036&app=com.anonymous.ecofit&clientid=DevLauncherBridgelessDevSupportManager
Nov 04, 2025 11:39:06 PM io.gapi.emulators.netty.NotFoundHandler handleRequest
INFO: Unknown request URI: /message?device=sdk_gphone64_x86_64%20-%2016%20-%20API%2036&app=com.anonymous.ecofit&clientid=DevLauncherBridgelessDevSupportManager
Nov 04, 2025 11:39:08 PM io.gapi.emulators.netty.NotFoundHandler handleRequest
INFO: Unknown request URI: /message?device=sdk_gphone64_x86_64%20-%2016%20-%20API%2036&app=com.anonymous.ecofit&clientid=DevLauncherBridgelessDevSupportManager
Nov 04, 2025 11:39:10 PM io.gapi.emulators.netty.NotFoundHandler handleRequest
INFO: Unknown request URI: /message?device=sdk_gphone64_x86_64%20-%2016%20-%20API%2036&app=com.anonymous.ecofit&clientid=DevLauncherBridgelessDevSupportManager
Nov 04, 2025 11:39:12 PM io.gapi.emulators.netty.NotFoundHandler handleRequest
INFO: Unknown request URI: /message?device=sdk_gphone64_x86_64%20-%2016%20-%20API%2036&app=com.anonymous.ecofit&clientid=DevLauncherBridgelessDevSupportManager
Nov 04, 2025 11:39:14 PM io.gapi.emulators.netty.NotFoundHandler handleRequest
INFO: Unknown request URI: /message?device=sdk_gphone64_x86_64%20-%2016%20-%20API%2036&app=com.anonymous.ecofit&clientid=DevLauncherBridgelessDevSupportManager
Nov 04, 2025 11:39:16 PM io.gapi.emulators.netty.NotFoundHandler handleRequest
INFO: Unknown request URI: /message?device=sdk_gphone64_x86_64%20-%2016%20-%20API%2036&app=com.anonymous.ecofit&clientid=DevLauncherBridgelessDevSupportManager
Nov 04, 2025 11:39:18 PM io.gapi.emulators.netty.NotFoundHandler handleRequest
INFO: Unknown request URI: /message?device=sdk_gphone64_x86_64%20-%2016%20-%20API%2036&app=com.anonymous.ecofit&clientid=DevLauncherBridgelessDevSupportManager
Nov 04, 2025 11:39:20 PM io.gapi.emulators.netty.NotFoundHandler handleRequest
INFO: Unknown request URI: /message?device=sdk_gphone64_x86_64%20-%2016%20-%20API%2036&app=com.anonymous.ecofit&clientid=DevLauncherBridgelessDevSupportManager
Nov 04, 2025 11:39:22 PM io.gapi.emulators.netty.NotFoundHandler handleRequest
INFO: Unknown request URI: /message?device=sdk_gphone64_x86_64%20-%2016%20-%20API%2036&app=com.anonymous.ecofit&clientid=DevLauncherBridgelessDevSupportManager
Nov 04, 2025 11:39:24 PM io.gapi.emulators.netty.NotFoundHandler handleRequest
INFO: Unknown request URI: /message?device=sdk_gphone64_x86_64%20-%2016%20-%20API%2036&app=com.anonymous.ecofit&clientid=DevLauncherBridgelessDevSupportManager
Nov 04, 2025 11:39:26 PM io.gapi.emulators.netty.NotFoundHandler handleRequest
INFO: Unknown request URI: /message?device=sdk_gphone64_x86_64%20-%2016%20-%20API%2036&app=com.anonymous.ecofit&clientid=DevLauncherBridgelessDevSupportManager
Nov 04, 2025 11:39:28 PM io.gapi.emulators.netty.NotFoundHandler handleRequest
INFO: Unknown request URI: /message?device=sdk_gphone64_x86_64%20-%2016%20-%20API%2036&app=com.anonymous.ecofit&clientid=DevLauncherBridgelessDevSupportManager
Nov 04, 2025 11:39:30 PM io.gapi.emulators.netty.NotFoundHandler handleRequest
INFO: Unknown request URI: /message?device=sdk_gphone64_x86_64%20-%2016%20-%20API%2036&app=com.anonymous.ecofit&clientid=DevLauncherBridgelessDevSupportManager
Nov 04, 2025 11:39:32 PM io.gapi.emulators.netty.NotFoundHandler handleRequest
INFO: Unknown request URI: /message?device=sdk_gphone64_x86_64%20-%2016%20-%20API%2036&app=com.anonymous.ecofit&clientid=DevLauncherBridgelessDevSupportManager
Nov 04, 2025 11:39:34 PM io.gapi.emulators.netty.NotFoundHandler handleRequest
INFO: Unknown request URI: /message?device=sdk_gphone64_x86_64%20-%2016%20-%20API%2036&app=com.anonymous.ecofit&clientid=DevLauncherBridgelessDevSupportManager
Nov 04, 2025 11:39:36 PM io.gapi.emulators.netty.NotFoundHandler handleRequest
INFO: Unknown request URI: /message?device=sdk_gphone64_x86_64%20-%2016%20-%20API%2036&app=com.anonymous.ecofit&clientid=DevLauncherBridgelessDevSupportManager
Nov 04, 2025 11:39:38 PM io.gapi.emulators.netty.NotFoundHandler handleRequest
INFO: Unknown request URI: /message?device=sdk_gphone64_x86_64%20-%2016%20-%20API%2036&app=com.anonymous.ecofit&clientid=DevLauncherBridgelessDevSupportManager
Nov 04, 2025 11:39:40 PM io.gapi.emulators.netty.NotFoundHandler handleRequest
INFO: Unknown request URI: /message?device=sdk_gphone64_x86_64%20-%2016%20-%20API%2036&app=com.anonymous.ecofit&clientid=DevLauncherBridgelessDevSupportManager
Nov 04, 2025 11:39:42 PM io.gapi.emulators.netty.NotFoundHandler handleRequest
INFO: Unknown request URI: /message?device=sdk_gphone64_x86_64%20-%2016%20-%20API%2036&app=com.anonymous.ecofit&clientid=DevLauncherBridgelessDevSupportManager
Nov 04, 2025 11:39:44 PM io.gapi.emulators.netty.NotFoundHandler handleRequest
INFO: Unknown request URI: /message?device=sdk_gphone64_x86_64%20-%2016%20-%20API%2036&app=com.anonymous.ecofit&clientid=DevLauncherBridgelessDevSupportManager
Nov 04, 2025 11:39:46 PM io.gapi.emulators.netty.NotFoundHandler handleRequest
INFO: Unknown request URI: /message?device=sdk_gphone64_x86_64%20-%2016%20-%20API%2036&app=com.anonymous.ecofit&clientid=DevLauncherBridgelessDevSupportManager
Nov 04, 2025 11:39:48 PM io.gapi.emulators.netty.NotFoundHandler handleRequest
INFO: Unknown request URI: /message?device=sdk_gphone64_x86_64%20-%2016%20-%20API%2036&app=com.anonymous.ecofit&clientid=DevLauncherBridgelessDevSupportManager
Nov 04, 2025 11:39:50 PM io.gapi.emulators.netty.NotFoundHandler handleRequest
INFO: Unknown request URI: /message?device=sdk_gphone64_x86_64%20-%2016%20-%20API%2036&app=com.anonymous.ecofit&clientid=DevLauncherBridgelessDevSupportManager
Nov 04, 2025 11:39:52 PM io.gapi.emulators.netty.NotFoundHandler handleRequest
INFO: Unknown request URI: /message?device=sdk_gphone64_x86_64%20-%2016%20-%20API%2036&app=com.anonymous.ecofit&clientid=DevLauncherBridgelessDevSupportManager
Nov 04, 2025 11:39:54 PM io.gapi.emulators.netty.NotFoundHandler handleRequest
INFO: Unknown request URI: /message?device=sdk_gphone64_x86_64%20-%2016%20-%20API%2036&app=com.anonymous.ecofit&clientid=DevLauncherBridgelessDevSupportManager
Nov 04, 2025 11:39:56 PM io.gapi.emulators.netty.NotFoundHandler handleRequest
INFO: Unknown request URI: /message?device=sdk_gphone64_x86_64%20-%2016%20-%20API%2036&app=com.anonymous.ecofit&clientid=DevLauncherBridgelessDevSupportManager
Nov 04, 2025 11:39:58 PM io.gapi.emulators.netty.NotFoundHandler handleRequest
INFO: Unknown request URI: /message?device=sdk_gphone64_x86_64%20-%2016%20-%20API%2036&app=com.anonymous.ecofit&clientid=DevLauncherBridgelessDevSupportManager
Nov 04, 2025 11:40:00 PM io.gapi.emulators.netty.NotFoundHandler handleRequest
INFO: Unknown request URI: /message?device=sdk_gphone64_x86_64%20-%2016%20-%20API%2036&app=com.anonymous.ecofit&clientid=DevLauncherBridgelessDevSupportManager
Nov 04, 2025 11:40:02 PM io.gapi.emulators.netty.NotFoundHandler handleRequest
INFO: Unknown request URI: /message?device=sdk_gphone64_x86_64%20-%2016%20-%20API%2036&app=com.anonymous.ecofit&clientid=DevLauncherBridgelessDevSupportManager
Nov 04, 2025 11:40:04 PM io.gapi.emulators.netty.NotFoundHandler handleRequest
INFO: Unknown request URI: /message?device=sdk_gphone64_x86_64%20-%2016%20-%20API%2036&app=com.anonymous.ecofit&clientid=DevLauncherBridgelessDevSupportManager
Nov 04, 2025 11:40:06 PM io.gapi.emulators.netty.NotFoundHandler handleRequest
INFO: Unknown request URI: /message?device=sdk_gphone64_x86_64%20-%2016%20-%20API%2036&app=com.anonymous.ecofit&clientid=DevLauncherBridgelessDevSupportManager
Nov 04, 2025 11:40:08 PM io.gapi.emulators.netty.NotFoundHandler handleRequest
INFO: Unknown request URI: /message?device=sdk_gphone64_x86_64%20-%2016%20-%20API%2036&app=com.anonymous.ecofit&clientid=DevLauncherBridgelessDevSupportManager
Nov 04, 2025 11:40:10 PM io.gapi.emulators.netty.NotFoundHandler handleRequest
INFO: Unknown request URI: /message?device=sdk_gphone64_x86_64%20-%2016%20-%20API%2036&app=com.anonymous.ecofit&clientid=DevLauncherBridgelessDevSupportManager
Nov 04, 2025 11:40:12 PM io.gapi.emulators.netty.NotFoundHandler handleRequest
INFO: Unknown request URI: /message?device=sdk_gphone64_x86_64%20-%2016%20-%20API%2036&app=com.anonymous.ecofit&clientid=DevLauncherBridgelessDevSupportManager
Nov 04, 2025 11:40:14 PM io.gapi.emulators.netty.NotFoundHandler handleRequest
INFO: Unknown request URI: /message?device=sdk_gphone64_x86_64%20-%2016%20-%20API%2036&app=com.anonymous.ecofit&clientid=DevLauncherBridgelessDevSupportManager
Nov 04, 2025 11:40:16 PM io.gapi.emulators.netty.NotFoundHandler handleRequest
INFO: Unknown request URI: /message?device=sdk_gphone64_x86_64%20-%2016%20-%20API%2036&app=com.anonymous.ecofit&clientid=DevLauncherBridgelessDevSupportManager
Nov 04, 2025 11:40:18 PM io.gapi.emulators.netty.NotFoundHandler handleRequest
INFO: Unknown request URI: /message?device=sdk_gphone64_x86_64%20-%2016%20-%20API%2036&app=com.anonymous.ecofit&clientid=DevLauncherBridgelessDevSupportManager
Nov 04, 2025 11:40:20 PM io.gapi.emulators.netty.NotFoundHandler handleRequest
INFO: Unknown request URI: /message?device=sdk_gphone64_x86_64%20-%2016%20-%20API%2036&app=com.anonymous.ecofit&clientid=DevLauncherBridgelessDevSupportManager
Nov 04, 2025 11:40:22 PM io.gapi.emulators.netty.NotFoundHandler handleRequest
INFO: Unknown request URI: /message?device=sdk_gphone64_x86_64%20-%2016%20-%20API%2036&app=com.anonymous.ecofit&clientid=DevLauncherBridgelessDevSupportManager
Nov 04, 2025 11:40:24 PM io.gapi.emulators.netty.NotFoundHandler handleRequest
INFO: Unknown request URI: /message?device=sdk_gphone64_x86_64%20-%2016%20-%20API%2036&app=com.anonymous.ecofit&clientid=DevLauncherBridgelessDevSupportManager
Nov 04, 2025 11:40:26 PM io.gapi.emulators.netty.NotFoundHandler handleRequest
INFO: Unknown request URI: /message?device=sdk_gphone64_x86_64%20-%2016%20-%20API%2036&app=com.anonymous.ecofit&clientid=DevLauncherBridgelessDevSupportManager
Nov 04, 2025 11:40:28 PM io.gapi.emulators.netty.NotFoundHandler handleRequest
INFO: Unknown request URI: /message?device=sdk_gphone64_x86_64%20-%2016%20-%20API%2036&app=com.anonymous.ecofit&clientid=DevLauncherBridgelessDevSupportManager
Nov 04, 2025 11:40:30 PM io.gapi.emulators.netty.NotFoundHandler handleRequest
INFO: Unknown request URI: /message?device=sdk_gphone64_x86_64%20-%2016%20-%20API%2036&app=com.anonymous.ecofit&clientid=DevLauncherBridgelessDevSupportManager
Nov 04, 2025 11:40:32 PM io.gapi.emulators.netty.NotFoundHandler handleRequest
INFO: Unknown request URI: /message?device=sdk_gphone64_x86_64%20-%2016%20-%20API%2036&app=com.anonymous.ecofit&clientid=DevLauncherBridgelessDevSupportManager
Nov 04, 2025 11:40:34 PM io.gapi.emulators.netty.NotFoundHandler handleRequest
INFO: Unknown request URI: /message?device=sdk_gphone64_x86_64%20-%2016%20-%20API%2036&app=com.anonymous.ecofit&clientid=DevLauncherBridgelessDevSupportManager
Nov 04, 2025 11:40:36 PM io.gapi.emulators.netty.NotFoundHandler handleRequest
INFO: Unknown request URI: /message?device=sdk_gphone64_x86_64%20-%2016%20-%20API%2036&app=com.anonymous.ecofit&clientid=DevLauncherBridgelessDevSupportManager
Nov 04, 2025 11:40:38 PM io.gapi.emulators.netty.NotFoundHandler handleRequest
INFO: Unknown request URI: /message?device=sdk_gphone64_x86_64%20-%2016%20-%20API%2036&app=com.anonymous.ecofit&clientid=DevLauncherBridgelessDevSupportManager
Nov 04, 2025 11:40:40 PM io.gapi.emulators.netty.NotFoundHandler handleRequest
INFO: Unknown request URI: /message?device=sdk_gphone64_x86_64%20-%2016%20-%20API%2036&app=com.anonymous.ecofit&clientid=DevLauncherBridgelessDevSupportManager
Nov 04, 2025 11:40:42 PM io.gapi.emulators.netty.NotFoundHandler handleRequest
INFO: Unknown request URI: /message?device=sdk_gphone64_x86_64%20-%2016%20-%20API%2036&app=com.anonymous.ecofit&clientid=DevLauncherBridgelessDevSupportManager
Nov 04, 2025 11:40:44 PM io.gapi.emulators.netty.NotFoundHandler handleRequest
INFO: Unknown request URI: /message?device=sdk_gphone64_x86_64%20-%2016%20-%20API%2036&app=com.anonymous.ecofit&clientid=DevLauncherBridgelessDevSupportManager
Nov 04, 2025 11:40:46 PM io.gapi.emulators.netty.NotFoundHandler handleRequest
INFO: Unknown request URI: /message?device=sdk_gphone64_x86_64%20-%2016%20-%20API%2036&app=com.anonymous.ecofit&clientid=DevLauncherBridgelessDevSupportManager
Nov 04, 2025 11:40:48 PM io.gapi.emulators.netty.NotFoundHandler handleRequest
INFO: Unknown request URI: /message?device=sdk_gphone64_x86_64%20-%2016%20-%20API%2036&app=com.anonymous.ecofit&clientid=DevLauncherBridgelessDevSupportManager
Nov 04, 2025 11:40:50 PM io.gapi.emulators.netty.NotFoundHandler handleRequest
INFO: Unknown request URI: /message?device=sdk_gphone64_x86_64%20-%2016%20-%20API%2036&app=com.anonymous.ecofit&clientid=DevLauncherBridgelessDevSupportManager
Nov 04, 2025 11:40:52 PM io.gapi.emulators.netty.NotFoundHandler handleRequest
INFO: Unknown request URI: /message?device=sdk_gphone64_x86_64%20-%2016%20-%20API%2036&app=com.anonymous.ecofit&clientid=DevLauncherBridgelessDevSupportManager
Nov 04, 2025 11:40:54 PM io.gapi.emulators.netty.NotFoundHandler handleRequest
INFO: Unknown request URI: /message?device=sdk_gphone64_x86_64%20-%2016%20-%20API%2036&app=com.anonymous.ecofit&clientid=DevLauncherBridgelessDevSupportManager
Nov 04, 2025 11:40:56 PM io.gapi.emulators.netty.NotFoundHandler handleRequest
INFO: Unknown request URI: /message?device=sdk_gphone64_x86_64%20-%2016%20-%20API%2036&app=com.anonymous.ecofit&clientid=DevLauncherBridgelessDevSupportManager
Nov 04, 2025 11:40:58 PM io.gapi.emulators.netty.NotFoundHandler handleRequest
INFO: Unknown request URI: /message?device=sdk_gphone64_x86_64%20-%2016%20-%20API%2036&app=com.anonymous.ecofit&clientid=DevLauncherBridgelessDevSupportManager
Nov 04, 2025 11:41:00 PM io.gapi.emulators.netty.NotFoundHandler handleRequest
INFO: Unknown request URI: /message?device=sdk_gphone64_x86_64%20-%2016%20-%20API%2036&app=com.anonymous.ecofit&clientid=DevLauncherBridgelessDevSupportManager
Nov 04, 2025 11:41:02 PM io.gapi.emulators.netty.NotFoundHandler handleRequest
INFO: Unknown request URI: /message?device=sdk_gphone64_x86_64%20-%2016%20-%20API%2036&app=com.anonymous.ecofit&clientid=DevLauncherBridgelessDevSupportManager
Nov 04, 2025 11:41:04 PM io.gapi.emulators.netty.NotFoundHandler handleRequest
INFO: Unknown request URI: /message?device=sdk_gphone64_x86_64%20-%2016%20-%20API%2036&app=com.anonymous.ecofit&clientid=DevLauncherBridgelessDevSupportManager
Nov 04, 2025 11:41:06 PM io.gapi.emulators.netty.NotFoundHandler handleRequest
INFO: Unknown request URI: /message?device=sdk_gphone64_x86_64%20-%2016%20-%20API%2036&app=com.anonymous.ecofit&clientid=DevLauncherBridgelessDevSupportManager
Nov 04, 2025 11:41:08 PM io.gapi.emulators.netty.NotFoundHandler handleRequest
INFO: Unknown request URI: /message?device=sdk_gphone64_x86_64%20-%2016%20-%20API%2036&app=com.anonymous.ecofit&clientid=DevLauncherBridgelessDevSupportManager
Nov 04, 2025 11:41:10 PM io.gapi.emulators.netty.NotFoundHandler handleRequest
INFO: Unknown request URI: /message?device=sdk_gphone64_x86_64%20-%2016%20-%20API%2036&app=com.anonymous.ecofit&clientid=DevLauncherBridgelessDevSupportManager
Nov 04, 2025 11:41:12 PM io.gapi.emulators.netty.NotFoundHandler handleRequest
INFO: Unknown request URI: /message?device=sdk_gphone64_x86_64%20-%2016%20-%20API%2036&app=com.anonymous.ecofit&clientid=DevLauncherBridgelessDevSupportManager
Nov 04, 2025 11:41:14 PM io.gapi.emulators.netty.NotFoundHandler handleRequest
INFO: Unknown request URI: /message?device=sdk_gphone64_x86_64%20-%2016%20-%20API%2036&app=com.anonymous.ecofit&clientid=DevLauncherBridgelessDevSupportManager
Nov 04, 2025 11:41:16 PM io.gapi.emulators.netty.NotFoundHandler handleRequest
INFO: Unknown request URI: /message?device=sdk_gphone64_x86_64%20-%2016%20-%20API%2036&app=com.anonymous.ecofit&clientid=DevLauncherBridgelessDevSupportManager
Nov 04, 2025 11:41:18 PM io.gapi.emulators.netty.NotFoundHandler handleRequest
INFO: Unknown request URI: /message?device=sdk_gphone64_x86_64%20-%2016%20-%20API%2036&app=com.anonymous.ecofit&clientid=DevLauncherBridgelessDevSupportManager
Nov 04, 2025 11:41:20 PM io.gapi.emulators.netty.NotFoundHandler handleRequest
INFO: Unknown request URI: /message?device=sdk_gphone64_x86_64%20-%2016%20-%20API%2036&app=com.anonymous.ecofit&clientid=DevLauncherBridgelessDevSupportManager
Nov 04, 2025 11:41:22 PM io.gapi.emulators.netty.NotFoundHandler handleRequest
INFO: Unknown request URI: /message?device=sdk_gphone64_x86_64%20-%2016%20-%20API%2036&app=com.anonymous.ecofit&clientid=DevLauncherBridgelessDevSupportManager
Nov 04, 2025 11:41:24 PM io.gapi.emulators.netty.NotFoundHandler handleRequest
INFO: Unknown request URI: /message?device=sdk_gphone64_x86_64%20-%2016%20-%20API%2036&app=com.anonymous.ecofit&clientid=DevLauncherBridgelessDevSupportManager
Nov 04, 2025 11:41:26 PM io.gapi.emulators.netty.NotFoundHandler handleRequest
INFO: Unknown request URI: /message?device=sdk_gphone64_x86_64%20-%2016%20-%20API%2036&app=com.anonymous.ecofit&clientid=DevLauncherBridgelessDevSupportManager
Nov 04, 2025 11:41:28 PM io.gapi.emulators.netty.NotFoundHandler handleRequest
INFO: Unknown request URI: /message?device=sdk_gphone64_x86_64%20-%2016%20-%20API%2036&app=com.anonymous.ecofit&clientid=DevLauncherBridgelessDevSupportManager
Nov 04, 2025 11:41:30 PM io.gapi.emulators.netty.NotFoundHandler handleRequest
INFO: Unknown request URI: /message?device=sdk_gphone64_x86_64%20-%2016%20-%20API%2036&app=com.anonymous.ecofit&clientid=DevLauncherBridgelessDevSupportManager
Nov 04, 2025 11:41:32 PM io.gapi.emulators.netty.NotFoundHandler handleRequest
INFO: Unknown request URI: /message?device=sdk_gphone64_x86_64%20-%2016%20-%20API%2036&app=com.anonymous.ecofit&clientid=DevLauncherBridgelessDevSupportManager
Nov 04, 2025 11:41:34 PM io.gapi.emulators.netty.NotFoundHandler handleRequest
INFO: Unknown request URI: /message?device=sdk_gphone64_x86_64%20-%2016%20-%20API%2036&app=com.anonymous.ecofit&clientid=DevLauncherBridgelessDevSupportManager
Nov 04, 2025 11:41:36 PM io.gapi.emulators.netty.NotFoundHandler handleRequest
INFO: Unknown request URI: /message?device=sdk_gphone64_x86_64%20-%2016%20-%20API%2036&app=com.anonymous.ecofit&clientid=DevLauncherBridgelessDevSupportManager
Nov 04, 2025 11:41:38 PM io.gapi.emulators.netty.NotFoundHandler handleRequest
INFO: Unknown request URI: /message?device=sdk_gphone64_x86_64%20-%2016%20-%20API%2036&app=com.anonymous.ecofit&clientid=DevLauncherBridgelessDevSupportManager
Nov 04, 2025 11:41:40 PM io.gapi.emulators.netty.NotFoundHandler handleRequest
INFO: Unknown request URI: /message?device=sdk_gphone64_x86_64%20-%2016%20-%20API%2036&app=com.anonymous.ecofit&clientid=DevLauncherBridgelessDevSupportManager
Nov 04, 2025 11:41:42 PM io.gapi.emulators.netty.NotFoundHandler handleRequest
INFO: Unknown request URI: /message?device=sdk_gphone64_x86_64%20-%2016%20-%20API%2036&app=com.anonymous.ecofit&clientid=DevLauncherBridgelessDevSupportManager
Nov 04, 2025 11:41:44 PM io.gapi.emulators.netty.NotFoundHandler handleRequest
INFO: Unknown request URI: /message?device=sdk_gphone64_x86_64%20-%2016%20-%20API%2036&app=com.anonymous.ecofit&clientid=DevLauncherBridgelessDevSupportManager
Nov 04, 2025 11:41:46 PM io.gapi.emulators.netty.NotFoundHandler handleRequest
INFO: Unknown request URI: /message?device=sdk_gphone64_x86_64%20-%2016%20-%20API%2036&app=com.anonymous.ecofit&clientid=DevLauncherBridgelessDevSupportManager
Nov 04, 2025 11:41:48 PM io.gapi.emulators.netty.NotFoundHandler handleRequest
INFO: Unknown request URI: /message?device=sdk_gphone64_x86_64%20-%2016%20-%20API%2036&app=com.anonymous.ecofit&clientid=DevLauncherBridgelessDevSupportManager
Nov 04, 2025 11:41:50 PM io.gapi.emulators.netty.NotFoundHandler handleRequest
INFO: Unknown request URI: /message?device=sdk_gphone64_x86_64%20-%2016%20-%20API%2036&app=com.anonymous.ecofit&clientid=DevLauncherBridgelessDevSupportManager
Nov 04, 2025 11:41:52 PM io.gapi.emulators.netty.NotFoundHandler handleRequest
INFO: Unknown request URI: /message?device=sdk_gphone64_x86_64%20-%2016%20-%20API%2036&app=com.anonymous.ecofit&clientid=DevLauncherBridgelessDevSupportManager
Nov 04, 2025 11:41:54 PM io.gapi.emulators.netty.NotFoundHandler handleRequest
INFO: Unknown request URI: /message?device=sdk_gphone64_x86_64%20-%2016%20-%20API%2036&app=com.anonymous.ecofit&clientid=DevLauncherBridgelessDevSupportManager
Nov 04, 2025 11:41:56 PM io.gapi.emulators.netty.NotFoundHandler handleRequest
INFO: Unknown request URI: /message?device=sdk_gphone64_x86_64%20-%2016%20-%20API%2036&app=com.anonymous.ecofit&clientid=DevLauncherBridgelessDevSupportManager
Nov 04, 2025 11:41:58 PM io.gapi.emulators.netty.NotFoundHandler handleRequest
INFO: Unknown request URI: /message?device=sdk_gphone64_x86_64%20-%2016%20-%20API%2036&app=com.anonymous.ecofit&clientid=DevLauncherBridgelessDevSupportManager
Nov 04, 2025 11:42:00 PM io.gapi.emulators.netty.NotFoundHandler handleRequest
INFO: Unknown request URI: /message?device=sdk_gphone64_x86_64%20-%2016%20-%20API%2036&app=com.anonymous.ecofit&clientid=DevLauncherBridgelessDevSupportManager
Nov 04, 2025 11:42:02 PM io.gapi.emulators.netty.NotFoundHandler handleRequest
INFO: Unknown request URI: /message?device=sdk_gphone64_x86_64%20-%2016%20-%20API%2036&app=com.anonymous.ecofit&clientid=DevLauncherBridgelessDevSupportManager
Nov 04, 2025 11:42:04 PM io.gapi.emulators.netty.NotFoundHandler handleRequest
INFO: Unknown request URI: /message?device=sdk_gphone64_x86_64%20-%2016%20-%20API%2036&app=com.anonymous.ecofit&clientid=DevLauncherBridgelessDevSupportManager
Nov 04, 2025 11:42:06 PM io.gapi.emulators.netty.NotFoundHandler handleRequest
INFO: Unknown request URI: /message?device=sdk_gphone64_x86_64%20-%2016%20-%20API%2036&app=com.anonymous.ecofit&clientid=DevLauncherBridgelessDevSupportManager
Nov 04, 2025 11:42:08 PM io.gapi.emulators.netty.NotFoundHandler handleRequest
INFO: Unknown request URI: /message?device=sdk_gphone64_x86_64%20-%2016%20-%20API%2036&app=com.anonymous.ecofit&clientid=DevLauncherBridgelessDevSupportManager
Nov 04, 2025 11:42:11 PM io.gapi.emulators.netty.NotFoundHandler handleRequest
INFO: Unknown request URI: /message?device=sdk_gphone64_x86_64%20-%2016%20-%20API%2036&app=com.anonymous.ecofit&clientid=DevLauncherBridgelessDevSupportManager
Nov 04, 2025 11:42:13 PM io.gapi.emulators.netty.NotFoundHandler handleRequest
INFO: Unknown request URI: /message?device=sdk_gphone64_x86_64%20-%2016%20-%20API%2036&app=com.anonymous.ecofit&clientid=DevLauncherBridgelessDevSupportManager
Nov 04, 2025 11:42:15 PM io.gapi.emulators.netty.NotFoundHandler handleRequest
INFO: Unknown request URI: /message?device=sdk_gphone64_x86_64%20-%2016%20-%20API%2036&app=com.anonymous.ecofit&clientid=DevLauncherBridgelessDevSupportManager
Nov 04, 2025 11:42:17 PM io.gapi.emulators.netty.NotFoundHandler handleRequest
INFO: Unknown request URI: /message?device=sdk_gphone64_x86_64%20-%2016%20-%20API%2036&app=com.anonymous.ecofit&clientid=DevLauncherBridgelessDevSupportManager
Nov 04, 2025 11:42:19 PM io.gapi.emulators.netty.NotFoundHandler handleRequest
INFO: Unknown request URI: /message?device=sdk_gphone64_x86_64%20-%2016%20-%20API%2036&app=com.anonymous.ecofit&clientid=DevLauncherBridgelessDevSupportManager
Nov 04, 2025 11:42:21 PM io.gapi.emulators.netty.NotFoundHandler handleRequest
INFO: Unknown request URI: /message?device=sdk_gphone64_x86_64%20-%2016%20-%20API%2036&app=com.anonymous.ecofit&clientid=DevLauncherBridgelessDevSupportManager
Nov 04, 2025 11:42:23 PM io.gapi.emulators.netty.NotFoundHandler handleRequest
INFO: Unknown request URI: /message?device=sdk_gphone64_x86_64%20-%2016%20-%20API%2036&app=com.anonymous.ecofit&clientid=DevLauncherBridgelessDevSupportManager
Nov 04, 2025 11:42:25 PM io.gapi.emulators.netty.NotFoundHandler handleRequest
INFO: Unknown request URI: /message?device=sdk_gphone64_x86_64%20-%2016%20-%20API%2036&app=com.anonymous.ecofit&clientid=DevLauncherBridgelessDevSupportManager
Nov 04, 2025 11:42:27 PM io.gapi.emulators.netty.NotFoundHandler handleRequest
INFO: Unknown request URI: /message?device=sdk_gphone64_x86_64%20-%2016%20-%20API%2036&app=com.anonymous.ecofit&clientid=DevLauncherBridgelessDevSupportManager
Nov 04, 2025 11:42:29 PM io.gapi.emulators.netty.NotFoundHandler handleRequest
INFO: Unknown request URI: /message?device=sdk_gphone64_x86_64%20-%2016%20-%20API%2036&app=com.anonymous.ecofit&clientid=DevLauncherBridgelessDevSupportManager
Nov 04, 2025 11:42:31 PM io.gapi.emulators.netty.NotFoundHandler handleRequest
INFO: Unknown request URI: /message?device=sdk_gphone64_x86_64%20-%2016%20-%20API%2036&app=com.anonymous.ecofit&clientid=DevLauncherBridgelessDevSupportManager
Nov 04, 2025 11:42:33 PM io.gapi.emulators.netty.NotFoundHandler handleRequest
INFO: Unknown request URI: /message?device=sdk_gphone64_x86_64%20-%2016%20-%20API%2036&app=com.anonymous.ecofit&clientid=DevLauncherBridgelessDevSupportManager
Nov 04, 2025 11:42:35 PM io.gapi.emulators.netty.NotFoundHandler handleRequest
INFO: Unknown request URI: /message?device=sdk_gphone64_x86_64%20-%2016%20-%20API%2036&app=com.anonymous.ecofit&clientid=DevLauncherBridgelessDevSupportManager
Nov 04, 2025 11:42:37 PM io.gapi.emulators.netty.NotFoundHandler handleRequest
INFO: Unknown request URI: /message?device=sdk_gphone64_x86_64%20-%2016%20-%20API%2036&app=com.anonymous.ecofit&clientid=DevLauncherBridgelessDevSupportManager
Nov 04, 2025 11:42:39 PM io.gapi.emulators.netty.NotFoundHandler handleRequest
INFO: Unknown request URI: /message?device=sdk_gphone64_x86_64%20-%2016%20-%20API%2036&app=com.anonymous.ecofit&clientid=DevLauncherBridgelessDevSupportManager
Nov 04, 2025 11:42:41 PM io.gapi.emulators.netty.NotFoundHandler handleRequest
INFO: Unknown request URI: /message?device=sdk_gphone64_x86_64%20-%2016%20-%20API%2036&app=com.anonymous.ecofit&clientid=DevLauncherBridgelessDevSupportManager
Nov 04, 2025 11:42:43 PM io.gapi.emulators.netty.NotFoundHandler handleRequest
INFO: Unknown request URI: /message?device=sdk_gphone64_x86_64%20-%2016%20-%20API%2036&app=com.anonymous.ecofit&clientid=DevLauncherBridgelessDevSupportManager
Nov 04, 2025 11:42:45 PM io.gapi.emulators.netty.NotFoundHandler handleRequest
INFO: Unknown request URI: /message?device=sdk_gphone64_x86_64%20-%2016%20-%20API%2036&app=com.anonymous.ecofit&clientid=DevLauncherBridgelessDevSupportManager
Nov 04, 2025 11:42:47 PM io.gapi.emulators.netty.NotFoundHandler handleRequest
INFO: Unknown request URI: /message?device=sdk_gphone64_x86_64%20-%2016%20-%20API%2036&app=com.anonymous.ecofit&clientid=DevLauncherBridgelessDevSupportManager
Nov 04, 2025 11:42:49 PM io.gapi.emulators.netty.NotFoundHandler handleRequest
INFO: Unknown request URI: /message?device=sdk_gphone64_x86_64%20-%2016%20-%20API%2036&app=com.anonymous.ecofit&clientid=DevLauncherBridgelessDevSupportManager
Nov 04, 2025 11:42:51 PM io.gapi.emulators.netty.NotFoundHandler handleRequest
INFO: Unknown request URI: /message?device=sdk_gphone64_x86_64%20-%2016%20-%20API%2036&app=com.anonymous.ecofit&clientid=DevLauncherBridgelessDevSupportManager
Nov 04, 2025 11:42:53 PM io.gapi.emulators.netty.NotFoundHandler handleRequest
INFO: Unknown request URI: /message?device=sdk_gphone64_x86_64%20-%2016%20-%20API%2036&app=com.anonymous.ecofit&clientid=DevLauncherBridgelessDevSupportManager
Nov 04, 2025 11:42:55 PM io.gapi.emulators.netty.NotFoundHandler handleRequest
INFO: Unknown request URI: /message?device=sdk_gphone64_x86_64%20-%2016%20-%20API%2036&app=com.anonymous.ecofit&clientid=DevLauncherBridgelessDevSupportManager
Nov 04, 2025 11:42:57 PM io.gapi.emulators.netty.NotFoundHandler handleRequest
INFO: Unknown request URI: /message?device=sdk_gphone64_x86_64%20-%2016%20-%20API%2036&app=com.anonymous.ecofit&clientid=DevLauncherBridgelessDevSupportManager
Nov 04, 2025 11:42:59 PM io.gapi.emulators.netty.NotFoundHandler handleRequest
INFO: Unknown request URI: /message?device=sdk_gphone64_x86_64%20-%2016%20-%20API%2036&app=com.anonymous.ecofit&clientid=DevLauncherBridgelessDevSupportManager
Nov 04, 2025 11:43:01 PM io.gapi.emulators.netty.NotFoundHandler handleRequest
INFO: Unknown request URI: /message?device=sdk_gphone64_x86_64%20-%2016%20-%20API%2036&app=com.anonymous.ecofit&clientid=DevLauncherBridgelessDevSupportManager
Nov 04, 2025 11:43:03 PM io.gapi.emulators.netty.NotFoundHandler handleRequest
INFO: Unknown request URI: /message?device=sdk_gphone64_x86_64%20-%2016%20-%20API%2036&app=com.anonymous.ecofit&clientid=DevLauncherBridgelessDevSupportManager
Nov 04, 2025 11:43:05 PM io.gapi.emulators.netty.NotFoundHandler handleRequest
INFO: Unknown request URI: /message?device=sdk_gphone64_x86_64%20-%2016%20-%20API%2036&app=com.anonymous.ecofit&clientid=DevLauncherBridgelessDevSupportManager
Nov 04, 2025 11:43:07 PM io.gapi.emulators.netty.NotFoundHandler handleRequest
INFO: Unknown request URI: /message?device=sdk_gphone64_x86_64%20-%2016%20-%20API%2036&app=com.anonymous.ecofit&clientid=DevLauncherBridgelessDevSupportManager
Nov 04, 2025 11:43:09 PM io.gapi.emulators.netty.NotFoundHandler handleRequest
INFO: Unknown request URI: /message?device=sdk_gphone64_x86_64%20-%2016%20-%20API%2036&app=com.anonymous.ecofit&clientid=DevLauncherBridgelessDevSupportManager
Nov 04, 2025 11:43:11 PM io.gapi.emulators.netty.NotFoundHandler handleRequest
INFO: Unknown request URI: /message?device=sdk_gphone64_x86_64%20-%2016%20-%20API%2036&app=com.anonymous.ecofit&clientid=DevLauncherBridgelessDevSupportManager
Nov 04, 2025 11:43:13 PM io.gapi.emulators.netty.NotFoundHandler handleRequest
INFO: Unknown request URI: /message?device=sdk_gphone64_x86_64%20-%2016%20-%20API%2036&app=com.anonymous.ecofit&clientid=DevLauncherBridgelessDevSupportManager
Nov 04, 2025 11:43:15 PM io.gapi.emulators.netty.NotFoundHandler handleRequest
INFO: Unknown request URI: /message?device=sdk_gphone64_x86_64%20-%2016%20-%20API%2036&app=com.anonymous.ecofit&clientid=DevLauncherBridgelessDevSupportManager
Nov 04, 2025 11:43:17 PM io.gapi.emulators.netty.NotFoundHandler handleRequest
INFO: Unknown request URI: /message?device=sdk_gphone64_x86_64%20-%2016%20-%20API%2036&app=com.anonymous.ecofit&clientid=DevLauncherBridgelessDevSupportManager
Nov 04, 2025 11:43:19 PM io.gapi.emulators.netty.NotFoundHandler handleRequest
INFO: Unknown request URI: /message?device=sdk_gphone64_x86_64%20-%2016%20-%20API%2036&app=com.anonymous.ecofit&clientid=DevLauncherBridgelessDevSupportManager
Nov 04, 2025 11:43:21 PM io.gapi.emulators.netty.NotFoundHandler handleRequest
INFO: Unknown request URI: /message?device=sdk_gphone64_x86_64%20-%2016%20-%20API%2036&app=com.anonymous.ecofit&clientid=DevLauncherBridgelessDevSupportManager
Nov 04, 2025 11:43:23 PM io.gapi.emulators.netty.NotFoundHandler handleRequest
INFO: Unknown request URI: /message?device=sdk_gphone64_x86_64%20-%2016%20-%20API%2036&app=com.anonymous.ecofit&clientid=DevLauncherBridgelessDevSupportManager
Nov 04, 2025 11:43:25 PM io.gapi.emulators.netty.NotFoundHandler handleRequest
INFO: Unknown request URI: /message?device=sdk_gphone64_x86_64%20-%2016%20-%20API%2036&app=com.anonymous.ecofit&clientid=DevLauncherBridgelessDevSupportManager
Nov 04, 2025 11:43:27 PM io.gapi.emulators.netty.NotFoundHandler handleRequest
INFO: Unknown request URI: /message?device=sdk_gphone64_x86_64%20-%2016%20-%20API%2036&app=com.anonymous.ecofit&clientid=DevLauncherBridgelessDevSupportManager
Nov 04, 2025 11:43:29 PM io.gapi.emulators.netty.NotFoundHandler handleRequest
INFO: Unknown request URI: /message?device=sdk_gphone64_x86_64%20-%2016%20-%20API%2036&app=com.anonymous.ecofit&clientid=DevLauncherBridgelessDevSupportManager
Nov 04, 2025 11:43:31 PM io.gapi.emulators.netty.NotFoundHandler handleRequest
INFO: Unknown request URI: /message?device=sdk_gphone64_x86_64%20-%2016%20-%20API%2036&app=com.anonymous.ecofit&clientid=DevLauncherBridgelessDevSupportManager
Nov 04, 2025 11:43:33 PM io.gapi.emulators.netty.NotFoundHandler handleRequest
INFO: Unknown request URI: /message?device=sdk_gphone64_x86_64%20-%2016%20-%20API%2036&app=com.anonymous.ecofit&clientid=DevLauncherBridgelessDevSupportManager
Nov 04, 2025 11:43:35 PM io.gapi.emulators.netty.NotFoundHandler handleRequest
INFO: Unknown request URI: /message?device=sdk_gphone64_x86_64%20-%2016%20-%20API%2036&app=com.anonymous.ecofit&clientid=DevLauncherBridgelessDevSupportManager
Nov 04, 2025 11:43:37 PM io.gapi.emulators.netty.NotFoundHandler handleRequest
INFO: Unknown request URI: /message?device=sdk_gphone64_x86_64%20-%2016%20-%20API%2036&app=com.anonymous.ecofit&clientid=DevLauncherBridgelessDevSupportManager
Nov 04, 2025 11:43:39 PM io.gapi.emulators.netty.NotFoundHandler handleRequest
INFO: Unknown request URI: /message?device=sdk_gphone64_x86_64%20-%2016%20-%20API%2036&app=com.anonymous.ecofit&clientid=DevLauncherBridgelessDevSupportManager
Nov 04, 2025 11:43:41 PM io.gapi.emulators.netty.NotFoundHandler handleRequest
INFO: Unknown request URI: /message?device=sdk_gphone64_x86_64%20-%2016%20-%20API%2036&app=com.anonymous.ecofit&clientid=DevLauncherBridgelessDevSupportManager
Nov 04, 2025 11:43:43 PM io.gapi.emulators.netty.NotFoundHandler handleRequest
INFO: Unknown request URI: /message?device=sdk_gphone64_x86_64%20-%2016%20-%20API%2036&app=com.anonymous.ecofit&clientid=DevLauncherBridgelessDevSupportManager
Nov 04, 2025 11:43:45 PM io.gapi.emulators.netty.NotFoundHandler handleRequest
INFO: Unknown request URI: /message?device=sdk_gphone64_x86_64%20-%2016%20-%20API%2036&app=com.anonymous.ecofit&clientid=DevLauncherBridgelessDevSupportManager
Nov 04, 2025 11:43:47 PM io.gapi.emulators.netty.NotFoundHandler handleRequest
INFO: Unknown request URI: /message?device=sdk_gphone64_x86_64%20-%2016%20-%20API%2036&app=com.anonymous.ecofit&clientid=DevLauncherBridgelessDevSupportManager
Nov 04, 2025 11:43:49 PM io.gapi.emulators.netty.NotFoundHandler handleRequest
INFO: Unknown request URI: /message?device=sdk_gphone64_x86_64%20-%2016%20-%20API%2036&app=com.anonymous.ecofit&clientid=DevLauncherBridgelessDevSupportManager
Nov 04, 2025 11:43:51 PM io.gapi.emulators.netty.NotFoundHandler handleRequest
INFO: Unknown request URI: /message?device=sdk_gphone64_x86_64%20-%2016%20-%20API%2036&app=com.anonymous.ecofit&clientid=DevLauncherBridgelessDevSupportManager
Nov 04, 2025 11:43:53 PM io.gapi.emulators.netty.NotFoundHandler handleRequest
INFO: Unknown request URI: /message?device=sdk_gphone64_x86_64%20-%2016%20-%20API%2036&app=com.anonymous.ecofit&clientid=DevLauncherBridgelessDevSupportManager
Nov 04, 2025 11:43:55 PM io.gapi.emulators.netty.NotFoundHandler handleRequest
INFO: Unknown request URI: /message?device=sdk_gphone64_x86_64%20-%2016%20-%20API%2036&app=com.anonymous.ecofit&clientid=DevLauncherBridgelessDevSupportManager
Nov 04, 2025 11:43:57 PM io.gapi.emulators.netty.NotFoundHandler handleRequest
INFO: Unknown request URI: /message?device=sdk_gphone64_x86_64%20-%2016%20-%20API%2036&app=com.anonymous.ecofit&clientid=DevLauncherBridgelessDevSupportManager
Nov 04, 2025 11:43:59 PM io.gapi.emulators.netty.NotFoundHandler handleRequest
INFO: Unknown request URI: /message?device=sdk_gphone64_x86_64%20-%2016%20-%20API%2036&app=com.anonymous.ecofit&clientid=DevLauncherBridgelessDevSupportManager
Nov 04, 2025 11:44:01 PM io.gapi.emulators.netty.NotFoundHandler handleRequest
INFO: Unknown request URI: /message?device=sdk_gphone64_x86_64%20-%2016%20-%20API%2036&app=com.anonymous.ecofit&clientid=DevLauncherBridgelessDevSupportManager
Nov 04, 2025 11:44:03 PM io.gapi.emulators.netty.NotFoundHandler handleRequest
INFO: Unknown request URI: /message?device=sdk_gphone64_x86_64%20-%2016%20-%20API%2036&app=com.anonymous.ecofit&clientid=DevLauncherBridgelessDevSupportManager
Nov 04, 2025 11:44:05 PM io.gapi.emulators.netty.NotFoundHandler handleRequest
INFO: Unknown request URI: /message?device=sdk_gphone64_x86_64%20-%2016%20-%20API%2036&app=com.anonymous.ecofit&clientid=DevLauncherBridgelessDevSupportManager
Nov 04, 2025 11:44:07 PM io.gapi.emulators.netty.NotFoundHandler handleRequest
INFO: Unknown request URI: /message?device=sdk_gphone64_x86_64%20-%2016%20-%20API%2036&app=com.anonymous.ecofit&clientid=DevLauncherBridgelessDevSupportManager
Nov 04, 2025 11:44:09 PM io.gapi.emulators.netty.NotFoundHandler handleRequest
INFO: Unknown request URI: /message?device=sdk_gphone64_x86_64%20-%2016%20-%20API%2036&app=com.anonymous.ecofit&clientid=DevLauncherBridgelessDevSupportManager
Nov 04, 2025 11:44:11 PM io.gapi.emulators.netty.NotFoundHandler handleRequest
INFO: Unknown request URI: /message?device=sdk_gphone64_x86_64%20-%2016%20-%20API%2036&app=com.anonymous.ecofit&clientid=DevLauncherBridgelessDevSupportManager
Nov 04, 2025 11:44:13 PM io.gapi.emulators.netty.NotFoundHandler handleRequest
INFO: Unknown request URI: /message?device=sdk_gphone64_x86_64%20-%2016%20-%20API%2036&app=com.anonymous.ecofit&clientid=DevLauncherBridgelessDevSupportManager
Nov 04, 2025 11:44:15 PM io.gapi.emulators.netty.NotFoundHandler handleRequest
INFO: Unknown request URI: /message?device=sdk_gphone64_x86_64%20-%2016%20-%20API%2036&app=com.anonymous.ecofit&clientid=DevLauncherBridgelessDevSupportManager
Nov 04, 2025 11:44:17 PM io.gapi.emulators.netty.NotFoundHandler handleRequest
INFO: Unknown request URI: /message?device=sdk_gphone64_x86_64%20-%2016%20-%20API%2036&app=com.anonymous.ecofit&clientid=DevLauncherBridgelessDevSupportManager
Nov 04, 2025 11:44:19 PM io.gapi.emulators.netty.NotFoundHandler handleRequest
INFO: Unknown request URI: /message?device=sdk_gphone64_x86_64%20-%2016%20-%20API%2036&app=com.anonymous.ecofit&clientid=DevLauncherBridgelessDevSupportManager
Nov 04, 2025 11:44:21 PM io.gapi.emulators.netty.NotFoundHandler handleRequest
INFO: Unknown request URI: /message?device=sdk_gphone64_x86_64%20-%2016%20-%20API%2036&app=com.anonymous.ecofit&clientid=DevLauncherBridgelessDevSupportManager
Nov 04, 2025 11:44:23 PM io.gapi.emulators.netty.NotFoundHandler handleRequest
INFO: Unknown request URI: /message?device=sdk_gphone64_x86_64%20-%2016%20-%20API%2036&app=com.anonymous.ecofit&clientid=DevLauncherBridgelessDevSupportManager
Nov 04, 2025 11:44:25 PM io.gapi.emulators.netty.NotFoundHandler handleRequest
INFO: Unknown request URI: /message?device=sdk_gphone64_x86_64%20-%2016%20-%20API%2036&app=com.anonymous.ecofit&clientid=DevLauncherBridgelessDevSupportManager
Nov 04, 2025 11:44:27 PM io.gapi.emulators.netty.NotFoundHandler handleRequest
INFO: Unknown request URI: /message?device=sdk_gphone64_x86_64%20-%2016%20-%20API%2036&app=com.anonymous.ecofit&clientid=DevLauncherBridgelessDevSupportManager
Nov 04, 2025 11:44:29 PM io.gapi.emulators.netty.NotFoundHandler handleRequest
INFO: Unknown request URI: /message?device=sdk_gphone64_x86_64%20-%2016%20-%20API%2036&app=com.anonymous.ecofit&clientid=DevLauncherBridgelessDevSupportManager
Nov 04, 2025 11:44:31 PM io.gapi.emulators.netty.NotFoundHandler handleRequest
INFO: Unknown request URI: /message?device=sdk_gphone64_x86_64%20-%2016%20-%20API%2036&app=com.anonymous.ecofit&clientid=DevLauncherBridgelessDevSupportManager
Nov 04, 2025 11:44:33 PM io.gapi.emulators.netty.NotFoundHandler handleRequest
INFO: Unknown request URI: /message?device=sdk_gphone64_x86_64%20-%2016%20-%20API%2036&app=com.anonymous.ecofit&clientid=DevLauncherBridgelessDevSupportManager
Nov 04, 2025 11:44:35 PM io.gapi.emulators.netty.NotFoundHandler handleRequest
INFO: Unknown request URI: /message?device=sdk_gphone64_x86_64%20-%2016%20-%20API%2036&app=com.anonymous.ecofit&clientid=DevLauncherBridgelessDevSupportManager
Nov 04, 2025 11:44:37 PM io.gapi.emulators.netty.NotFoundHandler handleRequest
INFO: Unknown request URI: /message?device=sdk_gphone64_x86_64%20-%2016%20-%20API%2036&app=com.anonymous.ecofit&clientid=DevLauncherBridgelessDevSupportManager
Nov 04, 2025 11:44:39 PM io.gapi.emulators.netty.NotFoundHandler handleRequest
INFO: Unknown request URI: /message?device=sdk_gphone64_x86_64%20-%2016%20-%20API%2036&app=com.anonymous.ecofit&clientid=DevLauncherBridgelessDevSupportManager
Nov 04, 2025 11:44:41 PM io.gapi.emulators.netty.NotFoundHandler handleRequest
INFO: Unknown request URI: /message?device=sdk_gphone64_x86_64%20-%2016%20-%20API%2036&app=com.anonymous.ecofit&clientid=DevLauncherBridgelessDevSupportManager
Nov 04, 2025 11:44:43 PM io.gapi.emulators.netty.NotFoundHandler handleRequest
INFO: Unknown request URI: /message?device=sdk_gphone64_x86_64%20-%2016%20-%20API%2036&app=com.anonymous.ecofit&clientid=DevLauncherBridgelessDevSupportManager
Nov 04, 2025 11:44:45 PM io.gapi.emulators.netty.NotFoundHandler handleRequest
INFO: Unknown request URI: /message?device=sdk_gphone64_x86_64%20-%2016%20-%20API%2036&app=com.anonymous.ecofit&clientid=DevLauncherBridgelessDevSupportManager
Nov 04, 2025 11:44:47 PM io.gapi.emulators.netty.NotFoundHandler handleRequest
INFO: Unknown request URI: /message?device=sdk_gphone64_x86_64%20-%2016%20-%20API%2036&app=com.anonymous.ecofit&clientid=DevLauncherBridgelessDevSupportManager
Nov 04, 2025 11:44:49 PM io.gapi.emulators.netty.NotFoundHandler handleRequest
INFO: Unknown request URI: /message?device=sdk_gphone64_x86_64%20-%2016%20-%20API%2036&app=com.anonymous.ecofit&clientid=DevLauncherBridgelessDevSupportManager
Nov 04, 2025 11:44:51 PM io.gapi.emulators.netty.NotFoundHandler handleRequest
INFO: Unknown request URI: /message?device=sdk_gphone64_x86_64%20-%2016%20-%20API%2036&app=com.anonymous.ecofit&clientid=DevLauncherBridgelessDevSupportManager
Nov 04, 2025 11:44:53 PM io.gapi.emulators.netty.NotFoundHandler handleRequest
INFO: Unknown request URI: /message?device=sdk_gphone64_x86_64%20-%2016%20-%20API%2036&app=com.anonymous.ecofit&clientid=DevLauncherBridgelessDevSupportManager
Nov 04, 2025 11:44:55 PM io.gapi.emulators.netty.NotFoundHandler handleRequest
INFO: Unknown request URI: /message?device=sdk_gphone64_x86_64%20-%2016%20-%20API%2036&app=com.anonymous.ecofit&clientid=DevLauncherBridgelessDevSupportManager
Nov 04, 2025 11:44:57 PM io.gapi.emulators.netty.NotFoundHandler handleRequest
INFO: Unknown request URI: /message?device=sdk_gphone64_x86_64%20-%2016%20-%20API%2036&app=com.anonymous.ecofit&clientid=DevLauncherBridgelessDevSupportManager
Nov 04, 2025 11:44:59 PM io.gapi.emulators.netty.NotFoundHandler handleRequest
INFO: Unknown request URI: /message?device=sdk_gphone64_x86_64%20-%2016%20-%20API%2036&app=com.anonymous.ecofit&clientid=DevLauncherBridgelessDevSupportManager
Nov 04, 2025 11:45:01 PM io.gapi.emulators.netty.NotFoundHandler handleRequest
INFO: Unknown request URI: /message?device=sdk_gphone64_x86_64%20-%2016%20-%20API%2036&app=com.anonymous.ecofit&clientid=DevLauncherBridgelessDevSupportManager
Nov 04, 2025 11:45:03 PM io.gapi.emulators.netty.NotFoundHandler handleRequest
INFO: Unknown request URI: /message?device=sdk_gphone64_x86_64%20-%2016%20-%20API%2036&app=com.anonymous.ecofit&clientid=DevLauncherBridgelessDevSupportManager
Nov 04, 2025 11:45:05 PM io.gapi.emulators.netty.NotFoundHandler handleRequest
INFO: Unknown request URI: /message?device=sdk_gphone64_x86_64%20-%2016%20-%20API%2036&app=com.anonymous.ecofit&clientid=DevLauncherBridgelessDevSupportManager
Nov 04, 2025 11:45:07 PM io.gapi.emulators.netty.NotFoundHandler handleRequest
INFO: Unknown request URI: /message?device=sdk_gphone64_x86_64%20-%2016%20-%20API%2036&app=com.anonymous.ecofit&clientid=DevLauncherBridgelessDevSupportManager
Nov 04, 2025 11:45:09 PM io.gapi.emulators.netty.NotFoundHandler handleRequest
INFO: Unknown request URI: /message?device=sdk_gphone64_x86_64%20-%2016%20-%20API%2036&app=com.anonymous.ecofit&clientid=DevLauncherBridgelessDevSupportManager
Nov 04, 2025 11:45:11 PM io.gapi.emulators.netty.NotFoundHandler handleRequest
INFO: Unknown request URI: /message?device=sdk_gphone64_x86_64%20-%2016%20-%20API%2036&app=com.anonymous.ecofit&clientid=DevLauncherBridgelessDevSupportManager
Nov 04, 2025 11:45:13 PM io.gapi.emulators.netty.NotFoundHandler handleRequest
INFO: Unknown request URI: /message?device=sdk_gphone64_x86_64%20-%2016%20-%20API%2036&app=com.anonymous.ecofit&clientid=DevLauncherBridgelessDevSupportManager
Nov 04, 2025 11:45:15 PM io.gapi.emulators.netty.NotFoundHandler handleRequest
INFO: Unknown request URI: /message?device=sdk_gphone64_x86_64%20-%2016%20-%20API%2036&app=com.anonymous.ecofit&clientid=DevLauncherBridgelessDevSupportManager
Nov 04, 2025 11:45:17 PM io.gapi.emulators.netty.NotFoundHandler handleRequest
INFO: Unknown request URI: /message?device=sdk_gphone64_x86_64%20-%2016%20-%20API%2036&app=com.anonymous.ecofit&clientid=DevLauncherBridgelessDevSupportManager
Nov 04, 2025 11:45:19 PM io.gapi.emulators.netty.NotFoundHandler handleRequest
INFO: Unknown request URI: /message?device=sdk_gphone64_x86_64%20-%2016%20-%20API%2036&app=com.anonymous.ecofit&clientid=DevLauncherBridgelessDevSupportManager
Nov 04, 2025 11:45:21 PM io.gapi.emulators.netty.NotFoundHandler handleRequest
INFO: Unknown request URI: /message?device=sdk_gphone64_x86_64%20-%2016%20-%20API%2036&app=com.anonymous.ecofit&clientid=DevLauncherBridgelessDevSupportManager
Nov 04, 2025 11:45:23 PM io.gapi.emulators.netty.NotFoundHandler handleRequest
INFO: Unknown request URI: /message?device=sdk_gphone64_x86_64%20-%2016%20-%20API%2036&app=com.anonymous.ecofit&clientid=DevLauncherBridgelessDevSupportManager
Nov 04, 2025 11:45:25 PM io.gapi.emulators.netty.NotFoundHandler handleRequest
INFO: Unknown request URI: /message?device=sdk_gphone64_x86_64%20-%2016%20-%20API%2036&app=com.anonymous.ecofit&clientid=DevLauncherBridgelessDevSupportManager
Nov 04, 2025 11:45:27 PM io.gapi.emulators.netty.NotFoundHandler handleRequest
INFO: Unknown request URI: /message?device=sdk_gphone64_x86_64%20-%2016%20-%20API%2036&app=com.anonymous.ecofit&clientid=DevLauncherBridgelessDevSupportManager
Nov 04, 2025 11:45:29 PM io.gapi.emulators.netty.NotFoundHandler handleRequest
INFO: Unknown request URI: /message?device=sdk_gphone64_x86_64%20-%2016%20-%20API%2036&app=com.anonymous.ecofit&clientid=DevLauncherBridgelessDevSupportManager
Nov 04, 2025 11:45:31 PM io.gapi.emulators.netty.NotFoundHandler handleRequest
INFO: Unknown request URI: /message?device=sdk_gphone64_x86_64%20-%2016%20-%20API%2036&app=com.anonymous.ecofit&clientid=DevLauncherBridgelessDevSupportManager
Nov 04, 2025 11:45:33 PM io.gapi.emulators.netty.NotFoundHandler handleRequest
INFO: Unknown request URI: /message?device=sdk_gphone64_x86_64%20-%2016%20-%20API%2036&app=com.anonymous.ecofit&clientid=DevLauncherBridgelessDevSupportManager
Nov 04, 2025 11:45:35 PM io.gapi.emulators.netty.NotFoundHandler handleRequest
INFO: Unknown request URI: /message?device=sdk_gphone64_x86_64%20-%2016%20-%20API%2036&app=com.anonymous.ecofit&clientid=DevLauncherBridgelessDevSupportManager
Nov 04, 2025 11:45:37 PM io.gapi.emulators.netty.NotFoundHandler handleRequest
INFO: Unknown request URI: /message?device=sdk_gphone64_x86_64%20-%2016%20-%20API%2036&app=com.anonymous.ecofit&clientid=DevLauncherBridgelessDevSupportManager
Nov 04, 2025 11:45:39 PM io.gapi.emulators.netty.NotFoundHandler handleRequest
INFO: Unknown request URI: /message?device=sdk_gphone64_x86_64%20-%2016%20-%20API%2036&app=com.anonymous.ecofit&clientid=DevLauncherBridgelessDevSupportManager
Nov 04, 2025 11:45:41 PM io.gapi.emulators.netty.NotFoundHandler handleRequest
INFO: Unknown request URI: /message?device=sdk_gphone64_x86_64%20-%2016%20-%20API%2036&app=com.anonymous.ecofit&clientid=DevLauncherBridgelessDevSupportManager
Nov 04, 2025 11:45:43 PM io.gapi.emulators.netty.NotFoundHandler handleRequest
INFO: Unknown request URI: /message?device=sdk_gphone64_x86_64%20-%2016%20-%20API%2036&app=com.anonymous.ecofit&clientid=DevLauncherBridgelessDevSupportManager
Nov 04, 2025 11:45:45 PM io.gapi.emulators.netty.NotFoundHandler handleRequest
INFO: Unknown request URI: /message?device=sdk_gphone64_x86_64%20-%2016%20-%20API%2036&app=com.anonymous.ecofit&clientid=DevLauncherBridgelessDevSupportManager
Nov 04, 2025 11:45:47 PM io.gapi.emulators.netty.NotFoundHandler handleRequest
INFO: Unknown request URI: /message?device=sdk_gphone64_x86_64%20-%2016%20-%20API%2036&app=com.anonymous.ecofit&clientid=DevLauncherBridgelessDevSupportManager
Nov 04, 2025 11:45:49 PM io.gapi.emulators.netty.NotFoundHandler handleRequest
INFO: Unknown request URI: /message?device=sdk_gphone64_x86_64%20-%2016%20-%20API%2036&app=com.anonymous.ecofit&clientid=DevLauncherBridgelessDevSupportManager
Nov 04, 2025 11:45:51 PM io.gapi.emulators.netty.NotFoundHandler handleRequest
INFO: Unknown request URI: /message?device=sdk_gphone64_x86_64%20-%2016%20-%20API%2036&app=com.anonymous.ecofit&clientid=DevLauncherBridgelessDevSupportManager
Nov 04, 2025 11:45:53 PM io.gapi.emulators.netty.NotFoundHandler handleRequest
INFO: Unknown request URI: /message?device=sdk_gphone64_x86_64%20-%2016%20-%20API%2036&app=com.anonymous.ecofit&clientid=DevLauncherBridgelessDevSupportManager
Nov 04, 2025 11:45:55 PM io.gapi.emulators.netty.NotFoundHandler handleRequest
INFO: Unknown request URI: /message?device=sdk_gphone64_x86_64%20-%2016%20-%20API%2036&app=com.anonymous.ecofit&clientid=DevLauncherBridgelessDevSupportManager
Nov 04, 2025 11:45:57 PM io.gapi.emulators.netty.NotFoundHandler handleRequest
INFO: Unknown request URI: /message?device=sdk_gphone64_x86_64%20-%2016%20-%20API%2036&app=com.anonymous.ecofit&clientid=DevLauncherBridgelessDevSupportManager
Nov 04, 2025 11:45:59 PM io.gapi.emulators.netty.NotFoundHandler handleRequest
INFO: Unknown request URI: /message?device=sdk_gphone64_x86_64%20-%2016%20-%20API%2036&app=com.anonymous.ecofit&clientid=DevLauncherBridgelessDevSupportManager
Nov 04, 2025 11:46:01 PM io.gapi.emulators.netty.NotFoundHandler handleRequest
INFO: Unknown request URI: /message?device=sdk_gphone64_x86_64%20-%2016%20-%20API%2036&app=com.anonymous.ecofit&clientid=DevLauncherBridgelessDevSupportManager
Nov 04, 2025 11:46:03 PM io.gapi.emulators.netty.NotFoundHandler handleRequest
INFO: Unknown request URI: /message?device=sdk_gphone64_x86_64%20-%2016%20-%20API%2036&app=com.anonymous.ecofit&clientid=DevLauncherBridgelessDevSupportManager
Nov 04, 2025 11:46:05 PM io.gapi.emulators.netty.NotFoundHandler handleRequest
INFO: Unknown request URI: /message?device=sdk_gphone64_x86_64%20-%2016%20-%20API%2036&app=com.anonymous.ecofit&clientid=DevLauncherBridgelessDevSupportManager
Nov 04, 2025 11:46:07 PM io.gapi.emulators.netty.NotFoundHandler handleRequest
INFO: Unknown request URI: /message?device=sdk_gphone64_x86_64%20-%2016%20-%20API%2036&app=com.anonymous.ecofit&clientid=DevLauncherBridgelessDevSupportManager
Nov 04, 2025 11:46:09 PM io.gapi.emulators.netty.NotFoundHandler handleRequest
INFO: Unknown request URI: /message?device=sdk_gphone64_x86_64%20-%2016%20-%20API%2036&app=com.anonymous.ecofit&clientid=DevLauncherBridgelessDevSupportManager
Nov 04, 2025 11:46:11 PM io.gapi.emulators.netty.NotFoundHandler handleRequest
INFO: Unknown request URI: /message?device=sdk_gphone64_x86_64%20-%2016%20-%20API%2036&app=com.anonymous.ecofit&clientid=DevLauncherBridgelessDevSupportManager
Nov 04, 2025 11:46:13 PM io.gapi.emulators.netty.NotFoundHandler handleRequest
INFO: Unknown request URI: /message?device=sdk_gphone64_x86_64%20-%2016%20-%20API%2036&app=com.anonymous.ecofit&clientid=DevLauncherBridgelessDevSupportManager
Nov 04, 2025 11:46:15 PM io.gapi.emulators.netty.NotFoundHandler handleRequest
INFO: Unknown request URI: /message?device=sdk_gphone64_x86_64%20-%2016%20-%20API%2036&app=com.anonymous.ecofit&clientid=DevLauncherBridgelessDevSupportManager
Nov 04, 2025 11:46:17 PM io.gapi.emulators.netty.NotFoundHandler handleRequest
INFO: Unknown request URI: /message?device=sdk_gphone64_x86_64%20-%2016%20-%20API%2036&app=com.anonymous.ecofit&clientid=DevLauncherBridgelessDevSupportManager
Nov 04, 2025 11:46:19 PM io.gapi.emulators.netty.NotFoundHandler handleRequest
INFO: Unknown request URI: /message?device=sdk_gphone64_x86_64%20-%2016%20-%20API%2036&app=com.anonymous.ecofit&clientid=DevLauncherBridgelessDevSupportManager
Nov 04, 2025 11:46:21 PM io.gapi.emulators.netty.NotFoundHandler handleRequest
INFO: Unknown request URI: /message?device=sdk_gphone64_x86_64%20-%2016%20-%20API%2036&app=com.anonymous.ecofit&clientid=DevLauncherBridgelessDevSupportManager
Nov 04, 2025 11:46:23 PM io.gapi.emulators.netty.NotFoundHandler handleRequest
INFO: Unknown request URI: /message?device=sdk_gphone64_x86_64%20-%2016%20-%20API%2036&app=com.anonymous.ecofit&clientid=DevLauncherBridgelessDevSupportManager
Nov 04, 2025 11:46:25 PM io.gapi.emulators.netty.NotFoundHandler handleRequest
INFO: Unknown request URI: /message?device=sdk_gphone64_x86_64%20-%2016%20-%20API%2036&app=com.anonymous.ecofit&clientid=DevLauncherBridgelessDevSupportManager
Nov 04, 2025 11:46:27 PM io.gapi.emulators.netty.NotFoundHandler handleRequest
INFO: Unknown request URI: /message?device=sdk_gphone64_x86_64%20-%2016%20-%20API%2036&app=com.anonymous.ecofit&clientid=DevLauncherBridgelessDevSupportManager
Nov 04, 2025 11:46:29 PM io.gapi.emulators.netty.NotFoundHandler handleRequest
INFO: Unknown request URI: /message?device=sdk_gphone64_x86_64%20-%2016%20-%20API%2036&app=com.anonymous.ecofit&clientid=DevLauncherBridgelessDevSupportManager
Nov 04, 2025 11:46:31 PM io.gapi.emulators.netty.NotFoundHandler handleRequest
INFO: Unknown request URI: /message?device=sdk_gphone64_x86_64%20-%2016%20-%20API%2036&app=com.anonymous.ecofit&clientid=DevLauncherBridgelessDevSupportManager
Nov 04, 2025 11:46:33 PM io.gapi.emulators.netty.NotFoundHandler handleRequest
INFO: Unknown request URI: /message?device=sdk_gphone64_x86_64%20-%2016%20-%20API%2036&app=com.anonymous.ecofit&clientid=DevLauncherBridgelessDevSupportManager
Nov 04, 2025 11:46:35 PM io.gapi.emulators.netty.NotFoundHandler handleRequest
INFO: Unknown request URI: /message?device=sdk_gphone64_x86_64%20-%2016%20-%20API%2036&app=com.anonymous.ecofit&clientid=DevLauncherBridgelessDevSupportManager
Nov 04, 2025 11:46:37 PM io.gapi.emulators.netty.NotFoundHandler handleRequest
INFO: Unknown request URI: /message?device=sdk_gphone64_x86_64%20-%2016%20-%20API%2036&app=com.anonymous.ecofit&clientid=DevLauncherBridgelessDevSupportManager
Nov 04, 2025 11:46:39 PM io.gapi.emulators.netty.NotFoundHandler handleRequest
INFO: Unknown request URI: /message?device=sdk_gphone64_x86_64%20-%2016%20-%20API%2036&app=com.anonymous.ecofit&clientid=DevLauncherBridgelessDevSupportManager
Nov 04, 2025 11:46:41 PM io.gapi.emulators.netty.NotFoundHandler handleRequest
INFO: Unknown request URI: /message?device=sdk_gphone64_x86_64%20-%2016%20-%20API%2036&app=com.anonymous.ecofit&clientid=DevLauncherBridgelessDevSupportManager
Nov 04, 2025 11:46:43 PM io.gapi.emulators.netty.NotFoundHandler handleRequest
INFO: Unknown request URI: /message?device=sdk_gphone64_x86_64%20-%2016%20-%20API%2036&app=com.anonymous.ecofit&clientid=DevLauncherBridgelessDevSupportManager
Nov 04, 2025 11:46:45 PM io.gapi.emulators.netty.NotFoundHandler handleRequest
INFO: Unknown request URI: /message?device=sdk_gphone64_x86_64%20-%2016%20-%20API%2036&app=com.anonymous.ecofit&clientid=DevLauncherBridgelessDevSupportManager
Nov 04, 2025 11:46:47 PM io.gapi.emulators.netty.NotFoundHandler handleRequest
INFO: Unknown request URI: /message?device=sdk_gphone64_x86_64%20-%2016%20-%20API%2036&app=com.anonymous.ecofit&clientid=DevLauncherBridgelessDevSupportManager
Nov 04, 2025 11:46:49 PM io.gapi.emulators.netty.NotFoundHandler handleRequest
INFO: Unknown request URI: /message?device=sdk_gphone64_x86_64%20-%2016%20-%20API%2036&app=com.anonymous.ecofit&clientid=DevLauncherBridgelessDevSupportManager
Nov 04, 2025 11:46:51 PM io.gapi.emulators.netty.NotFoundHandler handleRequest
INFO: Unknown request URI: /message?device=sdk_gphone64_x86_64%20-%2016%20-%20API%2036&app=com.anonymous.ecofit&clientid=DevLauncherBridgelessDevSupportManager
Nov 04, 2025 11:46:53 PM io.gapi.emulators.netty.NotFoundHandler handleRequest
INFO: Unknown request URI: /message?device=sdk_gphone64_x86_64%20-%2016%20-%20API%2036&app=com.anonymous.ecofit&clientid=DevLauncherBridgelessDevSupportManager
Nov 04, 2025 11:46:55 PM io.gapi.emulators.netty.NotFoundHandler handleRequest
INFO: Unknown request URI: /message?device=sdk_gphone64_x86_64%20-%2016%20-%20API%2036&app=com.anonymous.ecofit&clientid=DevLauncherBridgelessDevSupportManager
Nov 04, 2025 11:46:57 PM io.gapi.emulators.netty.NotFoundHandler handleRequest
INFO: Unknown request URI: /message?device=sdk_gphone64_x86_64%20-%2016%20-%20API%2036&app=com.anonymous.ecofit&clientid=DevLauncherBridgelessDevSupportManager
Nov 04, 2025 11:46:59 PM io.gapi.emulators.netty.NotFoundHandler handleRequest
INFO: Unknown request URI: /message?device=sdk_gphone64_x86_64%20-%2016%20-%20API%2036&app=com.anonymous.ecofit&clientid=DevLauncherBridgelessDevSupportManager
Nov 04, 2025 11:47:01 PM io.gapi.emulators.netty.NotFoundHandler handleRequest
INFO: Unknown request URI: /message?device=sdk_gphone64_x86_64%20-%2016%20-%20API%2036&app=com.anonymous.ecofit&clientid=DevLauncherBridgelessDevSupportManager
Nov 04, 2025 11:47:03 PM io.gapi.emulators.netty.NotFoundHandler handleRequest
INFO: Unknown request URI: /message?device=sdk_gphone64_x86_64%20-%2016%20-%20API%2036&app=com.anonymous.ecofit&clientid=DevLauncherBridgelessDevSupportManager
Nov 04, 2025 11:47:05 PM io.gapi.emulators.netty.NotFoundHandler handleRequest
INFO: Unknown request URI: /message?device=sdk_gphone64_x86_64%20-%2016%20-%20API%2036&app=com.anonymous.ecofit&clientid=DevLauncherBridgelessDevSupportManager
Nov 04, 2025 11:47:07 PM io.gapi.emulators.netty.NotFoundHandler handleRequest
INFO: Unknown request URI: /message?device=sdk_gphone64_x86_64%20-%2016%20-%20API%2036&app=com.anonymous.ecofit&clientid=DevLauncherBridgelessDevSupportManager
Nov 04, 2025 11:47:09 PM io.gapi.emulators.netty.NotFoundHandler handleRequest
INFO: Unknown request URI: /message?device=sdk_gphone64_x86_64%20-%2016%20-%20API%2036&app=com.anonymous.ecofit&clientid=DevLauncherBridgelessDevSupportManager
Nov 04, 2025 11:47:11 PM io.gapi.emulators.netty.NotFoundHandler handleRequest
INFO: Unknown request URI: /message?device=sdk_gphone64_x86_64%20-%2016%20-%20API%2036&app=com.anonymous.ecofit&clientid=DevLauncherBridgelessDevSupportManager
Nov 04, 2025 11:47:13 PM io.gapi.emulators.netty.NotFoundHandler handleRequest
INFO: Unknown request URI: /message?device=sdk_gphone64_x86_64%20-%2016%20-%20API%2036&app=com.anonymous.ecofit&clientid=DevLauncherBridgelessDevSupportManager
Nov 04, 2025 11:47:15 PM io.gapi.emulators.netty.NotFoundHandler handleRequest
INFO: Unknown request URI: /message?device=sdk_gphone64_x86_64%20-%2016%20-%20API%2036&app=com.anonymous.ecofit&clientid=DevLauncherBridgelessDevSupportManager
Nov 04, 2025 11:47:17 PM io.gapi.emulators.netty.NotFoundHandler handleRequest
INFO: Unknown request URI: /message?device=sdk_gphone64_x86_64%20-%2016%20-%20API%2036&app=com.anonymous.ecofit&clientid=DevLauncherBridgelessDevSupportManager
Nov 04, 2025 11:47:19 PM io.gapi.emulators.netty.NotFoundHandler handleRequest
INFO: Unknown request URI: /message?device=sdk_gphone64_x86_64%20-%2016%20-%20API%2036&app=com.anonymous.ecofit&clientid=DevLauncherBridgelessDevSupportManager
Nov 04, 2025 11:47:21 PM io.gapi.emulators.netty.NotFoundHandler handleRequest
INFO: Unknown request URI: /message?device=sdk_gphone64_x86_64%20-%2016%20-%20API%2036&app=com.anonymous.ecofit&clientid=DevLauncherBridgelessDevSupportManager
Nov 04, 2025 11:47:23 PM io.gapi.emulators.netty.NotFoundHandler handleRequest
INFO: Unknown request URI: /message?device=sdk_gphone64_x86_64%20-%2016%20-%20API%2036&app=com.anonymous.ecofit&clientid=DevLauncherBridgelessDevSupportManager
Nov 04, 2025 11:47:25 PM io.gapi.emulators.netty.NotFoundHandler handleRequest
INFO: Unknown request URI: /message?device=sdk_gphone64_x86_64%20-%2016%20-%20API%2036&app=com.anonymous.ecofit&clientid=DevLauncherBridgelessDevSupportManager
Nov 04, 2025 11:47:27 PM io.gapi.emulators.netty.NotFoundHandler handleRequest
INFO: Unknown request URI: /message?device=sdk_gphone64_x86_64%20-%2016%20-%20API%2036&app=com.anonymous.ecofit&clientid=DevLauncherBridgelessDevSupportManager
Nov 04, 2025 11:47:29 PM io.gapi.emulators.netty.NotFoundHandler handleRequest
INFO: Unknown request URI: /message?device=sdk_gphone64_x86_64%20-%2016%20-%20API%2036&app=com.anonymous.ecofit&clientid=DevLauncherBridgelessDevSupportManager
Nov 04, 2025 11:47:31 PM io.gapi.emulators.netty.NotFoundHandler handleRequest
INFO: Unknown request URI: /message?device=sdk_gphone64_x86_64%20-%2016%20-%20API%2036&app=com.anonymous.ecofit&clientid=DevLauncherBridgelessDevSupportManager
Nov 04, 2025 11:47:33 PM io.gapi.emulators.netty.NotFoundHandler handleRequest
INFO: Unknown request URI: /message?device=sdk_gphone64_x86_64%20-%2016%20-%20API%2036&app=com.anonymous.ecofit&clientid=DevLauncherBridgelessDevSupportManager
Nov 04, 2025 11:47:35 PM io.gapi.emulators.netty.NotFoundHandler handleRequest
INFO: Unknown request URI: /message?device=sdk_gphone64_x86_64%20-%2016%20-%20API%2036&app=com.anonymous.ecofit&clientid=DevLauncherBridgelessDevSupportManager
Nov 04, 2025 11:47:37 PM io.gapi.emulators.netty.NotFoundHandler handleRequest
INFO: Unknown request URI: /message?device=sdk_gphone64_x86_64%20-%2016%20-%20API%2036&app=com.anonymous.ecofit&clientid=DevLauncherBridgelessDevSupportManager
Nov 04, 2025 11:47:39 PM io.gapi.emulators.netty.NotFoundHandler handleRequest
INFO: Unknown request URI: /message?device=sdk_gphone64_x86_64%20-%2016%20-%20API%2036&app=com.anonymous.ecofit&clientid=DevLauncherBridgelessDevSupportManager
Nov 04, 2025 11:47:41 PM io.gapi.emulators.netty.NotFoundHandler handleRequest
INFO: Unknown request URI: /message?device=sdk_gphone64_x86_64%20-%2016%20-%20API%2036&app=com.anonymous.ecofit&clientid=DevLauncherBridgelessDevSupportManager
Nov 04, 2025 11:47:43 PM io.gapi.emulators.netty.NotFoundHandler handleRequest
INFO: Unknown request URI: /message?device=sdk_gphone64_x86_64%20-%2016%20-%20API%2036&app=com.anonymous.ecofit&clientid=DevLauncherBridgelessDevSupportManager
Nov 04, 2025 11:47:45 PM io.gapi.emulators.netty.NotFoundHandler handleRequest
INFO: Unknown request URI: /message?device=sdk_gphone64_x86_64%20-%2016%20-%20API%2036&app=com.anonymous.ecofit&clientid=DevLauncherBridgelessDevSupportManager
Nov 04, 2025 11:47:47 PM io.gapi.emulators.netty.NotFoundHandler handleRequest
INFO: Unknown request URI: /message?device=sdk_gphone64_x86_64%20-%2016%20-%20API%2036&app=com.anonymous.ecofit&clientid=DevLauncherBridgelessDevSupportManager
Nov 04, 2025 11:47:49 PM io.gapi.emulators.netty.NotFoundHandler handleRequest
INFO: Unknown request URI: /message?device=sdk_gphone64_x86_64%20-%2016%20-%20API%2036&app=com.anonymous.ecofit&clientid=DevLauncherBridgelessDevSupportManager
Nov 04, 2025 11:47:51 PM io.gapi.emulators.netty.NotFoundHandler handleRequest
INFO: Unknown request URI: /message?device=sdk_gphone64_x86_64%20-%2016%20-%20API%2036&app=com.anonymous.ecofit&clientid=DevLauncherBridgelessDevSupportManager
Nov 04, 2025 11:47:53 PM io.gapi.emulators.netty.NotFoundHandler handleRequest
INFO: Unknown request URI: /message?device=sdk_gphone64_x86_64%20-%2016%20-%20API%2036&app=com.anonymous.ecofit&clientid=DevLauncherBridgelessDevSupportManager
Nov 04, 2025 11:47:55 PM io.gapi.emulators.netty.NotFoundHandler handleRequest
INFO: Unknown request URI: /message?device=sdk_gphone64_x86_64%20-%2016%20-%20API%2036&app=com.anonymous.ecofit&clientid=DevLauncherBridgelessDevSupportManager
Nov 04, 2025 11:47:57 PM io.gapi.emulators.netty.NotFoundHandler handleRequest
INFO: Unknown request URI: /message?device=sdk_gphone64_x86_64%20-%2016%20-%20API%2036&app=com.anonymous.ecofit&clientid=DevLauncherBridgelessDevSupportManager
Nov 04, 2025 11:47:59 PM io.gapi.emulators.netty.NotFoundHandler handleRequest
INFO: Unknown request URI: /message?device=sdk_gphone64_x86_64%20-%2016%20-%20API%2036&app=com.anonymous.ecofit&clientid=DevLauncherBridgelessDevSupportManager
Nov 04, 2025 11:48:01 PM io.gapi.emulators.netty.NotFoundHandler handleRequest
INFO: Unknown request URI: /message?device=sdk_gphone64_x86_64%20-%2016%20-%20API%2036&app=com.anonymous.ecofit&clientid=DevLauncherBridgelessDevSupportManager
Nov 04, 2025 11:48:03 PM io.gapi.emulators.netty.NotFoundHandler handleRequest
INFO: Unknown request URI: /message?device=sdk_gphone64_x86_64%20-%2016%20-%20API%2036&app=com.anonymous.ecofit&clientid=DevLauncherBridgelessDevSupportManager
Nov 04, 2025 11:48:05 PM io.gapi.emulators.netty.NotFoundHandler handleRequest
INFO: Unknown request URI: /message?device=sdk_gphone64_x86_64%20-%2016%20-%20API%2036&app=com.anonymous.ecofit&clientid=DevLauncherBridgelessDevSupportManager
Nov 04, 2025 11:48:07 PM io.gapi.emulators.netty.NotFoundHandler handleRequest
INFO: Unknown request URI: /message?device=sdk_gphone64_x86_64%20-%2016%20-%20API%2036&app=com.anonymous.ecofit&clientid=DevLauncherBridgelessDevSupportManager
Nov 04, 2025 11:48:09 PM io.gapi.emulators.netty.NotFoundHandler handleRequest
INFO: Unknown request URI: /message?device=sdk_gphone64_x86_64%20-%2016%20-%20API%2036&app=com.anonymous.ecofit&clientid=DevLauncherBridgelessDevSupportManager
Nov 04, 2025 11:48:11 PM io.gapi.emulators.netty.NotFoundHandler handleRequest
INFO: Unknown request URI: /message?device=sdk_gphone64_x86_64%20-%2016%20-%20API%2036&app=com.anonymous.ecofit&clientid=DevLauncherBridgelessDevSupportManager
Nov 04, 2025 11:48:13 PM io.gapi.emulators.netty.NotFoundHandler handleRequest
INFO: Unknown request URI: /message?device=sdk_gphone64_x86_64%20-%2016%20-%20API%2036&app=com.anonymous.ecofit&clientid=DevLauncherBridgelessDevSupportManager
Nov 04, 2025 11:48:16 PM io.gapi.emulators.netty.NotFoundHandler handleRequest
INFO: Unknown request URI: /message?device=sdk_gphone64_x86_64%20-%2016%20-%20API%2036&app=com.anonymous.ecofit&clientid=DevLauncherBridgelessDevSupportManager
Nov 04, 2025 11:48:18 PM io.gapi.emulators.netty.NotFoundHandler handleRequest
INFO: Unknown request URI: /message?device=sdk_gphone64_x86_64%20-%2016%20-%20API%2036&app=com.anonymous.ecofit&clientid=DevLauncherBridgelessDevSupportManager
Nov 04, 2025 11:48:20 PM io.gapi.emulators.netty.NotFoundHandler handleRequest
INFO: Unknown request URI: /message?device=sdk_gphone64_x86_64%20-%2016%20-%20API%2036&app=com.anonymous.ecofit&clientid=DevLauncherBridgelessDevSupportManager
Nov 04, 2025 11:48:22 PM io.gapi.emulators.netty.NotFoundHandler handleRequest
INFO: Unknown request URI: /message?device=sdk_gphone64_x86_64%20-%2016%20-%20API%2036&app=com.anonymous.ecofit&clientid=DevLauncherBridgelessDevSupportManager
Nov 04, 2025 11:48:24 PM io.gapi.emulators.netty.NotFoundHandler handleRequest
INFO: Unknown request URI: /message?device=sdk_gphone64_x86_64%20-%2016%20-%20API%2036&app=com.anonymous.ecofit&clientid=DevLauncherBridgelessDevSupportManager
Nov 04, 2025 11:48:26 PM io.gapi.emulators.netty.NotFoundHandler handleRequest
INFO: Unknown request URI: /message?device=sdk_gphone64_x86_64%20-%2016%20-%20API%2036&app=com.anonymous.ecofit&clientid=DevLauncherBridgelessDevSupportManager
Nov 04, 2025 11:48:28 PM io.gapi.emulators.netty.NotFoundHandler handleRequest
INFO: Unknown request URI: /message?device=sdk_gphone64_x86_64%20-%2016%20-%20API%2036&app=com.anonymous.ecofit&clientid=DevLauncherBridgelessDevSupportManager
Nov 04, 2025 11:48:30 PM io.gapi.emulators.netty.NotFoundHandler handleRequest
INFO: Unknown request URI: /message?device=sdk_gphone64_x86_64%20-%2016%20-%20API%2036&app=com.anonymous.ecofit&clientid=DevLauncherBridgelessDevSupportManager
Nov 04, 2025 11:48:32 PM io.gapi.emulators.netty.NotFoundHandler handleRequest
INFO: Unknown request URI: /message?device=sdk_gphone64_x86_64%20-%2016%20-%20API%2036&app=com.anonymous.ecofit&clientid=DevLauncherBridgelessDevSupportManager
Nov 04, 2025 11:48:34 PM io.gapi.emulators.netty.NotFoundHandler handleRequest
INFO: Unknown request URI: /message?device=sdk_gphone64_x86_64%20-%2016%20-%20API%2036&app=com.anonymous.ecofit&clientid=DevLauncherBridgelessDevSupportManager
Nov 04, 2025 11:48:36 PM io.gapi.emulators.netty.NotFoundHandler handleRequest
INFO: Unknown request URI: /message?device=sdk_gphone64_x86_64%20-%2016%20-%20API%2036&app=com.anonymous.ecofit&clientid=DevLauncherBridgelessDevSupportManager
Nov 04, 2025 11:48:38 PM io.gapi.emulators.netty.NotFoundHandler handleRequest
INFO: Unknown request URI: /message?device=sdk_gphone64_x86_64%20-%2016%20-%20API%2036&app=com.anonymous.ecofit&clientid=DevLauncherBridgelessDevSupportManager
Nov 04, 2025 11:48:40 PM io.gapi.emulators.netty.NotFoundHandler handleRequest
INFO: Unknown request URI: /message?device=sdk_gphone64_x86_64%20-%2016%20-%20API%2036&app=com.anonymous.ecofit&clientid=DevLauncherBridgelessDevSupportManager
Nov 04, 2025 11:48:42 PM io.gapi.emulators.netty.NotFoundHandler handleRequest
INFO: Unknown request URI: /message?device=sdk_gphone64_x86_64%20-%2016%20-%20API%2036&app=com.anonymous.ecofit&clientid=DevLauncherBridgelessDevSupportManager
Nov 04, 2025 11:48:44 PM io.gapi.emulators.netty.NotFoundHandler handleRequest
INFO: Unknown request URI: /message?device=sdk_gphone64_x86_64%20-%2016%20-%20API%2036&app=com.anonymous.ecofit&clientid=DevLauncherBridgelessDevSupportManager
Nov 04, 2025 11:48:46 PM io.gapi.emulators.netty.NotFoundHandler handleRequest
INFO: Unknown request URI: /message?device=sdk_gphone64_x86_64%20-%2016%20-%20API%2036&app=com.anonymous.ecofit&clientid=DevLauncherBridgelessDevSupportManager
Nov 04, 2025 11:48:48 PM io.gapi.emulators.netty.NotFoundHandler handleRequest
INFO: Unknown request URI: /message?device=sdk_gphone64_x86_64%20-%2016%20-%20API%2036&app=com.anonymous.ecofit&clientid=DevLauncherBridgelessDevSupportManager
Nov 04, 2025 11:48:50 PM io.gapi.emulators.netty.NotFoundHandler handleRequest
INFO: Unknown request URI: /message?device=sdk_gphone64_x86_64%20-%2016%20-%20API%2036&app=com.anonymous.ecofit&clientid=DevLauncherBridgelessDevSupportManager
Nov 04, 2025 11:48:52 PM io.gapi.emulators.netty.NotFoundHandler handleRequest
INFO: Unknown request URI: /message?device=sdk_gphone64_x86_64%20-%2016%20-%20API%2036&app=com.anonymous.ecofit&clientid=DevLauncherBridgelessDevSupportManager
Nov 04, 2025 11:48:54 PM io.gapi.emulators.netty.NotFoundHandler handleRequest
INFO: Unknown request URI: /message?device=sdk_gphone64_x86_64%20-%2016%20-%20API%2036&app=com.anonymous.ecofit&clientid=DevLauncherBridgelessDevSupportManager
Nov 04, 2025 11:48:56 PM io.gapi.emulators.netty.NotFoundHandler handleRequest
INFO: Unknown request URI: /message?device=sdk_gphone64_x86_64%20-%2016%20-%20API%2036&app=com.anonymous.ecofit&clientid=DevLauncherBridgelessDevSupportManager
Nov 04, 2025 11:48:58 PM io.gapi.emulators.netty.NotFoundHandler handleRequest
INFO: Unknown request URI: /message?device=sdk_gphone64_x86_64%20-%2016%20-%20API%2036&app=com.anonymous.ecofit&clientid=DevLauncherBridgelessDevSupportManager
Nov 04, 2025 11:49:00 PM io.gapi.emulators.netty.NotFoundHandler handleRequest
INFO: Unknown request URI: /message?device=sdk_gphone64_x86_64%20-%2016%20-%20API%2036&app=com.anonymous.ecofit&clientid=DevLauncherBridgelessDevSupportManager
Nov 04, 2025 11:49:02 PM io.gapi.emulators.netty.NotFoundHandler handleRequest
INFO: Unknown request URI: /message?device=sdk_gphone64_x86_64%20-%2016%20-%20API%2036&app=com.anonymous.ecofit&clientid=DevLauncherBridgelessDevSupportManager
Nov 04, 2025 11:49:04 PM io.gapi.emulators.netty.NotFoundHandler handleRequest
INFO: Unknown request URI: /message?device=sdk_gphone64_x86_64%20-%2016%20-%20API%2036&app=com.anonymous.ecofit&clientid=DevLauncherBridgelessDevSupportManager
Nov 04, 2025 11:49:06 PM io.gapi.emulators.netty.NotFoundHandler handleRequest
INFO: Unknown request URI: /message?device=sdk_gphone64_x86_64%20-%2016%20-%20API%2036&app=com.anonymous.ecofit&clientid=DevLauncherBridgelessDevSupportManager
Nov 04, 2025 11:49:08 PM io.gapi.emulators.netty.NotFoundHandler handleRequest
INFO: Unknown request URI: /message?device=sdk_gphone64_x86_64%20-%2016%20-%20API%2036&app=com.anonymous.ecofit&clientid=DevLauncherBridgelessDevSupportManager
Nov 04, 2025 11:49:10 PM io.gapi.emulators.netty.NotFoundHandler handleRequest
INFO: Unknown request URI: /message?device=sdk_gphone64_x86_64%20-%2016%20-%20API%2036&app=com.anonymous.ecofit&clientid=DevLauncherBridgelessDevSupportManager
Nov 04, 2025 11:49:12 PM io.gapi.emulators.netty.NotFoundHandler handleRequest
INFO: Unknown request URI: /message?device=sdk_gphone64_x86_64%20-%2016%20-%20API%2036&app=com.anonymous.ecofit&clientid=DevLauncherBridgelessDevSupportManager
Nov 04, 2025 11:49:14 PM io.gapi.emulators.netty.NotFoundHandler handleRequest
INFO: Unknown request URI: /message?device=sdk_gphone64_x86_64%20-%2016%20-%20API%2036&app=com.anonymous.ecofit&clientid=DevLauncherBridgelessDevSupportManager
Nov 04, 2025 11:49:16 PM io.gapi.emulators.netty.NotFoundHandler handleRequest
INFO: Unknown request URI: /message?device=sdk_gphone64_x86_64%20-%2016%20-%20API%2036&app=com.anonymous.ecofit&clientid=DevLauncherBridgelessDevSupportManager
Nov 04, 2025 11:49:18 PM io.gapi.emulators.netty.NotFoundHandler handleRequest
INFO: Unknown request URI: /message?device=sdk_gphone64_x86_64%20-%2016%20-%20API%2036&app=com.anonymous.ecofit&clientid=DevLauncherBridgelessDevSupportManager
Nov 04, 2025 11:49:20 PM io.gapi.emulators.netty.NotFoundHandler handleRequest
INFO: Unknown request URI: /message?device=sdk_gphone64_x86_64%20-%2016%20-%20API%2036&app=com.anonymous.ecofit&clientid=DevLauncherBridgelessDevSupportManager
Nov 04, 2025 11:49:22 PM io.gapi.emulators.netty.NotFoundHandler handleRequest
INFO: Unknown request URI: /message?device=sdk_gphone64_x86_64%20-%2016%20-%20API%2036&app=com.anonymous.ecofit&clientid=DevLauncherBridgelessDevSupportManager
Nov 04, 2025 11:49:24 PM io.gapi.emulators.netty.NotFoundHandler handleRequest
INFO: Unknown request URI: /message?device=sdk_gphone64_x86_64%20-%2016%20-%20API%2036&app=com.anonymous.ecofit&clientid=DevLauncherBridgelessDevSupportManager
Nov 04, 2025 11:49:26 PM io.gapi.emulators.netty.NotFoundHandler handleRequest
INFO: Unknown request URI: /message?device=sdk_gphone64_x86_64%20-%2016%20-%20API%2036&app=com.anonymous.ecofit&clientid=DevLauncherBridgelessDevSupportManager
Nov 04, 2025 11:49:28 PM io.gapi.emulators.netty.NotFoundHandler handleRequest
INFO: Unknown request URI: /message?device=sdk_gphone64_x86_64%20-%2016%20-%20API%2036&app=com.anonymous.ecofit&clientid=DevLauncherBridgelessDevSupportManager
Nov 04, 2025 11:49:30 PM io.gapi.emulators.netty.NotFoundHandler handleRequest
INFO: Unknown request URI: /message?device=sdk_gphone64_x86_64%20-%2016%20-%20API%2036&app=com.anonymous.ecofit&clientid=DevLauncherBridgelessDevSupportManager
Nov 04, 2025 11:49:32 PM io.gapi.emulators.netty.NotFoundHandler handleRequest
INFO: Unknown request URI: /message?device=sdk_gphone64_x86_64%20-%2016%20-%20API%2036&app=com.anonymous.ecofit&clientid=DevLauncherBridgelessDevSupportManager
Nov 04, 2025 11:49:34 PM io.gapi.emulators.netty.NotFoundHandler handleRequest
INFO: Unknown request URI: /message?device=sdk_gphone64_x86_64%20-%2016%20-%20API%2036&app=com.anonymous.ecofit&clientid=DevLauncherBridgelessDevSupportManager
Nov 04, 2025 11:49:36 PM io.gapi.emulators.netty.NotFoundHandler handleRequest
INFO: Unknown request URI: /message?device=sdk_gphone64_x86_64%20-%2016%20-%20API%2036&app=com.anonymous.ecofit&clientid=DevLauncherBridgelessDevSupportManager
Nov 04, 2025 11:49:38 PM io.gapi.emulators.netty.NotFoundHandler handleRequest
INFO: Unknown request URI: /message?device=sdk_gphone64_x86_64%20-%2016%20-%20API%2036&app=com.anonymous.ecofit&clientid=DevLauncherBridgelessDevSupportManager
Nov 04, 2025 11:49:40 PM io.gapi.emulators.netty.NotFoundHandler handleRequest
INFO: Unknown request URI: /message?device=sdk_gphone64_x86_64%20-%2016%20-%20API%2036&app=com.anonymous.ecofit&clientid=DevLauncherBridgelessDevSupportManager
Nov 04, 2025 11:49:42 PM io.gapi.emulators.netty.NotFoundHandler handleRequest
INFO: Unknown request URI: /message?device=sdk_gphone64_x86_64%20-%2016%20-%20API%2036&app=com.anonymous.ecofit&clientid=DevLauncherBridgelessDevSupportManager
Nov 04, 2025 11:49:44 PM io.gapi.emulators.netty.NotFoundHandler handleRequest
INFO: Unknown request URI: /message?device=sdk_gphone64_x86_64%20-%2016%20-%20API%2036&app=com.anonymous.ecofit&clientid=DevLauncherBridgelessDevSupportManager
Nov 04, 2025 11:49:46 PM io.gapi.emulators.netty.NotFoundHandler handleRequest
INFO: Unknown request URI: /message?device=sdk_gphone64_x86_64%20-%2016%20-%20API%2036&app=com.anonymous.ecofit&clientid=DevLauncherBridgelessDevSupportManager
Nov 04, 2025 11:49:48 PM io.gapi.emulators.netty.NotFoundHandler handleRequest
INFO: Unknown request URI: /message?device=sdk_gphone64_x86_64%20-%2016%20-%20API%2036&app=com.anonymous.ecofit&clientid=DevLauncherBridgelessDevSupportManager
Nov 04, 2025 11:49:50 PM io.gapi.emulators.netty.NotFoundHandler handleRequest
INFO: Unknown request URI: /message?device=sdk_gphone64_x86_64%20-%2016%20-%20API%2036&app=com.anonymous.ecofit&clientid=DevLauncherBridgelessDevSupportManager
Nov 04, 2025 11:49:52 PM io.gapi.emulators.netty.NotFoundHandler handleRequest
INFO: Unknown request URI: /message?device=sdk_gphone64_x86_64%20-%2016%20-%20API%2036&app=com.anonymous.ecofit&clientid=DevLauncherBridgelessDevSupportManager
Nov 04, 2025 11:49:54 PM io.gapi.emulators.netty.NotFoundHandler handleRequest
INFO: Unknown request URI: /message?device=sdk_gphone64_x86_64%20-%2016%20-%20API%2036&app=com.anonymous.ecofit&clientid=DevLauncherBridgelessDevSupportManager
Nov 04, 2025 11:49:56 PM io.gapi.emulators.netty.NotFoundHandler handleRequest
INFO: Unknown request URI: /message?device=sdk_gphone64_x86_64%20-%2016%20-%20API%2036&app=com.anonymous.ecofit&clientid=DevLauncherBridgelessDevSupportManager
Nov 04, 2025 11:49:58 PM io.gapi.emulators.netty.NotFoundHandler handleRequest
INFO: Unknown request URI: /message?device=sdk_gphone64_x86_64%20-%2016%20-%20API%2036&app=com.anonymous.ecofit&clientid=DevLauncherBridgelessDevSupportManager
Nov 04, 2025 11:50:00 PM io.gapi.emulators.netty.NotFoundHandler handleRequest
INFO: Unknown request URI: /message?device=sdk_gphone64_x86_64%20-%2016%20-%20API%2036&app=com.anonymous.ecofit&clientid=DevLauncherBridgelessDevSupportManager
Nov 04, 2025 11:50:02 PM io.gapi.emulators.netty.NotFoundHandler handleRequest
INFO: Unknown request URI: /message?device=sdk_gphone64_x86_64%20-%2016%20-%20API%2036&app=com.anonymous.ecofit&clientid=DevLauncherBridgelessDevSupportManager
Nov 04, 2025 11:50:04 PM io.gapi.emulators.netty.NotFoundHandler handleRequest
INFO: Unknown request URI: /message?device=sdk_gphone64_x86_64%20-%2016%20-%20API%2036&app=com.anonymous.ecofit&clientid=DevLauncherBridgelessDevSupportManager
Nov 04, 2025 11:50:06 PM io.gapi.emulators.netty.NotFoundHandler handleRequest
INFO: Unknown request URI: /message?device=sdk_gphone64_x86_64%20-%2016%20-%20API%2036&app=com.anonymous.ecofit&clientid=DevLauncherBridgelessDevSupportManager
Nov 04, 2025 11:50:08 PM io.gapi.emulators.netty.NotFoundHandler handleRequest
INFO: Unknown request URI: /message?device=sdk_gphone64_x86_64%20-%2016%20-%20API%2036&app=com.anonymous.ecofit&clientid=DevLauncherBridgelessDevSupportManager
Nov 04, 2025 11:50:10 PM io.gapi.emulators.netty.NotFoundHandler handleRequest
INFO: Unknown request URI: /message?device=sdk_gphone64_x86_64%20-%2016%20-%20API%2036&app=com.anonymous.ecofit&clientid=DevLauncherBridgelessDevSupportManager
Nov 04, 2025 11:50:12 PM io.gapi.emulators.netty.NotFoundHandler handleRequest
INFO: Unknown request URI: /message?device=sdk_gphone64_x86_64%20-%2016%20-%20API%2036&app=com.anonymous.ecofit&clientid=DevLauncherBridgelessDevSupportManager
Nov 04, 2025 11:50:14 PM io.gapi.emulators.netty.NotFoundHandler handleRequest
INFO: Unknown request URI: /message?device=sdk_gphone64_x86_64%20-%2016%20-%20API%2036&app=com.anonymous.ecofit&clientid=DevLauncherBridgelessDevSupportManager
Nov 04, 2025 11:50:16 PM io.gapi.emulators.netty.NotFoundHandler handleRequest
INFO: Unknown request URI: /message?device=sdk_gphone64_x86_64%20-%2016%20-%20API%2036&app=com.anonymous.ecofit&clientid=DevLauncherBridgelessDevSupportManager
Nov 04, 2025 11:50:18 PM io.gapi.emulators.netty.NotFoundHandler handleRequest
INFO: Unknown request URI: /message?device=sdk_gphone64_x86_64%20-%2016%20-%20API%2036&app=com.anonymous.ecofit&clientid=DevLauncherBridgelessDevSupportManager
Nov 04, 2025 11:50:20 PM io.gapi.emulators.netty.NotFoundHandler handleRequest
INFO: Unknown request URI: /message?device=sdk_gphone64_x86_64%20-%2016%20-%20API%2036&app=com.anonymous.ecofit&clientid=DevLauncherBridgelessDevSupportManager
Nov 04, 2025 11:50:22 PM io.gapi.emulators.netty.NotFoundHandler handleRequest
INFO: Unknown request URI: /message?device=sdk_gphone64_x86_64%20-%2016%20-%20API%2036&app=com.anonymous.ecofit&clientid=DevLauncherBridgelessDevSupportManager
Nov 04, 2025 11:50:24 PM io.gapi.emulators.netty.NotFoundHandler handleRequest
INFO: Unknown request URI: /message?device=sdk_gphone64_x86_64%20-%2016%20-%20API%2036&app=com.anonymous.ecofit&clientid=DevLauncherBridgelessDevSupportManager
Nov 04, 2025 11:50:26 PM io.gapi.emulators.netty.NotFoundHandler handleRequest
INFO: Unknown request URI: /message?device=sdk_gphone64_x86_64%20-%2016%20-%20API%2036&app=com.anonymous.ecofit&clientid=DevLauncherBridgelessDevSupportManager
Nov 04, 2025 11:50:28 PM io.gapi.emulators.netty.NotFoundHandler handleRequest
INFO: Unknown request URI: /message?device=sdk_gphone64_x86_64%20-%2016%20-%20API%2036&app=com.anonymous.ecofit&clientid=DevLauncherBridgelessDevSupportManager
Nov 04, 2025 11:50:30 PM io.gapi.emulators.netty.NotFoundHandler handleRequest
INFO: Unknown request URI: /message?device=sdk_gphone64_x86_64%20-%2016%20-%20API%2036&app=com.anonymous.ecofit&clientid=DevLauncherBridgelessDevSupportManager
Nov 04, 2025 11:50:32 PM io.gapi.emulators.netty.NotFoundHandler handleRequest
INFO: Unknown request URI: /message?device=sdk_gphone64_x86_64%20-%2016%20-%20API%2036&app=com.anonymous.ecofit&clientid=DevLauncherBridgelessDevSupportManager
Nov 04, 2025 11:50:34 PM io.gapi.emulators.netty.NotFoundHandler handleRequest
INFO: Unknown request URI: /message?device=sdk_gphone64_x86_64%20-%2016%20-%20API%2036&app=com.anonymous.ecofit&clientid=DevLauncherBridgelessDevSupportManager
Nov 04, 2025 11:50:36 PM io.gapi.emulators.netty.NotFoundHandler handleRequest
INFO: Unknown request URI: /message?device=sdk_gphone64_x86_64%20-%2016%20-%20API%2036&app=com.anonymous.ecofit&clientid=DevLauncherBridgelessDevSupportManager
Nov 04, 2025 11:50:38 PM io.gapi.emulators.netty.NotFoundHandler handleRequest
INFO: Unknown request URI: /message?device=sdk_gphone64_x86_64%20-%2016%20-%20API%2036&app=com.anonymous.ecofit&clientid=DevLauncherBridgelessDevSupportManager
Nov 04, 2025 11:50:40 PM io.gapi.emulators.netty.NotFoundHandler handleRequest
INFO: Unknown request URI: /message?device=sdk_gphone64_x86_64%20-%2016%20-%20API%2036&app=com.anonymous.ecofit&clientid=DevLauncherBridgelessDevSupportManager
Nov 04, 2025 11:50:42 PM io.gapi.emulators.netty.NotFoundHandler handleRequest
INFO: Unknown request URI: /message?device=sdk_gphone64_x86_64%20-%2016%20-%20API%2036&app=com.anonymous.ecofit&clientid=DevLauncherBridgelessDevSupportManager
Nov 04, 2025 11:50:44 PM io.gapi.emulators.netty.NotFoundHandler handleRequest
INFO: Unknown request URI: /message?device=sdk_gphone64_x86_64%20-%2016%20-%20API%2036&app=com.anonymous.ecofit&clientid=DevLauncherBridgelessDevSupportManager
Nov 04, 2025 11:50:46 PM io.gapi.emulators.netty.NotFoundHandler handleRequest
INFO: Unknown request URI: /message?device=sdk_gphone64_x86_64%20-%2016%20-%20API%2036&app=com.anonymous.ecofit&clientid=DevLauncherBridgelessDevSupportManager
Nov 04, 2025 11:50:48 PM io.gapi.emulators.netty.NotFoundHandler handleRequest
INFO: Unknown request URI: /message?device=sdk_gphone64_x86_64%20-%2016%20-%20API%2036&app=com.anonymous.ecofit&clientid=DevLauncherBridgelessDevSupportManager
Nov 04, 2025 11:50:50 PM io.gapi.emulators.netty.NotFoundHandler handleRequest
INFO: Unknown request URI: /message?device=sdk_gphone64_x86_64%20-%2016%20-%20API%2036&app=com.anonymous.ecofit&clientid=DevLauncherBridgelessDevSupportManager
Nov 04, 2025 11:50:52 PM io.gapi.emulators.netty.NotFoundHandler handleRequest
INFO: Unknown request URI: /message?device=sdk_gphone64_x86_64%20-%2016%20-%20API%2036&app=com.anonymous.ecofit&clientid=DevLauncherBridgelessDevSupportManager
Nov 04, 2025 11:50:54 PM io.gapi.emulators.netty.NotFoundHandler handleRequest
INFO: Unknown request URI: /message?device=sdk_gphone64_x86_64%20-%2016%20-%20API%2036&app=com.anonymous.ecofit&clientid=DevLauncherBridgelessDevSupportManager
Nov 04, 2025 11:50:56 PM io.gapi.emulators.netty.NotFoundHandler handleRequest
INFO: Unknown request URI: /message?device=sdk_gphone64_x86_64%20-%2016%20-%20API%2036&app=com.anonymous.ecofit&clientid=DevLauncherBridgelessDevSupportManager
Nov 04, 2025 11:50:58 PM io.gapi.emulators.netty.NotFoundHandler handleRequest
INFO: Unknown request URI: /message?device=sdk_gphone64_x86_64%20-%2016%20-%20API%2036&app=com.anonymous.ecofit&clientid=DevLauncherBridgelessDevSupportManager
Nov 04, 2025 11:51:00 PM io.gapi.emulators.netty.NotFoundHandler handleRequest
INFO: Unknown request URI: /message?device=sdk_gphone64_x86_64%20-%2016%20-%20API%2036&app=com.anonymous.ecofit&clientid=DevLauncherBridgelessDevSupportManager
Nov 04, 2025 11:51:02 PM io.gapi.emulators.netty.NotFoundHandler handleRequest
INFO: Unknown request URI: /message?device=sdk_gphone64_x86_64%20-%2016%20-%20API%2036&app=com.anonymous.ecofit&clientid=DevLauncherBridgelessDevSupportManager
Nov 04, 2025 11:51:04 PM io.gapi.emulators.netty.NotFoundHandler handleRequest
INFO: Unknown request URI: /message?device=sdk_gphone64_x86_64%20-%2016%20-%20API%2036&app=com.anonymous.ecofit&clientid=DevLauncherBridgelessDevSupportManager
Nov 04, 2025 11:51:06 PM io.gapi.emulators.netty.NotFoundHandler handleRequest
INFO: Unknown request URI: /message?device=sdk_gphone64_x86_64%20-%2016%20-%20API%2036&app=com.anonymous.ecofit&clientid=DevLauncherBridgelessDevSupportManager
Nov 04, 2025 11:51:08 PM io.gapi.emulators.netty.NotFoundHandler handleRequest
INFO: Unknown request URI: /message?device=sdk_gphone64_x86_64%20-%2016%20-%20API%2036&app=com.anonymous.ecofit&clientid=DevLauncherBridgelessDevSupportManager
Nov 04, 2025 11:51:10 PM io.gapi.emulators.netty.NotFoundHandler handleRequest
INFO: Unknown request URI: /message?device=sdk_gphone64_x86_64%20-%2016%20-%20API%2036&app=com.anonymous.ecofit&clientid=DevLauncherBridgelessDevSupportManager
Nov 04, 2025 11:51:12 PM io.gapi.emulators.netty.NotFoundHandler handleRequest
INFO: Unknown request URI: /message?device=sdk_gphone64_x86_64%20-%2016%20-%20API%2036&app=com.anonymous.ecofit&clientid=DevLauncherBridgelessDevSupportManager
Nov 04, 2025 11:51:14 PM io.gapi.emulators.netty.NotFoundHandler handleRequest
INFO: Unknown request URI: /message?device=sdk_gphone64_x86_64%20-%2016%20-%20API%2036&app=com.anonymous.ecofit&clientid=DevLauncherBridgelessDevSupportManager
Nov 04, 2025 11:51:16 PM io.gapi.emulators.netty.NotFoundHandler handleRequest
INFO: Unknown request URI: /message?device=sdk_gphone64_x86_64%20-%2016%20-%20API%2036&app=com.anonymous.ecofit&clientid=DevLauncherBridgelessDevSupportManager
Nov 04, 2025 11:51:18 PM io.gapi.emulators.netty.NotFoundHandler handleRequest
INFO: Unknown request URI: /message?device=sdk_gphone64_x86_64%20-%2016%20-%20API%2036&app=com.anonymous.ecofit&clientid=DevLauncherBridgelessDevSupportManager
Nov 04, 2025 11:51:20 PM io.gapi.emulators.netty.NotFoundHandler handleRequest
INFO: Unknown request URI: /message?device=sdk_gphone64_x86_64%20-%2016%20-%20API%2036&app=com.anonymous.ecofit&clientid=DevLauncherBridgelessDevSupportManager
Nov 04, 2025 11:51:22 PM io.gapi.emulators.netty.NotFoundHandler handleRequest
INFO: Unknown request URI: /message?device=sdk_gphone64_x86_64%20-%2016%20-%20API%2036&app=com.anonymous.ecofit&clientid=DevLauncherBridgelessDevSupportManager
Nov 04, 2025 11:51:24 PM io.gapi.emulators.netty.NotFoundHandler handleRequest
INFO: Unknown request URI: /message?device=sdk_gphone64_x86_64%20-%2016%20-%20API%2036&app=com.anonymous.ecofit&clientid=DevLauncherBridgelessDevSupportManager
Nov 04, 2025 11:51:26 PM io.gapi.emulators.netty.NotFoundHandler handleRequest
INFO: Unknown request URI: /message?device=sdk_gphone64_x86_64%20-%2016%20-%20API%2036&app=com.anonymous.ecofit&clientid=DevLauncherBridgelessDevSupportManager
Nov 04, 2025 11:51:28 PM io.gapi.emulators.netty.NotFoundHandler handleRequest
INFO: Unknown request URI: /message?device=sdk_gphone64_x86_64%20-%2016%20-%20API%2036&app=com.anonymous.ecofit&clientid=DevLauncherBridgelessDevSupportManager
Nov 04, 2025 11:51:30 PM io.gapi.emulators.netty.NotFoundHandler handleRequest
INFO: Unknown request URI: /message?device=sdk_gphone64_x86_64%20-%2016%20-%20API%2036&app=com.anonymous.ecofit&clientid=DevLauncherBridgelessDevSupportManager
Nov 04, 2025 11:51:32 PM io.gapi.emulators.netty.NotFoundHandler handleRequest
INFO: Unknown request URI: /message?device=sdk_gphone64_x86_64%20-%2016%20-%20API%2036&app=com.anonymous.ecofit&clientid=DevLauncherBridgelessDevSupportManager
Nov 04, 2025 11:51:34 PM io.gapi.emulators.netty.NotFoundHandler handleRequest
INFO: Unknown request URI: /message?device=sdk_gphone64_x86_64%20-%2016%20-%20API%2036&app=com.anonymous.ecofit&clientid=DevLauncherBridgelessDevSupportManager
Nov 04, 2025 11:51:36 PM io.gapi.emulators.netty.NotFoundHandler handleRequest
INFO: Unknown request URI: /message?device=sdk_gphone64_x86_64%20-%2016%20-%20API%2036&app=com.anonymous.ecofit&clientid=DevLauncherBridgelessDevSupportManager
Nov 04, 2025 11:51:38 PM io.gapi.emulators.netty.NotFoundHandler handleRequest
INFO: Unknown request URI: /message?device=sdk_gphone64_x86_64%20-%2016%20-%20API%2036&app=com.anonymous.ecofit&clientid=DevLauncherBridgelessDevSupportManager
Nov 04, 2025 11:51:40 PM io.gapi.emulators.netty.NotFoundHandler handleRequest
INFO: Unknown request URI: /message?device=sdk_gphone64_x86_64%20-%2016%20-%20API%2036&app=com.anonymous.ecofit&clientid=DevLauncherBridgelessDevSupportManager
Nov 04, 2025 11:51:42 PM io.gapi.emulators.netty.NotFoundHandler handleRequest
INFO: Unknown request URI: /message?device=sdk_gphone64_x86_64%20-%2016%20-%20API%2036&app=com.anonymous.ecofit&clientid=DevLauncherBridgelessDevSupportManager
Nov 04, 2025 11:51:44 PM io.gapi.emulators.netty.NotFoundHandler handleRequest
INFO: Unknown request URI: /message?device=sdk_gphone64_x86_64%20-%2016%20-%20API%2036&app=com.anonymous.ecofit&clientid=DevLauncherBridgelessDevSupportManager
Nov 04, 2025 11:51:46 PM io.gapi.emulators.netty.NotFoundHandler handleRequest
INFO: Unknown request URI: /message?device=sdk_gphone64_x86_64%20-%2016%20-%20API%2036&app=com.anonymous.ecofit&clientid=DevLauncherBridgelessDevSupportManager
Nov 04, 2025 11:51:48 PM io.gapi.emulators.netty.NotFoundHandler handleRequest
INFO: Unknown request URI: /message?device=sdk_gphone64_x86_64%20-%2016%20-%20API%2036&app=com.anonymous.ecofit&clientid=DevLauncherBridgelessDevSupportManager
Nov 04, 2025 11:51:50 PM io.gapi.emulators.netty.NotFoundHandler handleRequest
INFO: Unknown request URI: /message?device=sdk_gphone64_x86_64%20-%2016%20-%20API%2036&app=com.anonymous.ecofit&clientid=DevLauncherBridgelessDevSupportManager
Nov 04, 2025 11:51:52 PM io.gapi.emulators.netty.NotFoundHandler handleRequest
INFO: Unknown request URI: /message?device=sdk_gphone64_x86_64%20-%2016%20-%20API%2036&app=com.anonymous.ecofit&clientid=DevLauncherBridgelessDevSupportManager
Nov 04, 2025 11:51:54 PM io.gapi.emulators.netty.NotFoundHandler handleRequest
INFO: Unknown request URI: /message?device=sdk_gphone64_x86_64%20-%2016%20-%20API%2036&app=com.anonymous.ecofit&clientid=DevLauncherBridgelessDevSupportManager
Nov 04, 2025 11:51:56 PM io.gapi.emulators.netty.NotFoundHandler handleRequest
INFO: Unknown request URI: /message?device=sdk_gphone64_x86_64%20-%2016%20-%20API%2036&app=com.anonymous.ecofit&clientid=DevLauncherBridgelessDevSupportManager
Nov 04, 2025 11:51:58 PM io.gapi.emulators.netty.NotFoundHandler handleRequest
INFO: Unknown request URI: /message?device=sdk_gphone64_x86_64%20-%2016%20-%20API%2036&app=com.anonymous.ecofit&clientid=DevLauncherBridgelessDevSupportManager
Nov 04, 2025 11:52:00 PM io.gapi.emulators.netty.NotFoundHandler handleRequest
INFO: Unknown request URI: /message?device=sdk_gphone64_x86_64%20-%2016%20-%20API%2036&app=com.anonymous.ecofit&clientid=DevLauncherBridgelessDevSupportManager
Nov 04, 2025 11:52:02 PM io.gapi.emulators.netty.NotFoundHandler handleRequest
INFO: Unknown request URI: /message?device=sdk_gphone64_x86_64%20-%2016%20-%20API%2036&app=com.anonymous.ecofit&clientid=DevLauncherBridgelessDevSupportManager
Nov 04, 2025 11:52:04 PM io.gapi.emulators.netty.NotFoundHandler handleRequest
INFO: Unknown request URI: /message?device=sdk_gphone64_x86_64%20-%2016%20-%20API%2036&app=com.anonymous.ecofit&clientid=DevLauncherBridgelessDevSupportManager
Nov 04, 2025 11:52:06 PM io.gapi.emulators.netty.NotFoundHandler handleRequest
INFO: Unknown request URI: /message?device=sdk_gphone64_x86_64%20-%2016%20-%20API%2036&app=com.anonymous.ecofit&clientid=DevLauncherBridgelessDevSupportManager
Nov 04, 2025 11:52:08 PM io.gapi.emulators.netty.NotFoundHandler handleRequest
INFO: Unknown request URI: /message?device=sdk_gphone64_x86_64%20-%2016%20-%20API%2036&app=com.anonymous.ecofit&clientid=DevLauncherBridgelessDevSupportManager
Nov 04, 2025 11:52:10 PM io.gapi.emulators.netty.NotFoundHandler handleRequest
INFO: Unknown request URI: /message?device=sdk_gphone64_x86_64%20-%2016%20-%20API%2036&app=com.anonymous.ecofit&clientid=DevLauncherBridgelessDevSupportManager
Nov 04, 2025 11:52:12 PM io.gapi.emulators.netty.NotFoundHandler handleRequest
INFO: Unknown request URI: /message?device=sdk_gphone64_x86_64%20-%2016%20-%20API%2036&app=com.anonymous.ecofit&clientid=DevLauncherBridgelessDevSupportManager
Nov 04, 2025 11:52:14 PM io.gapi.emulators.netty.NotFoundHandler handleRequest
INFO: Unknown request URI: /message?device=sdk_gphone64_x86_64%20-%2016%20-%20API%2036&app=com.anonymous.ecofit&clientid=DevLauncherBridgelessDevSupportManager
Nov 04, 2025 11:52:16 PM io.gapi.emulators.netty.NotFoundHandler handleRequest
INFO: Unknown request URI: /message?device=sdk_gphone64_x86_64%20-%2016%20-%20API%2036&app=com.anonymous.ecofit&clientid=DevLauncherBridgelessDevSupportManager
Nov 04, 2025 11:52:18 PM io.gapi.emulators.netty.NotFoundHandler handleRequest
INFO: Unknown request URI: /message?device=sdk_gphone64_x86_64%20-%2016%20-%20API%2036&app=com.anonymous.ecofit&clientid=DevLauncherBridgelessDevSupportManager
Nov 04, 2025 11:52:20 PM io.gapi.emulators.netty.NotFoundHandler handleRequest
INFO: Unknown request URI: /message?device=sdk_gphone64_x86_64%20-%2016%20-%20API%2036&app=com.anonymous.ecofit&clientid=DevLauncherBridgelessDevSupportManager
Nov 04, 2025 11:52:22 PM io.gapi.emulators.netty.NotFoundHandler handleRequest
INFO: Unknown request URI: /message?device=sdk_gphone64_x86_64%20-%2016%20-%20API%2036&app=com.anonymous.ecofit&clientid=DevLauncherBridgelessDevSupportManager
Nov 04, 2025 11:52:24 PM io.gapi.emulators.netty.NotFoundHandler handleRequest
INFO: Unknown request URI: /message?device=sdk_gphone64_x86_64%20-%2016%20-%20API%2036&app=com.anonymous.ecofit&clientid=DevLauncherBridgelessDevSupportManager
Nov 04, 2025 11:52:26 PM io.gapi.emulators.netty.NotFoundHandler handleRequest
INFO: Unknown request URI: /message?device=sdk_gphone64_x86_64%20-%2016%20-%20API%2036&app=com.anonymous.ecofit&clientid=DevLauncherBridgelessDevSupportManager
Nov 04, 2025 11:52:28 PM io.gapi.emulators.netty.NotFoundHandler handleRequest
INFO: Unknown request URI: /message?device=sdk_gphone64_x86_64%20-%2016%20-%20API%2036&app=com.anonymous.ecofit&clientid=DevLauncherBridgelessDevSupportManager
Nov 04, 2025 11:52:30 PM io.gapi.emulators.netty.NotFoundHandler handleRequest
INFO: Unknown request URI: /message?device=sdk_gphone64_x86_64%20-%2016%20-%20API%2036&app=com.anonymous.ecofit&clientid=DevLauncherBridgelessDevSupportManager
Nov 04, 2025 11:52:32 PM io.gapi.emulators.netty.NotFoundHandler handleRequest
INFO: Unknown request URI: /message?device=sdk_gphone64_x86_64%20-%2016%20-%20API%2036&app=com.anonymous.ecofit&clientid=DevLauncherBridgelessDevSupportManager
Nov 04, 2025 11:52:34 PM io.gapi.emulators.netty.NotFoundHandler handleRequest
INFO: Unknown request URI: /message?device=sdk_gphone64_x86_64%20-%2016%20-%20API%2036&app=com.anonymous.ecofit&clientid=DevLauncherBridgelessDevSupportManager
Nov 04, 2025 11:52:36 PM io.gapi.emulators.netty.NotFoundHandler handleRequest
INFO: Unknown request URI: /message?device=sdk_gphone64_x86_64%20-%2016%20-%20API%2036&app=com.anonymous.ecofit&clientid=DevLauncherBridgelessDevSupportManager
Nov 04, 2025 11:52:38 PM io.gapi.emulators.netty.NotFoundHandler handleRequest
INFO: Unknown request URI: /message?device=sdk_gphone64_x86_64%20-%2016%20-%20API%2036&app=com.anonymous.ecofit&clientid=DevLauncherBridgelessDevSupportManager
Nov 04, 2025 11:52:41 PM io.gapi.emulators.netty.NotFoundHandler handleRequest
INFO: Unknown request URI: /message?device=sdk_gphone64_x86_64%20-%2016%20-%20API%2036&app=com.anonymous.ecofit&clientid=DevLauncherBridgelessDevSupportManager
Nov 04, 2025 11:52:43 PM io.gapi.emulators.netty.NotFoundHandler handleRequest
INFO: Unknown request URI: /message?device=sdk_gphone64_x86_64%20-%2016%20-%20API%2036&app=com.anonymous.ecofit&clientid=DevLauncherBridgelessDevSupportManager
Nov 04, 2025 11:52:45 PM io.gapi.emulators.netty.NotFoundHandler handleRequest
INFO: Unknown request URI: /message?device=sdk_gphone64_x86_64%20-%2016%20-%20API%2036&app=com.anonymous.ecofit&clientid=DevLauncherBridgelessDevSupportManager
Nov 04, 2025 11:52:47 PM io.gapi.emulators.netty.NotFoundHandler handleRequest
INFO: Unknown request URI: /message?device=sdk_gphone64_x86_64%20-%2016%20-%20API%2036&app=com.anonymous.ecofit&clientid=DevLauncherBridgelessDevSupportManager
Nov 04, 2025 11:52:49 PM io.gapi.emulators.netty.NotFoundHandler handleRequest
INFO: Unknown request URI: /message?device=sdk_gphone64_x86_64%20-%2016%20-%20API%2036&app=com.anonymous.ecofit&clientid=DevLauncherBridgelessDevSupportManager
Nov 04, 2025 11:52:51 PM io.gapi.emulators.netty.NotFoundHandler handleRequest
INFO: Unknown request URI: /message?device=sdk_gphone64_x86_64%20-%2016%20-%20API%2036&app=com.anonymous.ecofit&clientid=DevLauncherBridgelessDevSupportManager
Nov 04, 2025 11:52:53 PM io.gapi.emulators.netty.NotFoundHandler handleRequest
INFO: Unknown request URI: /message?device=sdk_gphone64_x86_64%20-%2016%20-%20API%2036&app=com.anonymous.ecofit&clientid=DevLauncherBridgelessDevSupportManager
Nov 04, 2025 11:52:55 PM io.gapi.emulators.netty.NotFoundHandler handleRequest
INFO: Unknown request URI: /message?device=sdk_gphone64_x86_64%20-%2016%20-%20API%2036&app=com.anonymous.ecofit&clientid=DevLauncherBridgelessDevSupportManager
Nov 04, 2025 11:52:57 PM io.gapi.emulators.netty.NotFoundHandler handleRequest
INFO: Unknown request URI: /message?device=sdk_gphone64_x86_64%20-%2016%20-%20API%2036&app=com.anonymous.ecofit&clientid=DevLauncherBridgelessDevSupportManager
Nov 04, 2025 11:52:59 PM io.gapi.emulators.netty.NotFoundHandler handleRequest
INFO: Unknown request URI: /message?device=sdk_gphone64_x86_64%20-%2016%20-%20API%2036&app=com.anonymous.ecofit&clientid=DevLauncherBridgelessDevSupportManager
Nov 04, 2025 11:53:01 PM io.gapi.emulators.netty.NotFoundHandler handleRequest
INFO: Unknown request URI: /message?device=sdk_gphone64_x86_64%20-%2016%20-%20API%2036&app=com.anonymous.ecofit&clientid=DevLauncherBridgelessDevSupportManager
Nov 04, 2025 11:53:03 PM io.gapi.emulators.netty.NotFoundHandler handleRequest
INFO: Unknown request URI: /message?device=sdk_gphone64_x86_64%20-%2016%20-%20API%2036&app=com.anonymous.ecofit&clientid=DevLauncherBridgelessDevSupportManager
Nov 04, 2025 11:53:05 PM io.gapi.emulators.netty.NotFoundHandler handleRequest
INFO: Unknown request URI: /message?device=sdk_gphone64_x86_64%20-%2016%20-%20API%2036&app=com.anonymous.ecofit&clientid=DevLauncherBridgelessDevSupportManager
Nov 04, 2025 11:53:07 PM io.gapi.emulators.netty.NotFoundHandler handleRequest
INFO: Unknown request URI: /message?device=sdk_gphone64_x86_64%20-%2016%20-%20API%2036&app=com.anonymous.ecofit&clientid=DevLauncherBridgelessDevSupportManager
Nov 04, 2025 11:53:09 PM io.gapi.emulators.netty.NotFoundHandler handleRequest
INFO: Unknown request URI: /message?device=sdk_gphone64_x86_64%20-%2016%20-%20API%2036&app=com.anonymous.ecofit&clientid=DevLauncherBridgelessDevSupportManager
Nov 04, 2025 11:53:11 PM io.gapi.emulators.netty.NotFoundHandler handleRequest
INFO: Unknown request URI: /message?device=sdk_gphone64_x86_64%20-%2016%20-%20API%2036&app=com.anonymous.ecofit&clientid=DevLauncherBridgelessDevSupportManager
Nov 04, 2025 11:53:13 PM io.gapi.emulators.netty.NotFoundHandler handleRequest
INFO: Unknown request URI: /message?device=sdk_gphone64_x86_64%20-%2016%20-%20API%2036&app=com.anonymous.ecofit&clientid=DevLauncherBridgelessDevSupportManager
Nov 04, 2025 11:53:15 PM io.gapi.emulators.netty.NotFoundHandler handleRequest
INFO: Unknown request URI: /message?device=sdk_gphone64_x86_64%20-%2016%20-%20API%2036&app=com.anonymous.ecofit&clientid=DevLauncherBridgelessDevSupportManager
Nov 04, 2025 11:53:17 PM io.gapi.emulators.netty.NotFoundHandler handleRequest
INFO: Unknown request URI: /message?device=sdk_gphone64_x86_64%20-%2016%20-%20API%2036&app=com.anonymous.ecofit&clientid=DevLauncherBridgelessDevSupportManager
Nov 04, 2025 11:53:19 PM io.gapi.emulators.netty.NotFoundHandler handleRequest
INFO: Unknown request URI: /message?device=sdk_gphone64_x86_64%20-%2016%20-%20API%2036&app=com.anonymous.ecofit&clientid=DevLauncherBridgelessDevSupportManager
Nov 04, 2025 11:53:21 PM io.gapi.emulators.netty.NotFoundHandler handleRequest
INFO: Unknown request URI: /message?device=sdk_gphone64_x86_64%20-%2016%20-%20API%2036&app=com.anonymous.ecofit&clientid=DevLauncherBridgelessDevSupportManager
Nov 04, 2025 11:53:23 PM io.gapi.emulators.netty.NotFoundHandler handleRequest
INFO: Unknown request URI: /message?device=sdk_gphone64_x86_64%20-%2016%20-%20API%2036&app=com.anonymous.ecofit&clientid=DevLauncherBridgelessDevSupportManager
Nov 04, 2025 11:53:25 PM io.gapi.emulators.netty.NotFoundHandler handleRequest
INFO: Unknown request URI: /message?device=sdk_gphone64_x86_64%20-%2016%20-%20API%2036&app=com.anonymous.ecofit&clientid=DevLauncherBridgelessDevSupportManager
Nov 04, 2025 11:53:27 PM io.gapi.emulators.netty.NotFoundHandler handleRequest
INFO: Unknown request URI: /message?device=sdk_gphone64_x86_64%20-%2016%20-%20API%2036&app=com.anonymous.ecofit&clientid=DevLauncherBridgelessDevSupportManager
Nov 04, 2025 11:53:29 PM io.gapi.emulators.netty.NotFoundHandler handleRequest
INFO: Unknown request URI: /message?device=sdk_gphone64_x86_64%20-%2016%20-%20API%2036&app=com.anonymous.ecofit&clientid=DevLauncherBridgelessDevSupportManager
Nov 04, 2025 11:53:31 PM io.gapi.emulators.netty.NotFoundHandler handleRequest
INFO: Unknown request URI: /message?device=sdk_gphone64_x86_64%20-%2016%20-%20API%2036&app=com.anonymous.ecofit&clientid=DevLauncherBridgelessDevSupportManager
Nov 04, 2025 11:53:33 PM io.gapi.emulators.netty.NotFoundHandler handleRequest
INFO: Unknown request URI: /message?device=sdk_gphone64_x86_64%20-%2016%20-%20API%2036&app=com.anonymous.ecofit&clientid=DevLauncherBridgelessDevSupportManager
Nov 04, 2025 11:53:35 PM io.gapi.emulators.netty.NotFoundHandler handleRequest
INFO: Unknown request URI: /message?device=sdk_gphone64_x86_64%20-%2016%20-%20API%2036&app=com.anonymous.ecofit&clientid=DevLauncherBridgelessDevSupportManager
Nov 04, 2025 11:53:37 PM io.gapi.emulators.netty.NotFoundHandler handleRequest
INFO: Unknown request URI: /message?device=sdk_gphone64_x86_64%20-%2016%20-%20API%2036&app=com.anonymous.ecofit&clientid=DevLauncherBridgelessDevSupportManager
Nov 04, 2025 11:53:39 PM io.gapi.emulators.netty.NotFoundHandler handleRequest
INFO: Unknown request URI: /message?device=sdk_gphone64_x86_64%20-%2016%20-%20API%2036&app=com.anonymous.ecofit&clientid=DevLauncherBridgelessDevSupportManager
Nov 04, 2025 11:53:41 PM io.gapi.emulators.netty.NotFoundHandler handleRequest
INFO: Unknown request URI: /message?device=sdk_gphone64_x86_64%20-%2016%20-%20API%2036&app=com.anonymous.ecofit&clientid=DevLauncherBridgelessDevSupportManager
Nov 04, 2025 11:53:43 PM io.gapi.emulators.netty.NotFoundHandler handleRequest
INFO: Unknown request URI: /message?device=sdk_gphone64_x86_64%20-%2016%20-%20API%2036&app=com.anonymous.ecofit&clientid=DevLauncherBridgelessDevSupportManager
Nov 04, 2025 11:53:45 PM io.gapi.emulators.netty.NotFoundHandler handleRequest
INFO: Unknown request URI: /message?device=sdk_gphone64_x86_64%20-%2016%20-%20API%2036&app=com.anonymous.ecofit&clientid=DevLauncherBridgelessDevSupportManager
Nov 04, 2025 11:53:47 PM io.gapi.emulators.netty.NotFoundHandler handleRequest
INFO: Unknown request URI: /message?device=sdk_gphone64_x86_64%20-%2016%20-%20API%2036&app=com.anonymous.ecofit&clientid=DevLauncherBridgelessDevSupportManager
Nov 04, 2025 11:53:49 PM io.gapi.emulators.netty.NotFoundHandler handleRequest
INFO: Unknown request URI: /message?device=sdk_gphone64_x86_64%20-%2016%20-%20API%2036&app=com.anonymous.ecofit&clientid=DevLauncherBridgelessDevSupportManager
Nov 04, 2025 11:53:51 PM io.gapi.emulators.netty.NotFoundHandler handleRequest
INFO: Unknown request URI: /message?device=sdk_gphone64_x86_64%20-%2016%20-%20API%2036&app=com.anonymous.ecofit&clientid=DevLauncherBridgelessDevSupportManager
Nov 04, 2025 11:53:53 PM io.gapi.emulators.netty.NotFoundHandler handleRequest
INFO: Unknown request URI: /message?device=sdk_gphone64_x86_64%20-%2016%20-%20API%2036&app=com.anonymous.ecofit&clientid=DevLauncherBridgelessDevSupportManager
Nov 04, 2025 11:53:55 PM io.gapi.emulators.netty.NotFoundHandler handleRequest
INFO: Unknown request URI: /message?device=sdk_gphone64_x86_64%20-%2016%20-%20API%2036&app=com.anonymous.ecofit&clientid=DevLauncherBridgelessDevSupportManager
Nov 04, 2025 11:53:57 PM io.gapi.emulators.netty.NotFoundHandler handleRequest
INFO: Unknown request URI: /message?device=sdk_gphone64_x86_64%20-%2016%20-%20API%2036&app=com.anonymous.ecofit&clientid=DevLauncherBridgelessDevSupportManager
Nov 04, 2025 11:53:59 PM io.gapi.emulators.netty.NotFoundHandler handleRequest
INFO: Unknown request URI: /message?device=sdk_gphone64_x86_64%20-%2016%20-%20API%2036&app=com.anonymous.ecofit&clientid=DevLauncherBridgelessDevSupportManager
Nov 04, 2025 11:54:01 PM io.gapi.emulators.netty.NotFoundHandler handleRequest
INFO: Unknown request URI: /message?device=sdk_gphone64_x86_64%20-%2016%20-%20API%2036&app=com.anonymous.ecofit&clientid=DevLauncherBridgelessDevSupportManager
Nov 04, 2025 11:54:03 PM io.gapi.emulators.netty.NotFoundHandler handleRequest
INFO: Unknown request URI: /message?device=sdk_gphone64_x86_64%20-%2016%20-%20API%2036&app=com.anonymous.ecofit&clientid=DevLauncherBridgelessDevSupportManager
Nov 04, 2025 11:54:05 PM io.gapi.emulators.netty.NotFoundHandler handleRequest
INFO: Unknown request URI: /message?device=sdk_gphone64_x86_64%20-%2016%20-%20API%2036&app=com.anonymous.ecofit&clientid=DevLauncherBridgelessDevSupportManager
Nov 04, 2025 11:54:07 PM io.gapi.emulators.netty.NotFoundHandler handleRequest
INFO: Unknown request URI: /message?device=sdk_gphone64_x86_64%20-%2016%20-%20API%2036&app=com.anonymous.ecofit&clientid=DevLauncherBridgelessDevSupportManager
Nov 04, 2025 11:54:09 PM io.gapi.emulators.netty.NotFoundHandler handleRequest
INFO: Unknown request URI: /message?device=sdk_gphone64_x86_64%20-%2016%20-%20API%2036&app=com.anonymous.ecofit&clientid=DevLauncherBridgelessDevSupportManager
Nov 04, 2025 11:54:11 PM io.gapi.emulators.netty.NotFoundHandler handleRequest
INFO: Unknown request URI: /message?device=sdk_gphone64_x86_64%20-%2016%20-%20API%2036&app=com.anonymous.ecofit&clientid=DevLauncherBridgelessDevSupportManager
Nov 04, 2025 11:54:13 PM io.gapi.emulators.netty.NotFoundHandler handleRequest
INFO: Unknown request URI: /message?device=sdk_gphone64_x86_64%20-%2016%20-%20API%2036&app=com.anonymous.ecofit&clientid=DevLauncherBridgelessDevSupportManager
Nov 04, 2025 11:54:15 PM io.gapi.emulators.netty.NotFoundHandler handleRequest
INFO: Unknown request URI: /message?device=sdk_gphone64_x86_64%20-%2016%20-%20API%2036&app=com.anonymous.ecofit&clientid=DevLauncherBridgelessDevSupportManager
Nov 04, 2025 11:54:17 PM io.gapi.emulators.netty.NotFoundHandler handleRequest
INFO: Unknown request URI: /message?device=sdk_gphone64_x86_64%20-%2016%20-%20API%2036&app=com.anonymous.ecofit&clientid=DevLauncherBridgelessDevSupportManager
Nov 04, 2025 11:54:19 PM io.gapi.emulators.netty.NotFoundHandler handleRequest
INFO: Unknown request URI: /message?device=sdk_gphone64_x86_64%20-%2016%20-%20API%2036&app=com.anonymous.ecofit&clientid=DevLauncherBridgelessDevSupportManager
Nov 04, 2025 11:54:21 PM io.gapi.emulators.netty.NotFoundHandler handleRequest
INFO: Unknown request URI: /message?device=sdk_gphone64_x86_64%20-%2016%20-%20API%2036&app=com.anonymous.ecofit&clientid=DevLauncherBridgelessDevSupportManager
Nov 04, 2025 11:54:23 PM io.gapi.emulators.netty.NotFoundHandler handleRequest
INFO: Unknown request URI: /message?device=sdk_gphone64_x86_64%20-%2016%20-%20API%2036&app=com.anonymous.ecofit&clientid=DevLauncherBridgelessDevSupportManager
Nov 04, 2025 11:54:25 PM io.gapi.emulators.netty.NotFoundHandler handleRequest
INFO: Unknown request URI: /message?device=sdk_gphone64_x86_64%20-%2016%20-%20API%2036&app=com.anonymous.ecofit&clientid=DevLauncherBridgelessDevSupportManager
Nov 04, 2025 11:54:27 PM io.gapi.emulators.netty.NotFoundHandler handleRequest
INFO: Unknown request URI: /message?device=sdk_gphone64_x86_64%20-%2016%20-%20API%2036&app=com.anonymous.ecofit&clientid=DevLauncherBridgelessDevSupportManager
Nov 04, 2025 11:54:29 PM io.gapi.emulators.netty.NotFoundHandler handleRequest
INFO: Unknown request URI: /message?device=sdk_gphone64_x86_64%20-%2016%20-%20API%2036&app=com.anonymous.ecofit&clientid=DevLauncherBridgelessDevSupportManager
Nov 04, 2025 11:54:31 PM io.gapi.emulators.netty.NotFoundHandler handleRequest
INFO: Unknown request URI: /message?device=sdk_gphone64_x86_64%20-%2016%20-%20API%2036&app=com.anonymous.ecofit&clientid=DevLauncherBridgelessDevSupportManager
Nov 04, 2025 11:54:33 PM io.gapi.emulators.netty.NotFoundHandler handleRequest
INFO: Unknown request URI: /message?device=sdk_gphone64_x86_64%20-%2016%20-%20API%2036&app=com.anonymous.ecofit&clientid=DevLauncherBridgelessDevSupportManager
Nov 04, 2025 11:54:35 PM io.gapi.emulators.netty.NotFoundHandler handleRequest
INFO: Unknown request URI: /message?device=sdk_gphone64_x86_64%20-%2016%20-%20API%2036&app=com.anonymous.ecofit&clientid=DevLauncherBridgelessDevSupportManager
Nov 04, 2025 11:54:37 PM io.gapi.emulators.netty.NotFoundHandler handleRequest
INFO: Unknown request URI: /message?device=sdk_gphone64_x86_64%20-%2016%20-%20API%2036&app=com.anonymous.ecofit&clientid=DevLauncherBridgelessDevSupportManager
Nov 04, 2025 11:54:39 PM io.gapi.emulators.netty.NotFoundHandler handleRequest
INFO: Unknown request URI: /message?device=sdk_gphone64_x86_64%20-%2016%20-%20API%2036&app=com.anonymous.ecofit&clientid=DevLauncherBridgelessDevSupportManager
Nov 04, 2025 11:54:41 PM io.gapi.emulators.netty.NotFoundHandler handleRequest
INFO: Unknown request URI: /message?device=sdk_gphone64_x86_64%20-%2016%20-%20API%2036&app=com.anonymous.ecofit&clientid=DevLauncherBridgelessDevSupportManager
Nov 04, 2025 11:54:43 PM io.gapi.emulators.netty.NotFoundHandler handleRequest
INFO: Unknown request URI: /message?device=sdk_gphone64_x86_64%20-%2016%20-%20API%2036&app=com.anonymous.ecofit&clientid=DevLauncherBridgelessDevSupportManager
Nov 04, 2025 11:54:45 PM io.gapi.emulators.netty.NotFoundHandler handleRequest
INFO: Unknown request URI: /message?device=sdk_gphone64_x86_64%20-%2016%20-%20API%2036&app=com.anonymous.ecofit&clientid=DevLauncherBridgelessDevSupportManager
Nov 04, 2025 11:54:47 PM io.gapi.emulators.netty.NotFoundHandler handleRequest
INFO: Unknown request URI: /message?device=sdk_gphone64_x86_64%20-%2016%20-%20API%2036&app=com.anonymous.ecofit&clientid=DevLauncherBridgelessDevSupportManager
Nov 04, 2025 11:54:49 PM io.gapi.emulators.netty.NotFoundHandler handleRequest
INFO: Unknown request URI: /message?device=sdk_gphone64_x86_64%20-%2016%20-%20API%2036&app=com.anonymous.ecofit&clientid=DevLauncherBridgelessDevSupportManager
Nov 04, 2025 11:54:51 PM io.gapi.emulators.netty.NotFoundHandler handleRequest
INFO: Unknown request URI: /message?device=sdk_gphone64_x86_64%20-%2016%20-%20API%2036&app=com.anonymous.ecofit&clientid=DevLauncherBridgelessDevSupportManager
Nov 04, 2025 11:54:53 PM io.gapi.emulators.netty.NotFoundHandler handleRequest
INFO: Unknown request URI: /message?device=sdk_gphone64_x86_64%20-%2016%20-%20API%2036&app=com.anonymous.ecofit&clientid=DevLauncherBridgelessDevSupportManager
Nov 04, 2025 11:54:55 PM io.gapi.emulators.netty.NotFoundHandler handleRequest
INFO: Unknown request URI: /message?device=sdk_gphone64_x86_64%20-%2016%20-%20API%2036&app=com.anonymous.ecofit&clientid=DevLauncherBridgelessDevSupportManager
Nov 04, 2025 11:54:57 PM io.gapi.emulators.netty.NotFoundHandler handleRequest
INFO: Unknown request URI: /message?device=sdk_gphone64_x86_64%20-%2016%20-%20API%2036&app=com.anonymous.ecofit&clientid=DevLauncherBridgelessDevSupportManager
Nov 04, 2025 11:54:59 PM io.gapi.emulators.netty.NotFoundHandler handleRequest
INFO: Unknown request URI: /message?device=sdk_gphone64_x86_64%20-%2016%20-%20API%2036&app=com.anonymous.ecofit&clientid=DevLauncherBridgelessDevSupportManager
Nov 04, 2025 11:55:01 PM io.gapi.emulators.netty.NotFoundHandler handleRequest
INFO: Unknown request URI: /message?device=sdk_gphone64_x86_64%20-%2016%20-%20API%2036&app=com.anonymous.ecofit&clientid=DevLauncherBridgelessDevSupportManager
Nov 04, 2025 11:55:03 PM io.gapi.emulators.netty.NotFoundHandler handleRequest
INFO: Unknown request URI: /message?device=sdk_gphone64_x86_64%20-%2016%20-%20API%2036&app=com.anonymous.ecofit&clientid=DevLauncherBridgelessDevSupportManager
Nov 04, 2025 11:55:05 PM io.gapi.emulators.netty.NotFoundHandler handleRequest
INFO: Unknown request URI: /message?device=sdk_gphone64_x86_64%20-%2016%20-%20API%2036&app=com.anonymous.ecofit&clientid=DevLauncherBridgelessDevSupportManager
Nov 04, 2025 11:55:07 PM io.gapi.emulators.netty.NotFoundHandler handleRequest
INFO: Unknown request URI: /message?device=sdk_gphone64_x86_64%20-%2016%20-%20API%2036&app=com.anonymous.ecofit&clientid=DevLauncherBridgelessDevSupportManager
Nov 04, 2025 11:55:09 PM io.gapi.emulators.netty.NotFoundHandler handleRequest
INFO: Unknown request URI: /message?device=sdk_gphone64_x86_64%20-%2016%20-%20API%2036&app=com.anonymous.ecofit&clientid=DevLauncherBridgelessDevSupportManager
Nov 04, 2025 11:55:11 PM io.gapi.emulators.netty.NotFoundHandler handleRequest
INFO: Unknown request URI: /message?device=sdk_gphone64_x86_64%20-%2016%20-%20API%2036&app=com.anonymous.ecofit&clientid=DevLauncherBridgelessDevSupportManager
Nov 04, 2025 11:55:13 PM io.gapi.emulators.netty.NotFoundHandler handleRequest
INFO: Unknown request URI: /message?device=sdk_gphone64_x86_64%20-%2016%20-%20API%2036&app=com.anonymous.ecofit&clientid=DevLauncherBridgelessDevSupportManager
Nov 04, 2025 11:55:15 PM io.gapi.emulators.netty.NotFoundHandler handleRequest
INFO: Unknown request URI: /message?device=sdk_gphone64_x86_64%20-%2016%20-%20API%2036&app=com.anonymous.ecofit&clientid=DevLauncherBridgelessDevSupportManager
Nov 04, 2025 11:55:17 PM io.gapi.emulators.netty.NotFoundHandler handleRequest
INFO: Unknown request URI: /message?device=sdk_gphone64_x86_64%20-%2016%20-%20API%2036&app=com.anonymous.ecofit&clientid=DevLauncherBridgelessDevSupportManager
Nov 04, 2025 11:55:19 PM io.gapi.emulators.netty.NotFoundHandler handleRequest
INFO: Unknown request URI: /message?device=sdk_gphone64_x86_64%20-%2016%20-%20API%2036&app=com.anonymous.ecofit&clientid=DevLauncherBridgelessDevSupportManager
Nov 04, 2025 11:55:21 PM io.gapi.emulators.netty.NotFoundHandler handleRequest
INFO: Unknown request URI: /message?device=sdk_gphone64_x86_64%20-%2016%20-%20API%2036&app=com.anonymous.ecofit&clientid=DevLauncherBridgelessDevSupportManager
Nov 04, 2025 11:55:23 PM io.gapi.emulators.netty.NotFoundHandler handleRequest
INFO: Unknown request URI: /message?device=sdk_gphone64_x86_64%20-%2016%20-%20API%2036&app=com.anonymous.ecofit&clientid=DevLauncherBridgelessDevSupportManager
Nov 04, 2025 11:55:25 PM io.gapi.emulators.netty.NotFoundHandler handleRequest
INFO: Unknown request URI: /message?device=sdk_gphone64_x86_64%20-%2016%20-%20API%2036&app=com.anonymous.ecofit&clientid=DevLauncherBridgelessDevSupportManager
Nov 04, 2025 11:55:27 PM io.gapi.emulators.netty.NotFoundHandler handleRequest
INFO: Unknown request URI: /message?device=sdk_gphone64_x86_64%20-%2016%20-%20API%2036&app=com.anonymous.ecofit&clientid=DevLauncherBridgelessDevSupportManager
Nov 04, 2025 11:55:29 PM io.gapi.emulators.netty.NotFoundHandler handleRequest
INFO: Unknown request URI: /message?device=sdk_gphone64_x86_64%20-%2016%20-%20API%2036&app=com.anonymous.ecofit&clientid=DevLauncherBridgelessDevSupportManager
Nov 04, 2025 11:55:31 PM io.gapi.emulators.netty.NotFoundHandler handleRequest
INFO: Unknown request URI: /message?device=sdk_gphone64_x86_64%20-%2016%20-%20API%2036&app=com.anonymous.ecofit&clientid=DevLauncherBridgelessDevSupportManager
Nov 04, 2025 11:55:33 PM io.gapi.emulators.netty.NotFoundHandler handleRequest
INFO: Unknown request URI: /message?device=sdk_gphone64_x86_64%20-%2016%20-%20API%2036&app=com.anonymous.ecofit&clientid=DevLauncherBridgelessDevSupportManager
Nov 04, 2025 11:55:35 PM io.gapi.emulators.netty.NotFoundHandler handleRequest
INFO: Unknown request URI: /message?device=sdk_gphone64_x86_64%20-%2016%20-%20API%2036&app=com.anonymous.ecofit&clientid=DevLauncherBridgelessDevSupportManager
Nov 04, 2025 11:55:37 PM io.gapi.emulators.netty.NotFoundHandler handleRequest
INFO: Unknown request URI: /message?device=sdk_gphone64_x86_64%20-%2016%20-%20API%2036&app=com.anonymous.ecofit&clientid=DevLauncherBridgelessDevSupportManager
Nov 04, 2025 11:55:39 PM io.gapi.emulators.netty.NotFoundHandler handleRequest
INFO: Unknown request URI: /message?device=sdk_gphone64_x86_64%20-%2016%20-%20API%2036&app=com.anonymous.ecofit&clientid=DevLauncherBridgelessDevSupportManager
Nov 04, 2025 11:55:41 PM io.gapi.emulators.netty.NotFoundHandler handleRequest
INFO: Unknown request URI: /message?device=sdk_gphone64_x86_64%20-%2016%20-%20API%2036&app=com.anonymous.ecofit&clientid=DevLauncherBridgelessDevSupportManager
Nov 04, 2025 11:55:43 PM io.gapi.emulators.netty.NotFoundHandler handleRequest
INFO: Unknown request URI: /message?device=sdk_gphone64_x86_64%20-%2016%20-%20API%2036&app=com.anonymous.ecofit&clientid=DevLauncherBridgelessDevSupportManager
Nov 04, 2025 11:55:45 PM io.gapi.emulators.netty.NotFoundHandler handleRequest
INFO: Unknown request URI: /message?device=sdk_gphone64_x86_64%20-%2016%20-%20API%2036&app=com.anonymous.ecofit&clientid=DevLauncherBridgelessDevSupportManager
Nov 04, 2025 11:55:47 PM io.gapi.emulators.netty.NotFoundHandler handleRequest
INFO: Unknown request URI: /message?device=sdk_gphone64_x86_64%20-%2016%20-%20API%2036&app=com.anonymous.ecofit&clientid=DevLauncherBridgelessDevSupportManager
Nov 04, 2025 11:55:49 PM io.gapi.emulators.netty.NotFoundHandler handleRequest
INFO: Unknown request URI: /message?device=sdk_gphone64_x86_64%20-%2016%20-%20API%2036&app=com.anonymous.ecofit&clientid=DevLauncherBridgelessDevSupportManager
Nov 04, 2025 11:55:51 PM io.gapi.emulators.netty.NotFoundHandler handleRequest
INFO: Unknown request URI: /message?device=sdk_gphone64_x86_64%20-%2016%20-%20API%2036&app=com.anonymous.ecofit&clientid=DevLauncherBridgelessDevSupportManager
Nov 04, 2025 11:55:53 PM io.gapi.emulators.netty.NotFoundHandler handleRequest
INFO: Unknown request URI: /message?device=sdk_gphone64_x86_64%20-%2016%20-%20API%2036&app=com.anonymous.ecofit&clientid=DevLauncherBridgelessDevSupportManager
Nov 04, 2025 11:55:55 PM io.gapi.emulators.netty.NotFoundHandler handleRequest
INFO: Unknown request URI: /message?device=sdk_gphone64_x86_64%20-%2016%20-%20API%2036&app=com.anonymous.ecofit&clientid=DevLauncherBridgelessDevSupportManager
Nov 04, 2025 11:55:57 PM io.gapi.emulators.netty.NotFoundHandler handleRequest
INFO: Unknown request URI: /message?device=sdk_gphone64_x86_64%20-%2016%20-%20API%2036&app=com.anonymous.ecofit&clientid=DevLauncherBridgelessDevSupportManager
Nov 04, 2025 11:55:59 PM io.gapi.emulators.netty.NotFoundHandler handleRequest
INFO: Unknown request URI: /message?device=sdk_gphone64_x86_64%20-%2016%20-%20API%2036&app=com.anonymous.ecofit&clientid=DevLauncherBridgelessDevSupportManager
Nov 04, 2025 11:56:01 PM io.gapi.emulators.netty.NotFoundHandler handleRequest
INFO: Unknown request URI: /message?device=sdk_gphone64_x86_64%20-%2016%20-%20API%2036&app=com.anonymous.ecofit&clientid=DevLauncherBridgelessDevSupportManager
Nov 04, 2025 11:56:03 PM io.gapi.emulators.netty.NotFoundHandler handleRequest
INFO: Unknown request URI: /message?device=sdk_gphone64_x86_64%20-%2016%20-%20API%2036&app=com.anonymous.ecofit&clientid=DevLauncherBridgelessDevSupportManager
Nov 04, 2025 11:56:05 PM io.gapi.emulators.netty.NotFoundHandler handleRequest
INFO: Unknown request URI: /message?device=sdk_gphone64_x86_64%20-%2016%20-%20API%2036&app=com.anonymous.ecofit&clientid=DevLauncherBridgelessDevSupportManager
Nov 04, 2025 11:56:07 PM io.gapi.emulators.netty.NotFoundHandler handleRequest
INFO: Unknown request URI: /message?device=sdk_gphone64_x86_64%20-%2016%20-%20API%2036&app=com.anonymous.ecofit&clientid=DevLauncherBridgelessDevSupportManager
Nov 04, 2025 11:56:09 PM io.gapi.emulators.netty.NotFoundHandler handleRequest
INFO: Unknown request URI: /message?device=sdk_gphone64_x86_64%20-%2016%20-%20API%2036&app=com.anonymous.ecofit&clientid=DevLauncherBridgelessDevSupportManager
Nov 04, 2025 11:56:11 PM io.gapi.emulators.netty.NotFoundHandler handleRequest
INFO: Unknown request URI: /message?device=sdk_gphone64_x86_64%20-%2016%20-%20API%2036&app=com.anonymous.ecofit&clientid=DevLauncherBridgelessDevSupportManager
Nov 04, 2025 11:56:13 PM io.gapi.emulators.netty.NotFoundHandler handleRequest
INFO: Unknown request URI: /message?device=sdk_gphone64_x86_64%20-%2016%20-%20API%2036&app=com.anonymous.ecofit&clientid=DevLauncherBridgelessDevSupportManager
Nov 04, 2025 11:56:15 PM io.gapi.emulators.netty.NotFoundHandler handleRequest
INFO: Unknown request URI: /message?device=sdk_gphone64_x86_64%20-%2016%20-%20API%2036&app=com.anonymous.ecofit&clientid=DevLauncherBridgelessDevSupportManager
Nov 04, 2025 11:56:17 PM io.gapi.emulators.netty.NotFoundHandler handleRequest
INFO: Unknown request URI: /message?device=sdk_gphone64_x86_64%20-%2016%20-%20API%2036&app=com.anonymous.ecofit&clientid=DevLauncherBridgelessDevSupportManager
Nov 04, 2025 11:56:19 PM io.gapi.emulators.netty.NotFoundHandler handleRequest
INFO: Unknown request URI: /message?device=sdk_gphone64_x86_64%20-%2016%20-%20API%2036&app=com.anonymous.ecofit&clientid=DevLauncherBridgelessDevSupportManager
Nov 04, 2025 11:56:21 PM io.gapi.emulators.netty.NotFoundHandler handleRequest
INFO: Unknown request URI: /message?device=sdk_gphone64_x86_64%20-%2016%20-%20API%2036&app=com.anonymous.ecofit&clientid=DevLauncherBridgelessDevSupportManager
Nov 04, 2025 11:56:23 PM io.gapi.emulators.netty.NotFoundHandler handleRequest
INFO: Unknown request URI: /message?device=sdk_gphone64_x86_64%20-%2016%20-%20API%2036&app=com.anonymous.ecofit&clientid=DevLauncherBridgelessDevSupportManager
Nov 04, 2025 11:56:25 PM io.gapi.emulators.netty.NotFoundHandler handleRequest
INFO: Unknown request URI: /message?device=sdk_gphone64_x86_64%20-%2016%20-%20API%2036&app=com.anonymous.ecofit&clientid=DevLauncherBridgelessDevSupportManager
Nov 04, 2025 11:56:27 PM io.gapi.emulators.netty.NotFoundHandler handleRequest
INFO: Unknown request URI: /message?device=sdk_gphone64_x86_64%20-%2016%20-%20API%2036&app=com.anonymous.ecofit&clientid=DevLauncherBridgelessDevSupportManager
Nov 04, 2025 11:56:29 PM io.gapi.emulators.netty.NotFoundHandler handleRequest
INFO: Unknown request URI: /message?device=sdk_gphone64_x86_64%20-%2016%20-%20API%2036&app=com.anonymous.ecofit&clientid=DevLauncherBridgelessDevSupportManager
Nov 04, 2025 11:56:31 PM io.gapi.emulators.netty.NotFoundHandler handleRequest
INFO: Unknown request URI: /message?device=sdk_gphone64_x86_64%20-%2016%20-%20API%2036&app=com.anonymous.ecofit&clientid=DevLauncherBridgelessDevSupportManager
Nov 04, 2025 11:56:33 PM io.gapi.emulators.netty.NotFoundHandler handleRequest
INFO: Unknown request URI: /message?device=sdk_gphone64_x86_64%20-%2016%20-%20API%2036&app=com.anonymous.ecofit&clientid=DevLauncherBridgelessDevSupportManager
Nov 04, 2025 11:56:35 PM io.gapi.emulators.netty.NotFoundHandler handleRequest
INFO: Unknown request URI: /message?device=sdk_gphone64_x86_64%20-%2016%20-%20API%2036&app=com.anonymous.ecofit&clientid=DevLauncherBridgelessDevSupportManager
Nov 04, 2025 11:56:37 PM io.gapi.emulators.netty.NotFoundHandler handleRequest
INFO: Unknown request URI: /message?device=sdk_gphone64_x86_64%20-%2016%20-%20API%2036&app=com.anonymous.ecofit&clientid=DevLauncherBridgelessDevSupportManager
Nov 04, 2025 11:56:39 PM io.gapi.emulators.netty.NotFoundHandler handleRequest
INFO: Unknown request URI: /message?device=sdk_gphone64_x86_64%20-%2016%20-%20API%2036&app=com.anonymous.ecofit&clientid=DevLauncherBridgelessDevSupportManager
Nov 04, 2025 11:56:41 PM io.gapi.emulators.netty.NotFoundHandler handleRequest
INFO: Unknown request URI: /message?device=sdk_gphone64_x86_64%20-%2016%20-%20API%2036&app=com.anonymous.ecofit&clientid=DevLauncherBridgelessDevSupportManager
Nov 04, 2025 11:56:43 PM io.gapi.emulators.netty.NotFoundHandler handleRequest
INFO: Unknown request URI: /message?device=sdk_gphone64_x86_64%20-%2016%20-%20API%2036&app=com.anonymous.ecofit&clientid=DevLauncherBridgelessDevSupportManager
Nov 04, 2025 11:56:45 PM io.gapi.emulators.netty.NotFoundHandler handleRequest
INFO: Unknown request URI: /message?device=sdk_gphone64_x86_64%20-%2016%20-%20API%2036&app=com.anonymous.ecofit&clientid=DevLauncherBridgelessDevSupportManager
Nov 04, 2025 11:56:47 PM io.gapi.emulators.netty.NotFoundHandler handleRequest
INFO: Unknown request URI: /message?device=sdk_gphone64_x86_64%20-%2016%20-%20API%2036&app=com.anonymous.ecofit&clientid=DevLauncherBridgelessDevSupportManager
Nov 04, 2025 11:56:49 PM io.gapi.emulators.netty.NotFoundHandler handleRequest
INFO: Unknown request URI: /message?device=sdk_gphone64_x86_64%20-%2016%20-%20API%2036&app=com.anonymous.ecofit&clientid=DevLauncherBridgelessDevSupportManager
Nov 04, 2025 11:56:51 PM io.gapi.emulators.netty.NotFoundHandler handleRequest
INFO: Unknown request URI: /message?device=sdk_gphone64_x86_64%20-%2016%20-%20API%2036&app=com.anonymous.ecofit&clientid=DevLauncherBridgelessDevSupportManager
Nov 04, 2025 11:56:53 PM io.gapi.emulators.netty.NotFoundHandler handleRequest
INFO: Unknown request URI: /message?device=sdk_gphone64_x86_64%20-%2016%20-%20API%2036&app=com.anonymous.ecofit&clientid=DevLauncherBridgelessDevSupportManager
Nov 04, 2025 11:56:55 PM io.gapi.emulators.netty.NotFoundHandler handleRequest
INFO: Unknown request URI: /message?device=sdk_gphone64_x86_64%20-%2016%20-%20API%2036&app=com.anonymous.ecofit&clientid=DevLauncherBridgelessDevSupportManager
Nov 04, 2025 11:56:57 PM io.gapi.emulators.netty.NotFoundHandler handleRequest
INFO: Unknown request URI: /message?device=sdk_gphone64_x86_64%20-%2016%20-%20API%2036&app=com.anonymous.ecofit&clientid=DevLauncherBridgelessDevSupportManager
Nov 04, 2025 11:56:59 PM io.gapi.emulators.netty.NotFoundHandler handleRequest
INFO: Unknown request URI: /message?device=sdk_gphone64_x86_64%20-%2016%20-%20API%2036&app=com.anonymous.ecofit&clientid=DevLauncherBridgelessDevSupportManager
Nov 04, 2025 11:57:01 PM io.gapi.emulators.netty.NotFoundHandler handleRequest
INFO: Unknown request URI: /message?device=sdk_gphone64_x86_64%20-%2016%20-%20API%2036&app=com.anonymous.ecofit&clientid=DevLauncherBridgelessDevSupportManager
Nov 04, 2025 11:57:03 PM io.gapi.emulators.netty.NotFoundHandler handleRequest
INFO: Unknown request URI: /message?device=sdk_gphone64_x86_64%20-%2016%20-%20API%2036&app=com.anonymous.ecofit&clientid=DevLauncherBridgelessDevSupportManager
Nov 04, 2025 11:57:05 PM io.gapi.emulators.netty.NotFoundHandler handleRequest
INFO: Unknown request URI: /message?device=sdk_gphone64_x86_64%20-%2016%20-%20API%2036&app=com.anonymous.ecofit&clientid=DevLauncherBridgelessDevSupportManager
Nov 04, 2025 11:57:07 PM io.gapi.emulators.netty.NotFoundHandler handleRequest
INFO: Unknown request URI: /message?device=sdk_gphone64_x86_64%20-%2016%20-%20API%2036&app=com.anonymous.ecofit&clientid=DevLauncherBridgelessDevSupportManager
Nov 04, 2025 11:57:09 PM io.gapi.emulators.netty.NotFoundHandler handleRequest
INFO: Unknown request URI: /message?device=sdk_gphone64_x86_64%20-%2016%20-%20API%2036&app=com.anonymous.ecofit&clientid=DevLauncherBridgelessDevSupportManager
Nov 04, 2025 11:57:11 PM io.gapi.emulators.netty.NotFoundHandler handleRequest
INFO: Unknown request URI: /message?device=sdk_gphone64_x86_64%20-%2016%20-%20API%2036&app=com.anonymous.ecofit&clientid=DevLauncherBridgelessDevSupportManager
Nov 04, 2025 11:57:13 PM io.gapi.emulators.netty.NotFoundHandler handleRequest
INFO: Unknown request URI: /message?device=sdk_gphone64_x86_64%20-%2016%20-%20API%2036&app=com.anonymous.ecofit&clientid=DevLauncherBridgelessDevSupportManager
Nov 04, 2025 11:57:15 PM io.gapi.emulators.netty.NotFoundHandler handleRequest
INFO: Unknown request URI: /message?device=sdk_gphone64_x86_64%20-%2016%20-%20API%2036&app=com.anonymous.ecofit&clientid=DevLauncherBridgelessDevSupportManager
Nov 04, 2025 11:57:17 PM io.gapi.emulators.netty.NotFoundHandler handleRequest
INFO: Unknown request URI: /message?device=sdk_gphone64_x86_64%20-%2016%20-%20API%2036&app=com.anonymous.ecofit&clientid=DevLauncherBridgelessDevSupportManager
Nov 04, 2025 11:57:19 PM io.gapi.emulators.netty.NotFoundHandler handleRequest
INFO: Unknown request URI: /message?device=sdk_gphone64_x86_64%20-%2016%20-%20API%2036&app=com.anonymous.ecofit&clientid=DevLauncherBridgelessDevSupportManager
Nov 04, 2025 11:57:21 PM io.gapi.emulators.netty.NotFoundHandler handleRequest
INFO: Unknown request URI: /message?device=sdk_gphone64_x86_64%20-%2016%20-%20API%2036&app=com.anonymous.ecofit&clientid=DevLauncherBridgelessDevSupportManager
Nov 04, 2025 11:57:23 PM io.gapi.emulators.netty.NotFoundHandler handleRequest
INFO: Unknown request URI: /message?device=sdk_gphone64_x86_64%20-%2016%20-%20API%2036&app=com.anonymous.ecofit&clientid=DevLauncherBridgelessDevSupportManager
Nov 04, 2025 11:57:25 PM io.gapi.emulators.netty.NotFoundHandler handleRequest
INFO: Unknown request URI: /message?device=sdk_gphone64_x86_64%20-%2016%20-%20API%2036&app=com.anonymous.ecofit&clientid=DevLauncherBridgelessDevSupportManager
Nov 04, 2025 11:57:27 PM io.gapi.emulators.netty.NotFoundHandler handleRequest
INFO: Unknown request URI: /message?device=sdk_gphone64_x86_64%20-%2016%20-%20API%2036&app=com.anonymous.ecofit&clientid=DevLauncherBridgelessDevSupportManager
Nov 04, 2025 11:57:29 PM io.gapi.emulators.netty.NotFoundHandler handleRequest
INFO: Unknown request URI: /message?device=sdk_gphone64_x86_64%20-%2016%20-%20API%2036&app=com.anonymous.ecofit&clientid=DevLauncherBridgelessDevSupportManager
Nov 04, 2025 11:57:31 PM io.gapi.emulators.netty.NotFoundHandler handleRequest
INFO: Unknown request URI: /message?device=sdk_gphone64_x86_64%20-%2016%20-%20API%2036&app=com.anonymous.ecofit&clientid=DevLauncherBridgelessDevSupportManager
Nov 04, 2025 11:57:33 PM io.gapi.emulators.netty.NotFoundHandler handleRequest
INFO: Unknown request URI: /message?device=sdk_gphone64_x86_64%20-%2016%20-%20API%2036&app=com.anonymous.ecofit&clientid=DevLauncherBridgelessDevSupportManager
Nov 04, 2025 11:57:35 PM io.gapi.emulators.netty.NotFoundHandler handleRequest
INFO: Unknown request URI: /message?device=sdk_gphone64_x86_64%20-%2016%20-%20API%2036&app=com.anonymous.ecofit&clientid=DevLauncherBridgelessDevSupportManager
Nov 04, 2025 11:57:37 PM io.gapi.emulators.netty.NotFoundHandler handleRequest
INFO: Unknown request URI: /message?device=sdk_gphone64_x86_64%20-%2016%20-%20API%2036&app=com.anonymous.ecofit&clientid=DevLauncherBridgelessDevSupportManager
Nov 04, 2025 11:57:39 PM io.gapi.emulators.netty.NotFoundHandler handleRequest
INFO: Unknown request URI: /message?device=sdk_gphone64_x86_64%20-%2016%20-%20API%2036&app=com.anonymous.ecofit&clientid=DevLauncherBridgelessDevSupportManager
Nov 04, 2025 11:57:41 PM io.gapi.emulators.netty.NotFoundHandler handleRequest
INFO: Unknown request URI: /message?device=sdk_gphone64_x86_64%20-%2016%20-%20API%2036&app=com.anonymous.ecofit&clientid=DevLauncherBridgelessDevSupportManager
Nov 04, 2025 11:57:43 PM io.gapi.emulators.netty.NotFoundHandler handleRequest
INFO: Unknown request URI: /message?device=sdk_gphone64_x86_64%20-%2016%20-%20API%2036&app=com.anonymous.ecofit&clientid=DevLauncherBridgelessDevSupportManager
Nov 04, 2025 11:57:45 PM io.gapi.emulators.netty.NotFoundHandler handleRequest
INFO: Unknown request URI: /message?device=sdk_gphone64_x86_64%20-%2016%20-%20API%2036&app=com.anonymous.ecofit&clientid=DevLauncherBridgelessDevSupportManager
Nov 04, 2025 11:57:47 PM io.gapi.emulators.netty.NotFoundHandler handleRequest
INFO: Unknown request URI: /message?device=sdk_gphone64_x86_64%20-%2016%20-%20API%2036&app=com.anonymous.ecofit&clientid=DevLauncherBridgelessDevSupportManager
Nov 04, 2025 11:57:49 PM io.gapi.emulators.netty.NotFoundHandler handleRequest
INFO: Unknown request URI: /message?device=sdk_gphone64_x86_64%20-%2016%20-%20API%2036&app=com.anonymous.ecofit&clientid=DevLauncherBridgelessDevSupportManager
Nov 04, 2025 11:57:51 PM io.gapi.emulators.netty.NotFoundHandler handleRequest
INFO: Unknown request URI: /message?device=sdk_gphone64_x86_64%20-%2016%20-%20API%2036&app=com.anonymous.ecofit&clientid=DevLauncherBridgelessDevSupportManager
Nov 04, 2025 11:57:53 PM io.gapi.emulators.netty.NotFoundHandler handleRequest
INFO: Unknown request URI: /message?device=sdk_gphone64_x86_64%20-%2016%20-%20API%2036&app=com.anonymous.ecofit&clientid=DevLauncherBridgelessDevSupportManager
Nov 04, 2025 11:57:55 PM io.gapi.emulators.netty.NotFoundHandler handleRequest
INFO: Unknown request URI: /message?device=sdk_gphone64_x86_64%20-%2016%20-%20API%2036&app=com.anonymous.ecofit&clientid=DevLauncherBridgelessDevSupportManager
Nov 04, 2025 11:57:57 PM io.gapi.emulators.netty.NotFoundHandler handleRequest
INFO: Unknown request URI: /message?device=sdk_gphone64_x86_64%20-%2016%20-%20API%2036&app=com.anonymous.ecofit&clientid=DevLauncherBridgelessDevSupportManager
Nov 04, 2025 11:57:59 PM io.gapi.emulators.netty.NotFoundHandler handleRequest
INFO: Unknown request URI: /message?device=sdk_gphone64_x86_64%20-%2016%20-%20API%2036&app=com.anonymous.ecofit&clientid=DevLauncherBridgelessDevSupportManager
Nov 04, 2025 11:58:01 PM io.gapi.emulators.netty.NotFoundHandler handleRequest
INFO: Unknown request URI: /message?device=sdk_gphone64_x86_64%20-%2016%20-%20API%2036&app=com.anonymous.ecofit&clientid=DevLauncherBridgelessDevSupportManager
Nov 04, 2025 11:58:03 PM io.gapi.emulators.netty.NotFoundHandler handleRequest
INFO: Unknown request URI: /message?device=sdk_gphone64_x86_64%20-%2016%20-%20API%2036&app=com.anonymous.ecofit&clientid=DevLauncherBridgelessDevSupportManager
Nov 04, 2025 11:58:05 PM com.google.cloud.datastore.emulator.firestore.websocket.WebSocketChannelHandler channelClosed
INFO: Websocket client disconnected
Nov 04, 2025 11:58:05 PM io.gapi.emulators.netty.NotFoundHandler handleRequest
INFO: Unknown request URI: /message?device=sdk_gphone64_x86_64%20-%2016%20-%20API%2036&app=com.anonymous.ecofit&clientid=DevLauncherBridgelessDevSupportManager
Nov 04, 2025 11:58:05 PM com.google.cloud.datastore.emulator.firestore.websocket.WebSocketChannelHandler initChannel
INFO: Connected to new websocket client
Nov 04, 2025 11:58:07 PM com.google.cloud.datastore.emulator.firestore.websocket.WebSocketChannelHandler channelClosed
INFO: Websocket client disconnected
Nov 04, 2025 11:58:07 PM com.google.cloud.datastore.emulator.firestore.websocket.WebSocketChannelHandler initChannel
INFO: Connected to new websocket client
Nov 04, 2025 11:58:07 PM com.google.cloud.datastore.emulator.firestore.websocket.WebSocketChannelHandler channelClosed
INFO: Websocket client disconnected
Nov 04, 2025 11:58:07 PM com.google.cloud.datastore.emulator.firestore.websocket.WebSocketChannelHandler initChannel
INFO: Connected to new websocket client
Nov 04, 2025 11:58:07 PM io.gapi.emulators.netty.NotFoundHandler handleRequest
INFO: Unknown request URI: /message?device=sdk_gphone64_x86_64%20-%2016%20-%20API%2036&app=com.anonymous.ecofit&clientid=DevLauncherBridgelessDevSupportManager
Nov 04, 2025 11:58:07 PM com.google.cloud.datastore.emulator.firestore.websocket.WebSocketChannelHandler channelClosed
INFO: Websocket client disconnected
Nov 04, 2025 11:58:07 PM com.google.cloud.datastore.emulator.firestore.websocket.WebSocketChannelHandler initChannel
INFO: Connected to new websocket client
Nov 04, 2025 11:58:08 PM com.google.cloud.datastore.emulator.firestore.websocket.WebSocketChannelHandler channelClosed
INFO: Websocket client disconnected
Nov 04, 2025 11:58:08 PM com.google.cloud.datastore.emulator.firestore.websocket.WebSocketChannelHandler initChannel
INFO: Connected to new websocket client
Nov 04, 2025 11:58:08 PM com.google.cloud.datastore.emulator.firestore.websocket.WebSocketChannelHandler channelClosed
INFO: Websocket client disconnected
Nov 04, 2025 11:58:08 PM com.google.cloud.datastore.emulator.firestore.websocket.WebSocketChannelHandler initChannel
INFO: Connected to new websocket client
Nov 04, 2025 11:58:09 PM io.gapi.emulators.netty.NotFoundHandler handleRequest
INFO: Unknown request URI: /message?device=sdk_gphone64_x86_64%20-%2016%20-%20API%2036&app=com.anonymous.ecofit&clientid=DevLauncherBridgelessDevSupportManager
Nov 04, 2025 11:58:11 PM io.gapi.emulators.netty.NotFoundHandler handleRequest
INFO: Unknown request URI: /message?device=sdk_gphone64_x86_64%20-%2016%20-%20API%2036&app=com.anonymous.ecofit&clientid=DevLauncherBridgelessDevSupportManager
Nov 04, 2025 11:58:13 PM io.gapi.emulators.netty.NotFoundHandler handleRequest
INFO: Unknown request URI: /message?device=sdk_gphone64_x86_64%20-%2016%20-%20API%2036&app=com.anonymous.ecofit&clientid=DevLauncherBridgelessDevSupportManager
Nov 04, 2025 11:58:15 PM io.gapi.emulators.netty.NotFoundHandler handleRequest
INFO: Unknown request URI: /message?device=sdk_gphone64_x86_64%20-%2016%20-%20API%2036&app=com.anonymous.ecofit&clientid=DevLauncherBridgelessDevSupportManager
Nov 04, 2025 11:58:17 PM io.gapi.emulators.netty.NotFoundHandler handleRequest
INFO: Unknown request URI: /message?device=sdk_gphone64_x86_64%20-%2016%20-%20API%2036&app=com.anonymous.ecofit&clientid=DevLauncherBridgelessDevSupportManager
Nov 04, 2025 11:58:19 PM io.gapi.emulators.netty.NotFoundHandler handleRequest
INFO: Unknown request URI: /message?device=sdk_gphone64_x86_64%20-%2016%20-%20API%2036&app=com.anonymous.ecofit&clientid=DevLauncherBridgelessDevSupportManager
Nov 04, 2025 11:58:21 PM io.gapi.emulators.netty.NotFoundHandler handleRequest
INFO: Unknown request URI: /message?device=sdk_gphone64_x86_64%20-%2016%20-%20API%2036&app=com.anonymous.ecofit&clientid=DevLauncherBridgelessDevSupportManager
Nov 04, 2025 11:58:23 PM io.gapi.emulators.netty.NotFoundHandler handleRequest
INFO: Unknown request URI: /message?device=sdk_gphone64_x86_64%20-%2016%20-%20API%2036&app=com.anonymous.ecofit&clientid=DevLauncherBridgelessDevSupportManager
Nov 04, 2025 11:58:25 PM io.gapi.emulators.netty.NotFoundHandler handleRequest
INFO: Unknown request URI: /message?device=sdk_gphone64_x86_64%20-%2016%20-%20API%2036&app=com.anonymous.ecofit&clientid=DevLauncherBridgelessDevSupportManager
Nov 04, 2025 11:58:27 PM io.gapi.emulators.netty.NotFoundHandler handleRequest
INFO: Unknown request URI: /message?device=sdk_gphone64_x86_64%20-%2016%20-%20API%2036&app=com.anonymous.ecofit&clientid=DevLauncherBridgelessDevSupportManager
Nov 04, 2025 11:58:29 PM io.gapi.emulators.netty.NotFoundHandler handleRequest
INFO: Unknown request URI: /message?device=sdk_gphone64_x86_64%20-%2016%20-%20API%2036&app=com.anonymous.ecofit&clientid=DevLauncherBridgelessDevSupportManager
Nov 04, 2025 11:58:31 PM io.gapi.emulators.netty.NotFoundHandler handleRequest
INFO: Unknown request URI: /message?device=sdk_gphone64_x86_64%20-%2016%20-%20API%2036&app=com.anonymous.ecofit&clientid=DevLauncherBridgelessDevSupportManager
Nov 04, 2025 11:58:33 PM io.gapi.emulators.netty.NotFoundHandler handleRequest
INFO: Unknown request URI: /message?device=sdk_gphone64_x86_64%20-%2016%20-%20API%2036&app=com.anonymous.ecofit&clientid=DevLauncherBridgelessDevSupportManager
Nov 04, 2025 11:58:35 PM io.gapi.emulators.netty.NotFoundHandler handleRequest
INFO: Unknown request URI: /message?device=sdk_gphone64_x86_64%20-%2016%20-%20API%2036&app=com.anonymous.ecofit&clientid=DevLauncherBridgelessDevSupportManager
Nov 04, 2025 11:58:37 PM io.gapi.emulators.netty.NotFoundHandler handleRequest
INFO: Unknown request URI: /message?device=sdk_gphone64_x86_64%20-%2016%20-%20API%2036&app=com.anonymous.ecofit&clientid=DevLauncherBridgelessDevSupportManager
Nov 04, 2025 11:58:39 PM io.gapi.emulators.netty.NotFoundHandler handleRequest
INFO: Unknown request URI: /message?device=sdk_gphone64_x86_64%20-%2016%20-%20API%2036&app=com.anonymous.ecofit&clientid=DevLauncherBridgelessDevSupportManager
Nov 04, 2025 11:58:41 PM io.gapi.emulators.netty.NotFoundHandler handleRequest
INFO: Unknown request URI: /message?device=sdk_gphone64_x86_64%20-%2016%20-%20API%2036&app=com.anonymous.ecofit&clientid=DevLauncherBridgelessDevSupportManager
Nov 04, 2025 11:58:43 PM io.gapi.emulators.netty.NotFoundHandler handleRequest
INFO: Unknown request URI: /message?device=sdk_gphone64_x86_64%20-%2016%20-%20API%2036&app=com.anonymous.ecofit&clientid=DevLauncherBridgelessDevSupportManager
Nov 04, 2025 11:58:45 PM io.gapi.emulators.netty.NotFoundHandler handleRequest
INFO: Unknown request URI: /message?device=sdk_gphone64_x86_64%20-%2016%20-%20API%2036&app=com.anonymous.ecofit&clientid=DevLauncherBridgelessDevSupportManager
Nov 04, 2025 11:58:47 PM io.gapi.emulators.netty.NotFoundHandler handleRequest
INFO: Unknown request URI: /message?device=sdk_gphone64_x86_64%20-%2016%20-%20API%2036&app=com.anonymous.ecofit&clientid=DevLauncherBridgelessDevSupportManager
Nov 04, 2025 11:58:49 PM io.gapi.emulators.netty.NotFoundHandler handleRequest
INFO: Unknown request URI: /message?device=sdk_gphone64_x86_64%20-%2016%20-%20API%2036&app=com.anonymous.ecofit&clientid=DevLauncherBridgelessDevSupportManager
Nov 04, 2025 11:58:51 PM io.gapi.emulators.netty.NotFoundHandler handleRequest
INFO: Unknown request URI: /message?device=sdk_gphone64_x86_64%20-%2016%20-%20API%2036&app=com.anonymous.ecofit&clientid=DevLauncherBridgelessDevSupportManager
Nov 04, 2025 11:58:53 PM io.gapi.emulators.netty.NotFoundHandler handleRequest
INFO: Unknown request URI: /message?device=sdk_gphone64_x86_64%20-%2016%20-%20API%2036&app=com.anonymous.ecofit&clientid=DevLauncherBridgelessDevSupportManager
Nov 04, 2025 11:58:55 PM io.gapi.emulators.netty.NotFoundHandler handleRequest
INFO: Unknown request URI: /message?device=sdk_gphone64_x86_64%20-%2016%20-%20API%2036&app=com.anonymous.ecofit&clientid=DevLauncherBridgelessDevSupportManager
Nov 04, 2025 11:58:57 PM io.gapi.emulators.netty.NotFoundHandler handleRequest
INFO: Unknown request URI: /message?device=sdk_gphone64_x86_64%20-%2016%20-%20API%2036&app=com.anonymous.ecofit&clientid=DevLauncherBridgelessDevSupportManager
Nov 04, 2025 11:58:59 PM io.gapi.emulators.netty.NotFoundHandler handleRequest
INFO: Unknown request URI: /message?device=sdk_gphone64_x86_64%20-%2016%20-%20API%2036&app=com.anonymous.ecofit&clientid=DevLauncherBridgelessDevSupportManager
Nov 04, 2025 11:59:01 PM io.gapi.emulators.netty.NotFoundHandler handleRequest
INFO: Unknown request URI: /message?device=sdk_gphone64_x86_64%20-%2016%20-%20API%2036&app=com.anonymous.ecofit&clientid=DevLauncherBridgelessDevSupportManager
Nov 04, 2025 11:59:04 PM io.gapi.emulators.netty.NotFoundHandler handleRequest
INFO: Unknown request URI: /message?device=sdk_gphone64_x86_64%20-%2016%20-%20API%2036&app=com.anonymous.ecofit&clientid=DevLauncherBridgelessDevSupportManager
Nov 04, 2025 11:59:06 PM io.gapi.emulators.netty.NotFoundHandler handleRequest
INFO: Unknown request URI: /message?device=sdk_gphone64_x86_64%20-%2016%20-%20API%2036&app=com.anonymous.ecofit&clientid=DevLauncherBridgelessDevSupportManager
Nov 04, 2025 11:59:08 PM io.gapi.emulators.netty.NotFoundHandler handleRequest
INFO: Unknown request URI: /message?device=sdk_gphone64_x86_64%20-%2016%20-%20API%2036&app=com.anonymous.ecofit&clientid=DevLauncherBridgelessDevSupportManager
Nov 04, 2025 11:59:10 PM io.gapi.emulators.netty.NotFoundHandler handleRequest
INFO: Unknown request URI: /message?device=sdk_gphone64_x86_64%20-%2016%20-%20API%2036&app=com.anonymous.ecofit&clientid=DevLauncherBridgelessDevSupportManager
Nov 04, 2025 11:59:12 PM io.gapi.emulators.netty.NotFoundHandler handleRequest
INFO: Unknown request URI: /message?device=sdk_gphone64_x86_64%20-%2016%20-%20API%2036&app=com.anonymous.ecofit&clientid=DevLauncherBridgelessDevSupportManager
Nov 04, 2025 11:59:14 PM io.gapi.emulators.netty.NotFoundHandler handleRequest
INFO: Unknown request URI: /message?device=sdk_gphone64_x86_64%20-%2016%20-%20API%2036&app=com.anonymous.ecofit&clientid=DevLauncherBridgelessDevSupportManager
Nov 04, 2025 11:59:16 PM io.gapi.emulators.netty.NotFoundHandler handleRequest
INFO: Unknown request URI: /message?device=sdk_gphone64_x86_64%20-%2016%20-%20API%2036&app=com.anonymous.ecofit&clientid=DevLauncherBridgelessDevSupportManager
Nov 04, 2025 11:59:18 PM io.gapi.emulators.netty.NotFoundHandler handleRequest
INFO: Unknown request URI: /message?device=sdk_gphone64_x86_64%20-%2016%20-%20API%2036&app=com.anonymous.ecofit&clientid=DevLauncherBridgelessDevSupportManager
Nov 04, 2025 11:59:20 PM io.gapi.emulators.netty.NotFoundHandler handleRequest
INFO: Unknown request URI: /message?device=sdk_gphone64_x86_64%20-%2016%20-%20API%2036&app=com.anonymous.ecofit&clientid=DevLauncherBridgelessDevSupportManager
Nov 04, 2025 11:59:22 PM io.gapi.emulators.netty.NotFoundHandler handleRequest
INFO: Unknown request URI: /message?device=sdk_gphone64_x86_64%20-%2016%20-%20API%2036&app=com.anonymous.ecofit&clientid=DevLauncherBridgelessDevSupportManager
Nov 04, 2025 11:59:24 PM io.gapi.emulators.netty.NotFoundHandler handleRequest
INFO: Unknown request URI: /message?device=sdk_gphone64_x86_64%20-%2016%20-%20API%2036&app=com.anonymous.ecofit&clientid=DevLauncherBridgelessDevSupportManager
Nov 04, 2025 11:59:26 PM io.gapi.emulators.netty.NotFoundHandler handleRequest
INFO: Unknown request URI: /message?device=sdk_gphone64_x86_64%20-%2016%20-%20API%2036&app=com.anonymous.ecofit&clientid=DevLauncherBridgelessDevSupportManager
Nov 04, 2025 11:59:28 PM io.gapi.emulators.netty.NotFoundHandler handleRequest
INFO: Unknown request URI: /message?device=sdk_gphone64_x86_64%20-%2016%20-%20API%2036&app=com.anonymous.ecofit&clientid=DevLauncherBridgelessDevSupportManager
Nov 04, 2025 11:59:30 PM io.gapi.emulators.netty.NotFoundHandler handleRequest
INFO: Unknown request URI: /message?device=sdk_gphone64_x86_64%20-%2016%20-%20API%2036&app=com.anonymous.ecofit&clientid=DevLauncherBridgelessDevSupportManager
Nov 04, 2025 11:59:32 PM io.gapi.emulators.netty.NotFoundHandler handleRequest
INFO: Unknown request URI: /message?device=sdk_gphone64_x86_64%20-%2016%20-%20API%2036&app=com.anonymous.ecofit&clientid=DevLauncherBridgelessDevSupportManager
Nov 04, 2025 11:59:34 PM io.gapi.emulators.netty.NotFoundHandler handleRequest
INFO: Unknown request URI: /message?device=sdk_gphone64_x86_64%20-%2016%20-%20API%2036&app=com.anonymous.ecofit&clientid=DevLauncherBridgelessDevSupportManager
Nov 04, 2025 11:59:36 PM io.gapi.emulators.netty.NotFoundHandler handleRequest
INFO: Unknown request URI: /message?device=sdk_gphone64_x86_64%20-%2016%20-%20API%2036&app=com.anonymous.ecofit&clientid=DevLauncherBridgelessDevSupportManager
Nov 04, 2025 11:59:38 PM io.gapi.emulators.netty.NotFoundHandler handleRequest
INFO: Unknown request URI: /message?device=sdk_gphone64_x86_64%20-%2016%20-%20API%2036&app=com.anonymous.ecofit&clientid=DevLauncherBridgelessDevSupportManager
Nov 04, 2025 11:59:40 PM io.gapi.emulators.netty.NotFoundHandler handleRequest
INFO: Unknown request URI: /message?device=sdk_gphone64_x86_64%20-%2016%20-%20API%2036&app=com.anonymous.ecofit&clientid=DevLauncherBridgelessDevSupportManager
Nov 04, 2025 11:59:42 PM io.gapi.emulators.netty.NotFoundHandler handleRequest
INFO: Unknown request URI: /message?device=sdk_gphone64_x86_64%20-%2016%20-%20API%2036&app=com.anonymous.ecofit&clientid=DevLauncherBridgelessDevSupportManager
Nov 04, 2025 11:59:44 PM io.gapi.emulators.netty.NotFoundHandler handleRequest
INFO: Unknown request URI: /message?device=sdk_gphone64_x86_64%20-%2016%20-%20API%2036&app=com.anonymous.ecofit&clientid=DevLauncherBridgelessDevSupportManager
Nov 04, 2025 11:59:46 PM io.gapi.emulators.netty.NotFoundHandler handleRequest
INFO: Unknown request URI: /message?device=sdk_gphone64_x86_64%20-%2016%20-%20API%2036&app=com.anonymous.ecofit&clientid=DevLauncherBridgelessDevSupportManager
Nov 04, 2025 11:59:48 PM io.gapi.emulators.netty.NotFoundHandler handleRequest
INFO: Unknown request URI: /message?device=sdk_gphone64_x86_64%20-%2016%20-%20API%2036&app=com.anonymous.ecofit&clientid=DevLauncherBridgelessDevSupportManager
Nov 04, 2025 11:59:50 PM io.gapi.emulators.netty.NotFoundHandler handleRequest
INFO: Unknown request URI: /message?device=sdk_gphone64_x86_64%20-%2016%20-%20API%2036&app=com.anonymous.ecofit&clientid=DevLauncherBridgelessDevSupportManager
Nov 04, 2025 11:59:52 PM io.gapi.emulators.netty.NotFoundHandler handleRequest
INFO: Unknown request URI: /message?device=sdk_gphone64_x86_64%20-%2016%20-%20API%2036&app=com.anonymous.ecofit&clientid=DevLauncherBridgelessDevSupportManager
Nov 04, 2025 11:59:54 PM io.gapi.emulators.netty.NotFoundHandler handleRequest
INFO: Unknown request URI: /message?device=sdk_gphone64_x86_64%20-%2016%20-%20API%2036&app=com.anonymous.ecofit&clientid=DevLauncherBridgelessDevSupportManager
Nov 04, 2025 11:59:56 PM io.gapi.emulators.netty.NotFoundHandler handleRequest
INFO: Unknown request URI: /message?device=sdk_gphone64_x86_64%20-%2016%20-%20API%2036&app=com.anonymous.ecofit&clientid=DevLauncherBridgelessDevSupportManager
Nov 04, 2025 11:59:58 PM io.gapi.emulators.netty.NotFoundHandler handleRequest
INFO: Unknown request URI: /message?device=sdk_gphone64_x86_64%20-%2016%20-%20API%2036&app=com.anonymous.ecofit&clientid=DevLauncherBridgelessDevSupportManager
Nov 05, 2025 12:00:00 AM io.gapi.emulators.netty.NotFoundHandler handleRequest
INFO: Unknown request URI: /message?device=sdk_gphone64_x86_64%20-%2016%20-%20API%2036&app=com.anonymous.ecofit&clientid=DevLauncherBridgelessDevSupportManager
Nov 05, 2025 12:00:02 AM io.gapi.emulators.netty.NotFoundHandler handleRequest
INFO: Unknown request URI: /message?device=sdk_gphone64_x86_64%20-%2016%20-%20API%2036&app=com.anonymous.ecofit&clientid=DevLauncherBridgelessDevSupportManager
Nov 05, 2025 12:00:04 AM io.gapi.emulators.netty.NotFoundHandler handleRequest
INFO: Unknown request URI: /message?device=sdk_gphone64_x86_64%20-%2016%20-%20API%2036&app=com.anonymous.ecofit&clientid=DevLauncherBridgelessDevSupportManager
Nov 05, 2025 12:00:06 AM io.gapi.emulators.netty.NotFoundHandler handleRequest
INFO: Unknown request URI: /message?device=sdk_gphone64_x86_64%20-%2016%20-%20API%2036&app=com.anonymous.ecofit&clientid=DevLauncherBridgelessDevSupportManager
Nov 05, 2025 12:00:08 AM io.gapi.emulators.netty.NotFoundHandler handleRequest
INFO: Unknown request URI: /message?device=sdk_gphone64_x86_64%20-%2016%20-%20API%2036&app=com.anonymous.ecofit&clientid=DevLauncherBridgelessDevSupportManager
Nov 05, 2025 12:00:10 AM io.gapi.emulators.netty.NotFoundHandler handleRequest
INFO: Unknown request URI: /message?device=sdk_gphone64_x86_64%20-%2016%20-%20API%2036&app=com.anonymous.ecofit&clientid=DevLauncherBridgelessDevSupportManager
Nov 05, 2025 12:00:12 AM io.gapi.emulators.netty.NotFoundHandler handleRequest
INFO: Unknown request URI: /message?device=sdk_gphone64_x86_64%20-%2016%20-%20API%2036&app=com.anonymous.ecofit&clientid=DevLauncherBridgelessDevSupportManager
Nov 05, 2025 12:00:14 AM io.gapi.emulators.netty.NotFoundHandler handleRequest
INFO: Unknown request URI: /message?device=sdk_gphone64_x86_64%20-%2016%20-%20API%2036&app=com.anonymous.ecofit&clientid=DevLauncherBridgelessDevSupportManager
Nov 05, 2025 12:00:16 AM io.gapi.emulators.netty.NotFoundHandler handleRequest
INFO: Unknown request URI: /message?device=sdk_gphone64_x86_64%20-%2016%20-%20API%2036&app=com.anonymous.ecofit&clientid=DevLauncherBridgelessDevSupportManager
Nov 05, 2025 12:00:18 AM io.gapi.emulators.netty.NotFoundHandler handleRequest
INFO: Unknown request URI: /message?device=sdk_gphone64_x86_64%20-%2016%20-%20API%2036&app=com.anonymous.ecofit&clientid=DevLauncherBridgelessDevSupportManager
Nov 05, 2025 12:00:20 AM io.gapi.emulators.netty.NotFoundHandler handleRequest
INFO: Unknown request URI: /message?device=sdk_gphone64_x86_64%20-%2016%20-%20API%2036&app=com.anonymous.ecofit&clientid=DevLauncherBridgelessDevSupportManager
Nov 05, 2025 12:00:22 AM io.gapi.emulators.netty.NotFoundHandler handleRequest
INFO: Unknown request URI: /message?device=sdk_gphone64_x86_64%20-%2016%20-%20API%2036&app=com.anonymous.ecofit&clientid=DevLauncherBridgelessDevSupportManager
Nov 05, 2025 12:00:24 AM io.gapi.emulators.netty.NotFoundHandler handleRequest
INFO: Unknown request URI: /message?device=sdk_gphone64_x86_64%20-%2016%20-%20API%2036&app=com.anonymous.ecofit&clientid=DevLauncherBridgelessDevSupportManager
Nov 05, 2025 12:00:26 AM io.gapi.emulators.netty.NotFoundHandler handleRequest
INFO: Unknown request URI: /message?device=sdk_gphone64_x86_64%20-%2016%20-%20API%2036&app=com.anonymous.ecofit&clientid=DevLauncherBridgelessDevSupportManager
Nov 05, 2025 12:00:28 AM io.gapi.emulators.netty.NotFoundHandler handleRequest
INFO: Unknown request URI: /message?device=sdk_gphone64_x86_64%20-%2016%20-%20API%2036&app=com.anonymous.ecofit&clientid=DevLauncherBridgelessDevSupportManager
Nov 05, 2025 12:00:30 AM io.gapi.emulators.netty.NotFoundHandler handleRequest
INFO: Unknown request URI: /message?device=sdk_gphone64_x86_64%20-%2016%20-%20API%2036&app=com.anonymous.ecofit&clientid=DevLauncherBridgelessDevSupportManager
Nov 05, 2025 12:00:32 AM io.gapi.emulators.netty.NotFoundHandler handleRequest
INFO: Unknown request URI: /message?device=sdk_gphone64_x86_64%20-%2016%20-%20API%2036&app=com.anonymous.ecofit&clientid=DevLauncherBridgelessDevSupportManager
Nov 05, 2025 12:00:34 AM io.gapi.emulators.netty.NotFoundHandler handleRequest
INFO: Unknown request URI: /message?device=sdk_gphone64_x86_64%20-%2016%20-%20API%2036&app=com.anonymous.ecofit&clientid=DevLauncherBridgelessDevSupportManager
Nov 05, 2025 12:00:36 AM io.gapi.emulators.netty.NotFoundHandler handleRequest
INFO: Unknown request URI: /message?device=sdk_gphone64_x86_64%20-%2016%20-%20API%2036&app=com.anonymous.ecofit&clientid=DevLauncherBridgelessDevSupportManager
Nov 05, 2025 12:00:38 AM io.gapi.emulators.netty.NotFoundHandler handleRequest
INFO: Unknown request URI: /message?device=sdk_gphone64_x86_64%20-%2016%20-%20API%2036&app=com.anonymous.ecofit&clientid=DevLauncherBridgelessDevSupportManager
Nov 05, 2025 12:00:40 AM io.gapi.emulators.netty.NotFoundHandler handleRequest
INFO: Unknown request URI: /message?device=sdk_gphone64_x86_64%20-%2016%20-%20API%2036&app=com.anonymous.ecofit&clientid=DevLauncherBridgelessDevSupportManager
Nov 05, 2025 12:00:42 AM io.gapi.emulators.netty.NotFoundHandler handleRequest
INFO: Unknown request URI: /message?device=sdk_gphone64_x86_64%20-%2016%20-%20API%2036&app=com.anonymous.ecofit&clientid=DevLauncherBridgelessDevSupportManager
Nov 05, 2025 12:00:44 AM io.gapi.emulators.netty.NotFoundHandler handleRequest
INFO: Unknown request URI: /message?device=sdk_gphone64_x86_64%20-%2016%20-%20API%2036&app=com.anonymous.ecofit&clientid=DevLauncherBridgelessDevSupportManager
Nov 05, 2025 12:00:46 AM io.gapi.emulators.netty.NotFoundHandler handleRequest
INFO: Unknown request URI: /message?device=sdk_gphone64_x86_64%20-%2016%20-%20API%2036&app=com.anonymous.ecofit&clientid=DevLauncherBridgelessDevSupportManager
Nov 05, 2025 12:00:48 AM io.gapi.emulators.netty.NotFoundHandler handleRequest
INFO: Unknown request URI: /message?device=sdk_gphone64_x86_64%20-%2016%20-%20API%2036&app=com.anonymous.ecofit&clientid=DevLauncherBridgelessDevSupportManager
Nov 05, 2025 12:00:50 AM io.gapi.emulators.netty.NotFoundHandler handleRequest
INFO: Unknown request URI: /message?device=sdk_gphone64_x86_64%20-%2016%20-%20API%2036&app=com.anonymous.ecofit&clientid=DevLauncherBridgelessDevSupportManager
Nov 05, 2025 12:00:52 AM io.gapi.emulators.netty.NotFoundHandler handleRequest
INFO: Unknown request URI: /message?device=sdk_gphone64_x86_64%20-%2016%20-%20API%2036&app=com.anonymous.ecofit&clientid=DevLauncherBridgelessDevSupportManager
Nov 05, 2025 12:00:54 AM io.gapi.emulators.netty.NotFoundHandler handleRequest
INFO: Unknown request URI: /message?device=sdk_gphone64_x86_64%20-%2016%20-%20API%2036&app=com.anonymous.ecofit&clientid=DevLauncherBridgelessDevSupportManager
Nov 05, 2025 12:00:56 AM io.gapi.emulators.netty.NotFoundHandler handleRequest
INFO: Unknown request URI: /message?device=sdk_gphone64_x86_64%20-%2016%20-%20API%2036&app=com.anonymous.ecofit&clientid=DevLauncherBridgelessDevSupportManager
Nov 05, 2025 12:00:58 AM io.gapi.emulators.netty.NotFoundHandler handleRequest
INFO: Unknown request URI: /message?device=sdk_gphone64_x86_64%20-%2016%20-%20API%2036&app=com.anonymous.ecofit&clientid=DevLauncherBridgelessDevSupportManager
Nov 05, 2025 12:01:00 AM io.gapi.emulators.netty.NotFoundHandler handleRequest
INFO: Unknown request URI: /message?device=sdk_gphone64_x86_64%20-%2016%20-%20API%2036&app=com.anonymous.ecofit&clientid=DevLauncherBridgelessDevSupportManager
Nov 05, 2025 12:01:02 AM io.gapi.emulators.netty.NotFoundHandler handleRequest
INFO: Unknown request URI: /message?device=sdk_gphone64_x86_64%20-%2016%20-%20API%2036&app=com.anonymous.ecofit&clientid=DevLauncherBridgelessDevSupportManager
Nov 05, 2025 12:01:04 AM io.gapi.emulators.netty.NotFoundHandler handleRequest
INFO: Unknown request URI: /message?device=sdk_gphone64_x86_64%20-%2016%20-%20API%2036&app=com.anonymous.ecofit&clientid=DevLauncherBridgelessDevSupportManager
Nov 05, 2025 12:01:06 AM io.gapi.emulators.netty.NotFoundHandler handleRequest
INFO: Unknown request URI: /message?device=sdk_gphone64_x86_64%20-%2016%20-%20API%2036&app=com.anonymous.ecofit&clientid=DevLauncherBridgelessDevSupportManager
Nov 05, 2025 12:01:08 AM io.gapi.emulators.netty.NotFoundHandler handleRequest
INFO: Unknown request URI: /message?device=sdk_gphone64_x86_64%20-%2016%20-%20API%2036&app=com.anonymous.ecofit&clientid=DevLauncherBridgelessDevSupportManager
Nov 05, 2025 12:01:10 AM io.gapi.emulators.netty.NotFoundHandler handleRequest
INFO: Unknown request URI: /message?device=sdk_gphone64_x86_64%20-%2016%20-%20API%2036&app=com.anonymous.ecofit&clientid=DevLauncherBridgelessDevSupportManager
Nov 05, 2025 12:01:12 AM io.gapi.emulators.netty.NotFoundHandler handleRequest
INFO: Unknown request URI: /message?device=sdk_gphone64_x86_64%20-%2016%20-%20API%2036&app=com.anonymous.ecofit&clientid=DevLauncherBridgelessDevSupportManager
Nov 05, 2025 12:01:14 AM io.gapi.emulators.netty.NotFoundHandler handleRequest
INFO: Unknown request URI: /message?device=sdk_gphone64_x86_64%20-%2016%20-%20API%2036&app=com.anonymous.ecofit&clientid=DevLauncherBridgelessDevSupportManager
Nov 05, 2025 12:01:16 AM io.gapi.emulators.netty.NotFoundHandler handleRequest
INFO: Unknown request URI: /message?device=sdk_gphone64_x86_64%20-%2016%20-%20API%2036&app=com.anonymous.ecofit&clientid=DevLauncherBridgelessDevSupportManager
Nov 05, 2025 12:01:18 AM io.gapi.emulators.netty.NotFoundHandler handleRequest
INFO: Unknown request URI: /message?device=sdk_gphone64_x86_64%20-%2016%20-%20API%2036&app=com.anonymous.ecofit&clientid=DevLauncherBridgelessDevSupportManager
Nov 05, 2025 12:01:20 AM io.gapi.emulators.netty.NotFoundHandler handleRequest
INFO: Unknown request URI: /message?device=sdk_gphone64_x86_64%20-%2016%20-%20API%2036&app=com.anonymous.ecofit&clientid=DevLauncherBridgelessDevSupportManager
Nov 05, 2025 12:01:22 AM io.gapi.emulators.netty.NotFoundHandler handleRequest
INFO: Unknown request URI: /message?device=sdk_gphone64_x86_64%20-%2016%20-%20API%2036&app=com.anonymous.ecofit&clientid=DevLauncherBridgelessDevSupportManager
Nov 05, 2025 12:01:24 AM io.gapi.emulators.netty.NotFoundHandler handleRequest
INFO: Unknown request URI: /message?device=sdk_gphone64_x86_64%20-%2016%20-%20API%2036&app=com.anonymous.ecofit&clientid=DevLauncherBridgelessDevSupportManager
Nov 05, 2025 12:01:26 AM io.gapi.emulators.netty.NotFoundHandler handleRequest
INFO: Unknown request URI: /message?device=sdk_gphone64_x86_64%20-%2016%20-%20API%2036&app=com.anonymous.ecofit&clientid=DevLauncherBridgelessDevSupportManager
Nov 05, 2025 12:01:28 AM io.gapi.emulators.netty.NotFoundHandler handleRequest
INFO: Unknown request URI: /message?device=sdk_gphone64_x86_64%20-%2016%20-%20API%2036&app=com.anonymous.ecofit&clientid=DevLauncherBridgelessDevSupportManager
Nov 05, 2025 12:01:30 AM io.gapi.emulators.netty.NotFoundHandler handleRequest
INFO: Unknown request URI: /message?device=sdk_gphone64_x86_64%20-%2016%20-%20API%2036&app=com.anonymous.ecofit&clientid=DevLauncherBridgelessDevSupportManager
Nov 05, 2025 12:01:32 AM io.gapi.emulators.netty.NotFoundHandler handleRequest
INFO: Unknown request URI: /message?device=sdk_gphone64_x86_64%20-%2016%20-%20API%2036&app=com.anonymous.ecofit&clientid=DevLauncherBridgelessDevSupportManager
Nov 05, 2025 12:01:34 AM io.gapi.emulators.netty.NotFoundHandler handleRequest
INFO: Unknown request URI: /message?device=sdk_gphone64_x86_64%20-%2016%20-%20API%2036&app=com.anonymous.ecofit&clientid=DevLauncherBridgelessDevSupportManager
Nov 05, 2025 12:01:36 AM io.gapi.emulators.netty.NotFoundHandler handleRequest
INFO: Unknown request URI: /message?device=sdk_gphone64_x86_64%20-%2016%20-%20API%2036&app=com.anonymous.ecofit&clientid=DevLauncherBridgelessDevSupportManager
Nov 05, 2025 12:01:38 AM io.gapi.emulators.netty.NotFoundHandler handleRequest
INFO: Unknown request URI: /message?device=sdk_gphone64_x86_64%20-%2016%20-%20API%2036&app=com.anonymous.ecofit&clientid=DevLauncherBridgelessDevSupportManager
Nov 05, 2025 12:01:40 AM io.gapi.emulators.netty.NotFoundHandler handleRequest
INFO: Unknown request URI: /message?device=sdk_gphone64_x86_64%20-%2016%20-%20API%2036&app=com.anonymous.ecofit&clientid=DevLauncherBridgelessDevSupportManager
Nov 05, 2025 12:01:42 AM io.gapi.emulators.netty.NotFoundHandler handleRequest
INFO: Unknown request URI: /message?device=sdk_gphone64_x86_64%20-%2016%20-%20API%2036&app=com.anonymous.ecofit&clientid=DevLauncherBridgelessDevSupportManager
Nov 05, 2025 12:01:44 AM io.gapi.emulators.netty.NotFoundHandler handleRequest
INFO: Unknown request URI: /message?device=sdk_gphone64_x86_64%20-%2016%20-%20API%2036&app=com.anonymous.ecofit&clientid=DevLauncherBridgelessDevSupportManager
Nov 05, 2025 12:01:46 AM io.gapi.emulators.netty.NotFoundHandler handleRequest
INFO: Unknown request URI: /message?device=sdk_gphone64_x86_64%20-%2016%20-%20API%2036&app=com.anonymous.ecofit&clientid=DevLauncherBridgelessDevSupportManager
Nov 05, 2025 12:01:48 AM io.gapi.emulators.netty.NotFoundHandler handleRequest
INFO: Unknown request URI: /message?device=sdk_gphone64_x86_64%20-%2016%20-%20API%2036&app=com.anonymous.ecofit&clientid=DevLauncherBridgelessDevSupportManager
Nov 05, 2025 12:01:50 AM io.gapi.emulators.netty.NotFoundHandler handleRequest
INFO: Unknown request URI: /message?device=sdk_gphone64_x86_64%20-%2016%20-%20API%2036&app=com.anonymous.ecofit&clientid=DevLauncherBridgelessDevSupportManager
Nov 05, 2025 12:01:52 AM io.gapi.emulators.netty.NotFoundHandler handleRequest
INFO: Unknown request URI: /message?device=sdk_gphone64_x86_64%20-%2016%20-%20API%2036&app=com.anonymous.ecofit&clientid=DevLauncherBridgelessDevSupportManager
Nov 05, 2025 12:01:54 AM io.gapi.emulators.netty.NotFoundHandler handleRequest
INFO: Unknown request URI: /message?device=sdk_gphone64_x86_64%20-%2016%20-%20API%2036&app=com.anonymous.ecofit&clientid=DevLauncherBridgelessDevSupportManager
Nov 05, 2025 12:01:56 AM io.gapi.emulators.netty.NotFoundHandler handleRequest
INFO: Unknown request URI: /message?device=sdk_gphone64_x86_64%20-%2016%20-%20API%2036&app=com.anonymous.ecofit&clientid=DevLauncherBridgelessDevSupportManager
Nov 05, 2025 12:01:58 AM io.gapi.emulators.netty.NotFoundHandler handleRequest
INFO: Unknown request URI: /message?device=sdk_gphone64_x86_64%20-%2016%20-%20API%2036&app=com.anonymous.ecofit&clientid=DevLauncherBridgelessDevSupportManager
Nov 05, 2025 12:02:00 AM io.gapi.emulators.netty.NotFoundHandler handleRequest
INFO: Unknown request URI: /message?device=sdk_gphone64_x86_64%20-%2016%20-%20API%2036&app=com.anonymous.ecofit&clientid=DevLauncherBridgelessDevSupportManager
Nov 05, 2025 12:02:02 AM io.gapi.emulators.netty.NotFoundHandler handleRequest
INFO: Unknown request URI: /message?device=sdk_gphone64_x86_64%20-%2016%20-%20API%2036&app=com.anonymous.ecofit&clientid=DevLauncherBridgelessDevSupportManager
Nov 05, 2025 12:02:04 AM io.gapi.emulators.netty.NotFoundHandler handleRequest
INFO: Unknown request URI: /message?device=sdk_gphone64_x86_64%20-%2016%20-%20API%2036&app=com.anonymous.ecofit&clientid=DevLauncherBridgelessDevSupportManager
Nov 05, 2025 12:02:06 AM io.gapi.emulators.netty.NotFoundHandler handleRequest
INFO: Unknown request URI: /message?device=sdk_gphone64_x86_64%20-%2016%20-%20API%2036&app=com.anonymous.ecofit&clientid=DevLauncherBridgelessDevSupportManager
Nov 05, 2025 12:02:08 AM io.gapi.emulators.netty.NotFoundHandler handleRequest
INFO: Unknown request URI: /message?device=sdk_gphone64_x86_64%20-%2016%20-%20API%2036&app=com.anonymous.ecofit&clientid=DevLauncherBridgelessDevSupportManager
Nov 05, 2025 12:02:10 AM io.gapi.emulators.netty.NotFoundHandler handleRequest
INFO: Unknown request URI: /message?device=sdk_gphone64_x86_64%20-%2016%20-%20API%2036&app=com.anonymous.ecofit&clientid=DevLauncherBridgelessDevSupportManager
Nov 05, 2025 12:02:12 AM io.gapi.emulators.netty.NotFoundHandler handleRequest
INFO: Unknown request URI: /message?device=sdk_gphone64_x86_64%20-%2016%20-%20API%2036&app=com.anonymous.ecofit&clientid=DevLauncherBridgelessDevSupportManager
Nov 05, 2025 12:02:14 AM io.gapi.emulators.netty.NotFoundHandler handleRequest
INFO: Unknown request URI: /message?device=sdk_gphone64_x86_64%20-%2016%20-%20API%2036&app=com.anonymous.ecofit&clientid=DevLauncherBridgelessDevSupportManager
Nov 05, 2025 12:02:16 AM io.gapi.emulators.netty.NotFoundHandler handleRequest
INFO: Unknown request URI: /message?device=sdk_gphone64_x86_64%20-%2016%20-%20API%2036&app=com.anonymous.ecofit&clientid=DevLauncherBridgelessDevSupportManager
Nov 05, 2025 12:02:18 AM io.gapi.emulators.netty.NotFoundHandler handleRequest
INFO: Unknown request URI: /message?device=sdk_gphone64_x86_64%20-%2016%20-%20API%2036&app=com.anonymous.ecofit&clientid=DevLauncherBridgelessDevSupportManager
Nov 05, 2025 12:02:20 AM io.gapi.emulators.netty.NotFoundHandler handleRequest
INFO: Unknown request URI: /message?device=sdk_gphone64_x86_64%20-%2016%20-%20API%2036&app=com.anonymous.ecofit&clientid=DevLauncherBridgelessDevSupportManager
Nov 05, 2025 12:02:22 AM io.gapi.emulators.netty.NotFoundHandler handleRequest
INFO: Unknown request URI: /message?device=sdk_gphone64_x86_64%20-%2016%20-%20API%2036&app=com.anonymous.ecofit&clientid=DevLauncherBridgelessDevSupportManager
Nov 05, 2025 12:02:24 AM io.gapi.emulators.netty.NotFoundHandler handleRequest
INFO: Unknown request URI: /message?device=sdk_gphone64_x86_64%20-%2016%20-%20API%2036&app=com.anonymous.ecofit&clientid=DevLauncherBridgelessDevSupportManager
Nov 05, 2025 12:02:26 AM io.gapi.emulators.netty.NotFoundHandler handleRequest
INFO: Unknown request URI: /message?device=sdk_gphone64_x86_64%20-%2016%20-%20API%2036&app=com.anonymous.ecofit&clientid=DevLauncherBridgelessDevSupportManager
Nov 05, 2025 12:02:28 AM io.gapi.emulators.netty.NotFoundHandler handleRequest
INFO: Unknown request URI: /message?device=sdk_gphone64_x86_64%20-%2016%20-%20API%2036&app=com.anonymous.ecofit&clientid=DevLauncherBridgelessDevSupportManager
Nov 05, 2025 12:02:30 AM io.gapi.emulators.netty.NotFoundHandler handleRequest
INFO: Unknown request URI: /message?device=sdk_gphone64_x86_64%20-%2016%20-%20API%2036&app=com.anonymous.ecofit&clientid=DevLauncherBridgelessDevSupportManager
Nov 05, 2025 12:02:32 AM io.gapi.emulators.netty.NotFoundHandler handleRequest
INFO: Unknown request URI: /message?device=sdk_gphone64_x86_64%20-%2016%20-%20API%2036&app=com.anonymous.ecofit&clientid=DevLauncherBridgelessDevSupportManager
Nov 05, 2025 12:02:34 AM io.gapi.emulators.netty.NotFoundHandler handleRequest
INFO: Unknown request URI: /message?device=sdk_gphone64_x86_64%20-%2016%20-%20API%2036&app=com.anonymous.ecofit&clientid=DevLauncherBridgelessDevSupportManager
Nov 05, 2025 12:02:36 AM io.gapi.emulators.netty.NotFoundHandler handleRequest
INFO: Unknown request URI: /message?device=sdk_gphone64_x86_64%20-%2016%20-%20API%2036&app=com.anonymous.ecofit&clientid=DevLauncherBridgelessDevSupportManager
Nov 05, 2025 12:02:38 AM io.gapi.emulators.netty.NotFoundHandler handleRequest
INFO: Unknown request URI: /message?device=sdk_gphone64_x86_64%20-%2016%20-%20API%2036&app=com.anonymous.ecofit&clientid=DevLauncherBridgelessDevSupportManager
Nov 05, 2025 12:02:40 AM io.gapi.emulators.netty.NotFoundHandler handleRequest
INFO: Unknown request URI: /message?device=sdk_gphone64_x86_64%20-%2016%20-%20API%2036&app=com.anonymous.ecofit&clientid=DevLauncherBridgelessDevSupportManager
Nov 05, 2025 12:02:42 AM io.gapi.emulators.netty.NotFoundHandler handleRequest
INFO: Unknown request URI: /message?device=sdk_gphone64_x86_64%20-%2016%20-%20API%2036&app=com.anonymous.ecofit&clientid=DevLauncherBridgelessDevSupportManager
Nov 05, 2025 12:02:44 AM io.gapi.emulators.netty.NotFoundHandler handleRequest
INFO: Unknown request URI: /message?device=sdk_gphone64_x86_64%20-%2016%20-%20API%2036&app=com.anonymous.ecofit&clientid=DevLauncherBridgelessDevSupportManager
Nov 05, 2025 12:02:46 AM io.gapi.emulators.netty.NotFoundHandler handleRequest
INFO: Unknown request URI: /message?device=sdk_gphone64_x86_64%20-%2016%20-%20API%2036&app=com.anonymous.ecofit&clientid=DevLauncherBridgelessDevSupportManager
Nov 05, 2025 12:02:48 AM io.gapi.emulators.netty.NotFoundHandler handleRequest
INFO: Unknown request URI: /message?device=sdk_gphone64_x86_64%20-%2016%20-%20API%2036&app=com.anonymous.ecofit&clientid=DevLauncherBridgelessDevSupportManager
Nov 05, 2025 12:02:50 AM io.gapi.emulators.netty.NotFoundHandler handleRequest
INFO: Unknown request URI: /message?device=sdk_gphone64_x86_64%20-%2016%20-%20API%2036&app=com.anonymous.ecofit&clientid=DevLauncherBridgelessDevSupportManager
Nov 05, 2025 12:02:52 AM io.gapi.emulators.netty.NotFoundHandler handleRequest
INFO: Unknown request URI: /message?device=sdk_gphone64_x86_64%20-%2016%20-%20API%2036&app=com.anonymous.ecofit&clientid=DevLauncherBridgelessDevSupportManager
Nov 05, 2025 12:02:54 AM io.gapi.emulators.netty.NotFoundHandler handleRequest
INFO: Unknown request URI: /message?device=sdk_gphone64_x86_64%20-%2016%20-%20API%2036&app=com.anonymous.ecofit&clientid=DevLauncherBridgelessDevSupportManager
Nov 05, 2025 12:02:56 AM io.gapi.emulators.netty.NotFoundHandler handleRequest
INFO: Unknown request URI: /message?device=sdk_gphone64_x86_64%20-%2016%20-%20API%2036&app=com.anonymous.ecofit&clientid=DevLauncherBridgelessDevSupportManager
Nov 05, 2025 12:02:58 AM io.gapi.emulators.netty.NotFoundHandler handleRequest
INFO: Unknown request URI: /message?device=sdk_gphone64_x86_64%20-%2016%20-%20API%2036&app=com.anonymous.ecofit&clientid=DevLauncherBridgelessDevSupportManager
Nov 05, 2025 12:03:00 AM io.gapi.emulators.netty.NotFoundHandler handleRequest
INFO: Unknown request URI: /message?device=sdk_gphone64_x86_64%20-%2016%20-%20API%2036&app=com.anonymous.ecofit&clientid=DevLauncherBridgelessDevSupportManager
Nov 05, 2025 12:03:02 AM io.gapi.emulators.netty.NotFoundHandler handleRequest
INFO: Unknown request URI: /message?device=sdk_gphone64_x86_64%20-%2016%20-%20API%2036&app=com.anonymous.ecofit&clientid=DevLauncherBridgelessDevSupportManager
Nov 05, 2025 12:03:04 AM io.gapi.emulators.netty.NotFoundHandler handleRequest
INFO: Unknown request URI: /message?device=sdk_gphone64_x86_64%20-%2016%20-%20API%2036&app=com.anonymous.ecofit&clientid=DevLauncherBridgelessDevSupportManager
Nov 05, 2025 12:03:06 AM io.gapi.emulators.netty.NotFoundHandler handleRequest
INFO: Unknown request URI: /message?device=sdk_gphone64_x86_64%20-%2016%20-%20API%2036&app=com.anonymous.ecofit&clientid=DevLauncherBridgelessDevSupportManager
Nov 05, 2025 12:03:08 AM io.gapi.emulators.netty.NotFoundHandler handleRequest
INFO: Unknown request URI: /message?device=sdk_gphone64_x86_64%20-%2016%20-%20API%2036&app=com.anonymous.ecofit&clientid=DevLauncherBridgelessDevSupportManager
Nov 05, 2025 12:03:10 AM io.gapi.emulators.netty.NotFoundHandler handleRequest
INFO: Unknown request URI: /message?device=sdk_gphone64_x86_64%20-%2016%20-%20API%2036&app=com.anonymous.ecofit&clientid=DevLauncherBridgelessDevSupportManager
Nov 05, 2025 12:03:12 AM io.gapi.emulators.netty.NotFoundHandler handleRequest
INFO: Unknown request URI: /message?device=sdk_gphone64_x86_64%20-%2016%20-%20API%2036&app=com.anonymous.ecofit&clientid=DevLauncherBridgelessDevSupportManager
Nov 05, 2025 12:03:14 AM io.gapi.emulators.netty.NotFoundHandler handleRequest
INFO: Unknown request URI: /message?device=sdk_gphone64_x86_64%20-%2016%20-%20API%2036&app=com.anonymous.ecofit&clientid=DevLauncherBridgelessDevSupportManager
Nov 05, 2025 12:03:16 AM io.gapi.emulators.netty.NotFoundHandler handleRequest
INFO: Unknown request URI: /message?device=sdk_gphone64_x86_64%20-%2016%20-%20API%2036&app=com.anonymous.ecofit&clientid=DevLauncherBridgelessDevSupportManager
Nov 05, 2025 12:03:18 AM io.gapi.emulators.netty.NotFoundHandler handleRequest
INFO: Unknown request URI: /message?device=sdk_gphone64_x86_64%20-%2016%20-%20API%2036&app=com.anonymous.ecofit&clientid=DevLauncherBridgelessDevSupportManager
Nov 05, 2025 12:03:20 AM io.gapi.emulators.netty.NotFoundHandler handleRequest
INFO: Unknown request URI: /message?device=sdk_gphone64_x86_64%20-%2016%20-%20API%2036&app=com.anonymous.ecofit&clientid=DevLauncherBridgelessDevSupportManager
Nov 05, 2025 12:03:22 AM io.gapi.emulators.netty.NotFoundHandler handleRequest
INFO: Unknown request URI: /message?device=sdk_gphone64_x86_64%20-%2016%20-%20API%2036&app=com.anonymous.ecofit&clientid=DevLauncherBridgelessDevSupportManager
Nov 05, 2025 12:03:24 AM io.gapi.emulators.netty.NotFoundHandler handleRequest
INFO: Unknown request URI: /message?device=sdk_gphone64_x86_64%20-%2016%20-%20API%2036&app=com.anonymous.ecofit&clientid=DevLauncherBridgelessDevSupportManager
Nov 05, 2025 12:03:26 AM io.gapi.emulators.netty.NotFoundHandler handleRequest
INFO: Unknown request URI: /message?device=sdk_gphone64_x86_64%20-%2016%20-%20API%2036&app=com.anonymous.ecofit&clientid=DevLauncherBridgelessDevSupportManager
Nov 05, 2025 12:03:28 AM io.gapi.emulators.netty.NotFoundHandler handleRequest
INFO: Unknown request URI: /message?device=sdk_gphone64_x86_64%20-%2016%20-%20API%2036&app=com.anonymous.ecofit&clientid=DevLauncherBridgelessDevSupportManager
Nov 05, 2025 12:03:30 AM io.gapi.emulators.netty.NotFoundHandler handleRequest
INFO: Unknown request URI: /message?device=sdk_gphone64_x86_64%20-%2016%20-%20API%2036&app=com.anonymous.ecofit&clientid=DevLauncherBridgelessDevSupportManager
Nov 05, 2025 12:03:32 AM io.gapi.emulators.netty.NotFoundHandler handleRequest
INFO: Unknown request URI: /message?device=sdk_gphone64_x86_64%20-%2016%20-%20API%2036&app=com.anonymous.ecofit&clientid=DevLauncherBridgelessDevSupportManager
Nov 05, 2025 12:03:34 AM io.gapi.emulators.netty.NotFoundHandler handleRequest
INFO: Unknown request URI: /message?device=sdk_gphone64_x86_64%20-%2016%20-%20API%2036&app=com.anonymous.ecofit&clientid=DevLauncherBridgelessDevSupportManager
Nov 05, 2025 12:03:36 AM io.gapi.emulators.netty.NotFoundHandler handleRequest
INFO: Unknown request URI: /message?device=sdk_gphone64_x86_64%20-%2016%20-%20API%2036&app=com.anonymous.ecofit&clientid=DevLauncherBridgelessDevSupportManager
Nov 05, 2025 12:03:38 AM io.gapi.emulators.netty.NotFoundHandler handleRequest
INFO: Unknown request URI: /message?device=sdk_gphone64_x86_64%20-%2016%20-%20API%2036&app=com.anonymous.ecofit&clientid=DevLauncherBridgelessDevSupportManager
Nov 05, 2025 12:03:40 AM io.gapi.emulators.netty.NotFoundHandler handleRequest
INFO: Unknown request URI: /message?device=sdk_gphone64_x86_64%20-%2016%20-%20API%2036&app=com.anonymous.ecofit&clientid=DevLauncherBridgelessDevSupportManager
Nov 05, 2025 12:03:42 AM io.gapi.emulators.netty.NotFoundHandler handleRequest
INFO: Unknown request URI: /message?device=sdk_gphone64_x86_64%20-%2016%20-%20API%2036&app=com.anonymous.ecofit&clientid=DevLauncherBridgelessDevSupportManager
Nov 05, 2025 12:03:44 AM io.gapi.emulators.netty.NotFoundHandler handleRequest
INFO: Unknown request URI: /message?device=sdk_gphone64_x86_64%20-%2016%20-%20API%2036&app=com.anonymous.ecofit&clientid=DevLauncherBridgelessDevSupportManager
Nov 05, 2025 12:03:46 AM io.gapi.emulators.netty.NotFoundHandler handleRequest
INFO: Unknown request URI: /message?device=sdk_gphone64_x86_64%20-%2016%20-%20API%2036&app=com.anonymous.ecofit&clientid=DevLauncherBridgelessDevSupportManager
Nov 05, 2025 12:03:48 AM io.gapi.emulators.netty.NotFoundHandler handleRequest
INFO: Unknown request URI: /message?device=sdk_gphone64_x86_64%20-%2016%20-%20API%2036&app=com.anonymous.ecofit&clientid=DevLauncherBridgelessDevSupportManager
Nov 05, 2025 12:03:50 AM io.gapi.emulators.netty.NotFoundHandler handleRequest
INFO: Unknown request URI: /message?device=sdk_gphone64_x86_64%20-%2016%20-%20API%2036&app=com.anonymous.ecofit&clientid=DevLauncherBridgelessDevSupportManager
Nov 05, 2025 12:03:52 AM io.gapi.emulators.netty.NotFoundHandler handleRequest
INFO: Unknown request URI: /message?device=sdk_gphone64_x86_64%20-%2016%20-%20API%2036&app=com.anonymous.ecofit&clientid=DevLauncherBridgelessDevSupportManager
Nov 05, 2025 12:03:54 AM io.gapi.emulators.netty.NotFoundHandler handleRequest
INFO: Unknown request URI: /message?device=sdk_gphone64_x86_64%20-%2016%20-%20API%2036&app=com.anonymous.ecofit&clientid=DevLauncherBridgelessDevSupportManager
Nov 05, 2025 12:03:56 AM io.gapi.emulators.netty.NotFoundHandler handleRequest
INFO: Unknown request URI: /message?device=sdk_gphone64_x86_64%20-%2016%20-%20API%2036&app=com.anonymous.ecofit&clientid=DevLauncherBridgelessDevSupportManager
Nov 05, 2025 12:03:58 AM io.gapi.emulators.netty.NotFoundHandler handleRequest
INFO: Unknown request URI: /message?device=sdk_gphone64_x86_64%20-%2016%20-%20API%2036&app=com.anonymous.ecofit&clientid=DevLauncherBridgelessDevSupportManager
Nov 05, 2025 12:04:00 AM io.gapi.emulators.netty.NotFoundHandler handleRequest
INFO: Unknown request URI: /message?device=sdk_gphone64_x86_64%20-%2016%20-%20API%2036&app=com.anonymous.ecofit&clientid=DevLauncherBridgelessDevSupportManager
Nov 05, 2025 12:04:02 AM io.gapi.emulators.netty.NotFoundHandler handleRequest
INFO: Unknown request URI: /message?device=sdk_gphone64_x86_64%20-%2016%20-%20API%2036&app=com.anonymous.ecofit&clientid=DevLauncherBridgelessDevSupportManager
Nov 05, 2025 12:04:04 AM io.gapi.emulators.netty.NotFoundHandler handleRequest
INFO: Unknown request URI: /message?device=sdk_gphone64_x86_64%20-%2016%20-%20API%2036&app=com.anonymous.ecofit&clientid=DevLauncherBridgelessDevSupportManager
Nov 05, 2025 12:04:06 AM io.gapi.emulators.netty.NotFoundHandler handleRequest
INFO: Unknown request URI: /message?device=sdk_gphone64_x86_64%20-%2016%20-%20API%2036&app=com.anonymous.ecofit&clientid=DevLauncherBridgelessDevSupportManager
Nov 05, 2025 12:04:08 AM io.gapi.emulators.netty.NotFoundHandler handleRequest
INFO: Unknown request URI: /message?device=sdk_gphone64_x86_64%20-%2016%20-%20API%2036&app=com.anonymous.ecofit&clientid=DevLauncherBridgelessDevSupportManager
Nov 05, 2025 12:04:10 AM io.gapi.emulators.netty.NotFoundHandler handleRequest
INFO: Unknown request URI: /message?device=sdk_gphone64_x86_64%20-%2016%20-%20API%2036&app=com.anonymous.ecofit&clientid=DevLauncherBridgelessDevSupportManager
Nov 05, 2025 12:04:12 AM io.gapi.emulators.netty.NotFoundHandler handleRequest
INFO: Unknown request URI: /message?device=sdk_gphone64_x86_64%20-%2016%20-%20API%2036&app=com.anonymous.ecofit&clientid=DevLauncherBridgelessDevSupportManager
Nov 05, 2025 12:04:14 AM io.gapi.emulators.netty.NotFoundHandler handleRequest
INFO: Unknown request URI: /message?device=sdk_gphone64_x86_64%20-%2016%20-%20API%2036&app=com.anonymous.ecofit&clientid=DevLauncherBridgelessDevSupportManager
Nov 05, 2025 12:04:16 AM io.gapi.emulators.netty.NotFoundHandler handleRequest
INFO: Unknown request URI: /message?device=sdk_gphone64_x86_64%20-%2016%20-%20API%2036&app=com.anonymous.ecofit&clientid=DevLauncherBridgelessDevSupportManager
Nov 05, 2025 12:04:18 AM io.gapi.emulators.netty.NotFoundHandler handleRequest
INFO: Unknown request URI: /message?device=sdk_gphone64_x86_64%20-%2016%20-%20API%2036&app=com.anonymous.ecofit&clientid=DevLauncherBridgelessDevSupportManager
Nov 05, 2025 12:04:20 AM io.gapi.emulators.netty.NotFoundHandler handleRequest
INFO: Unknown request URI: /message?device=sdk_gphone64_x86_64%20-%2016%20-%20API%2036&app=com.anonymous.ecofit&clientid=DevLauncherBridgelessDevSupportManager
Nov 05, 2025 12:04:22 AM io.gapi.emulators.netty.NotFoundHandler handleRequest
INFO: Unknown request URI: /message?device=sdk_gphone64_x86_64%20-%2016%20-%20API%2036&app=com.anonymous.ecofit&clientid=DevLauncherBridgelessDevSupportManager
Nov 05, 2025 12:04:24 AM io.gapi.emulators.netty.NotFoundHandler handleRequest
INFO: Unknown request URI: /message?device=sdk_gphone64_x86_64%20-%2016%20-%20API%2036&app=com.anonymous.ecofit&clientid=DevLauncherBridgelessDevSupportManager
Nov 05, 2025 12:04:26 AM io.gapi.emulators.netty.NotFoundHandler handleRequest
INFO: Unknown request URI: /message?device=sdk_gphone64_x86_64%20-%2016%20-%20API%2036&app=com.anonymous.ecofit&clientid=DevLauncherBridgelessDevSupportManager
Nov 05, 2025 12:04:28 AM io.gapi.emulators.netty.NotFoundHandler handleRequest
INFO: Unknown request URI: /message?device=sdk_gphone64_x86_64%20-%2016%20-%20API%2036&app=com.anonymous.ecofit&clientid=DevLauncherBridgelessDevSupportManager
Nov 05, 2025 12:04:30 AM io.gapi.emulators.netty.NotFoundHandler handleRequest
INFO: Unknown request URI: /message?device=sdk_gphone64_x86_64%20-%2016%20-%20API%2036&app=com.anonymous.ecofit&clientid=DevLauncherBridgelessDevSupportManager
Nov 05, 2025 12:04:32 AM io.gapi.emulators.netty.NotFoundHandler handleRequest
INFO: Unknown request URI: /message?device=sdk_gphone64_x86_64%20-%2016%20-%20API%2036&app=com.anonymous.ecofit&clientid=DevLauncherBridgelessDevSupportManager
Nov 05, 2025 12:04:34 AM io.gapi.emulators.netty.NotFoundHandler handleRequest
INFO: Unknown request URI: /message?device=sdk_gphone64_x86_64%20-%2016%20-%20API%2036&app=com.anonymous.ecofit&clientid=DevLauncherBridgelessDevSupportManager
Nov 05, 2025 12:04:36 AM io.gapi.emulators.netty.NotFoundHandler handleRequest
INFO: Unknown request URI: /message?device=sdk_gphone64_x86_64%20-%2016%20-%20API%2036&app=com.anonymous.ecofit&clientid=DevLauncherBridgelessDevSupportManager
Nov 05, 2025 12:04:38 AM io.gapi.emulators.netty.NotFoundHandler handleRequest
INFO: Unknown request URI: /message?device=sdk_gphone64_x86_64%20-%2016%20-%20API%2036&app=com.anonymous.ecofit&clientid=DevLauncherBridgelessDevSupportManager
Nov 05, 2025 12:04:40 AM io.gapi.emulators.netty.NotFoundHandler handleRequest
INFO: Unknown request URI: /message?device=sdk_gphone64_x86_64%20-%2016%20-%20API%2036&app=com.anonymous.ecofit&clientid=DevLauncherBridgelessDevSupportManager
Nov 05, 2025 12:04:42 AM io.gapi.emulators.netty.NotFoundHandler handleRequest
INFO: Unknown request URI: /message?device=sdk_gphone64_x86_64%20-%2016%20-%20API%2036&app=com.anonymous.ecofit&clientid=DevLauncherBridgelessDevSupportManager
Nov 05, 2025 12:04:44 AM io.gapi.emulators.netty.NotFoundHandler handleRequest
INFO: Unknown request URI: /message?device=sdk_gphone64_x86_64%20-%2016%20-%20API%2036&app=com.anonymous.ecofit&clientid=DevLauncherBridgelessDevSupportManager
Nov 05, 2025 12:04:46 AM io.gapi.emulators.netty.NotFoundHandler handleRequest
INFO: Unknown request URI: /message?device=sdk_gphone64_x86_64%20-%2016%20-%20API%2036&app=com.anonymous.ecofit&clientid=DevLauncherBridgelessDevSupportManager
Nov 05, 2025 12:04:48 AM io.gapi.emulators.netty.NotFoundHandler handleRequest
INFO: Unknown request URI: /message?device=sdk_gphone64_x86_64%20-%2016%20-%20API%2036&app=com.anonymous.ecofit&clientid=DevLauncherBridgelessDevSupportManager
Nov 05, 2025 12:04:50 AM io.gapi.emulators.netty.NotFoundHandler handleRequest
INFO: Unknown request URI: /message?device=sdk_gphone64_x86_64%20-%2016%20-%20API%2036&app=com.anonymous.ecofit&clientid=DevLauncherBridgelessDevSupportManager
Nov 05, 2025 12:04:52 AM io.gapi.emulators.netty.NotFoundHandler handleRequest
INFO: Unknown request URI: /message?device=sdk_gphone64_x86_64%20-%2016%20-%20API%2036&app=com.anonymous.ecofit&clientid=DevLauncherBridgelessDevSupportManager
Nov 05, 2025 12:04:54 AM io.gapi.emulators.netty.NotFoundHandler handleRequest
INFO: Unknown request URI: /message?device=sdk_gphone64_x86_64%20-%2016%20-%20API%2036&app=com.anonymous.ecofit&clientid=DevLauncherBridgelessDevSupportManager
Nov 05, 2025 12:04:56 AM io.gapi.emulators.netty.NotFoundHandler handleRequest
INFO: Unknown request URI: /message?device=sdk_gphone64_x86_64%20-%2016%20-%20API%2036&app=com.anonymous.ecofit&clientid=DevLauncherBridgelessDevSupportManager
Nov 05, 2025 12:04:59 AM io.gapi.emulators.netty.NotFoundHandler handleRequest
INFO: Unknown request URI: /message?device=sdk_gphone64_x86_64%20-%2016%20-%20API%2036&app=com.anonymous.ecofit&clientid=DevLauncherBridgelessDevSupportManager
Nov 05, 2025 12:05:01 AM io.gapi.emulators.netty.NotFoundHandler handleRequest
INFO: Unknown request URI: /message?device=sdk_gphone64_x86_64%20-%2016%20-%20API%2036&app=com.anonymous.ecofit&clientid=DevLauncherBridgelessDevSupportManager
Nov 05, 2025 12:05:03 AM io.gapi.emulators.netty.NotFoundHandler handleRequest
INFO: Unknown request URI: /message?device=sdk_gphone64_x86_64%20-%2016%20-%20API%2036&app=com.anonymous.ecofit&clientid=DevLauncherBridgelessDevSupportManager
Nov 05, 2025 12:05:05 AM io.gapi.emulators.netty.NotFoundHandler handleRequest
INFO: Unknown request URI: /message?device=sdk_gphone64_x86_64%20-%2016%20-%20API%2036&app=com.anonymous.ecofit&clientid=DevLauncherBridgelessDevSupportManager
Nov 05, 2025 12:05:07 AM io.gapi.emulators.netty.NotFoundHandler handleRequest
INFO: Unknown request URI: /message?device=sdk_gphone64_x86_64%20-%2016%20-%20API%2036&app=com.anonymous.ecofit&clientid=DevLauncherBridgelessDevSupportManager
Nov 05, 2025 12:05:09 AM io.gapi.emulators.netty.NotFoundHandler handleRequest
INFO: Unknown request URI: /message?device=sdk_gphone64_x86_64%20-%2016%20-%20API%2036&app=com.anonymous.ecofit&clientid=DevLauncherBridgelessDevSupportManager
Nov 05, 2025 12:05:11 AM io.gapi.emulators.netty.NotFoundHandler handleRequest
INFO: Unknown request URI: /message?device=sdk_gphone64_x86_64%20-%2016%20-%20API%2036&app=com.anonymous.ecofit&clientid=DevLauncherBridgelessDevSupportManager
Nov 05, 2025 12:05:13 AM io.gapi.emulators.netty.NotFoundHandler handleRequest
INFO: Unknown request URI: /message?device=sdk_gphone64_x86_64%20-%2016%20-%20API%2036&app=com.anonymous.ecofit&clientid=DevLauncherBridgelessDevSupportManager
Nov 05, 2025 12:05:15 AM io.gapi.emulators.netty.NotFoundHandler handleRequest
INFO: Unknown request URI: /message?device=sdk_gphone64_x86_64%20-%2016%20-%20API%2036&app=com.anonymous.ecofit&clientid=DevLauncherBridgelessDevSupportManager
Nov 05, 2025 12:05:17 AM io.gapi.emulators.netty.NotFoundHandler handleRequest
INFO: Unknown request URI: /message?device=sdk_gphone64_x86_64%20-%2016%20-%20API%2036&app=com.anonymous.ecofit&clientid=DevLauncherBridgelessDevSupportManager
Nov 05, 2025 12:05:19 AM io.gapi.emulators.netty.NotFoundHandler handleRequest
INFO: Unknown request URI: /message?device=sdk_gphone64_x86_64%20-%2016%20-%20API%2036&app=com.anonymous.ecofit&clientid=DevLauncherBridgelessDevSupportManager
Nov 05, 2025 12:05:21 AM io.gapi.emulators.netty.NotFoundHandler handleRequest
INFO: Unknown request URI: /message?device=sdk_gphone64_x86_64%20-%2016%20-%20API%2036&app=com.anonymous.ecofit&clientid=DevLauncherBridgelessDevSupportManager
Nov 05, 2025 12:05:23 AM io.gapi.emulators.netty.NotFoundHandler handleRequest
INFO: Unknown request URI: /message?device=sdk_gphone64_x86_64%20-%2016%20-%20API%2036&app=com.anonymous.ecofit&clientid=DevLauncherBridgelessDevSupportManager
Nov 05, 2025 12:05:25 AM io.gapi.emulators.netty.NotFoundHandler handleRequest
INFO: Unknown request URI: /message?device=sdk_gphone64_x86_64%20-%2016%20-%20API%2036&app=com.anonymous.ecofit&clientid=DevLauncherBridgelessDevSupportManager
Nov 05, 2025 12:05:27 AM io.gapi.emulators.netty.NotFoundHandler handleRequest
INFO: Unknown request URI: /message?device=sdk_gphone64_x86_64%20-%2016%20-%20API%2036&app=com.anonymous.ecofit&clientid=DevLauncherBridgelessDevSupportManager
Nov 05, 2025 12:05:29 AM io.gapi.emulators.netty.NotFoundHandler handleRequest
INFO: Unknown request URI: /message?device=sdk_gphone64_x86_64%20-%2016%20-%20API%2036&app=com.anonymous.ecofit&clientid=DevLauncherBridgelessDevSupportManager
Nov 05, 2025 12:05:31 AM io.gapi.emulators.netty.NotFoundHandler handleRequest
INFO: Unknown request URI: /message?device=sdk_gphone64_x86_64%20-%2016%20-%20API%2036&app=com.anonymous.ecofit&clientid=DevLauncherBridgelessDevSupportManager
Nov 05, 2025 12:05:33 AM io.gapi.emulators.netty.NotFoundHandler handleRequest
INFO: Unknown request URI: /message?device=sdk_gphone64_x86_64%20-%2016%20-%20API%2036&app=com.anonymous.ecofit&clientid=DevLauncherBridgelessDevSupportManager
Nov 05, 2025 12:05:35 AM io.gapi.emulators.netty.NotFoundHandler handleRequest
INFO: Unknown request URI: /message?device=sdk_gphone64_x86_64%20-%2016%20-%20API%2036&app=com.anonymous.ecofit&clientid=DevLauncherBridgelessDevSupportManager
Nov 05, 2025 12:05:37 AM io.gapi.emulators.netty.NotFoundHandler handleRequest
INFO: Unknown request URI: /message?device=sdk_gphone64_x86_64%20-%2016%20-%20API%2036&app=com.anonymous.ecofit&clientid=DevLauncherBridgelessDevSupportManager
Nov 05, 2025 12:05:39 AM io.gapi.emulators.netty.NotFoundHandler handleRequest
INFO: Unknown request URI: /message?device=sdk_gphone64_x86_64%20-%2016%20-%20API%2036&app=com.anonymous.ecofit&clientid=DevLauncherBridgelessDevSupportManager
Nov 05, 2025 12:05:41 AM io.gapi.emulators.netty.NotFoundHandler handleRequest
INFO: Unknown request URI: /message?device=sdk_gphone64_x86_64%20-%2016%20-%20API%2036&app=com.anonymous.ecofit&clientid=DevLauncherBridgelessDevSupportManager
Nov 05, 2025 12:05:43 AM io.gapi.emulators.netty.NotFoundHandler handleRequest
INFO: Unknown request URI: /message?device=sdk_gphone64_x86_64%20-%2016%20-%20API%2036&app=com.anonymous.ecofit&clientid=DevLauncherBridgelessDevSupportManager
Nov 05, 2025 12:05:45 AM io.gapi.emulators.netty.NotFoundHandler handleRequest
INFO: Unknown request URI: /message?device=sdk_gphone64_x86_64%20-%2016%20-%20API%2036&app=com.anonymous.ecofit&clientid=DevLauncherBridgelessDevSupportManager
Nov 05, 2025 12:05:47 AM io.gapi.emulators.netty.NotFoundHandler handleRequest
INFO: Unknown request URI: /message?device=sdk_gphone64_x86_64%20-%2016%20-%20API%2036&app=com.anonymous.ecofit&clientid=DevLauncherBridgelessDevSupportManager
Nov 05, 2025 12:05:49 AM io.gapi.emulators.netty.NotFoundHandler handleRequest
INFO: Unknown request URI: /message?device=sdk_gphone64_x86_64%20-%2016%20-%20API%2036&app=com.anonymous.ecofit&clientid=DevLauncherBridgelessDevSupportManager
Nov 05, 2025 12:05:51 AM io.gapi.emulators.netty.NotFoundHandler handleRequest
INFO: Unknown request URI: /message?device=sdk_gphone64_x86_64%20-%2016%20-%20API%2036&app=com.anonymous.ecofit&clientid=DevLauncherBridgelessDevSupportManager
Nov 05, 2025 12:05:53 AM io.gapi.emulators.netty.NotFoundHandler handleRequest
INFO: Unknown request URI: /message?device=sdk_gphone64_x86_64%20-%2016%20-%20API%2036&app=com.anonymous.ecofit&clientid=DevLauncherBridgelessDevSupportManager
Nov 05, 2025 12:05:55 AM io.gapi.emulators.netty.NotFoundHandler handleRequest
INFO: Unknown request URI: /message?device=sdk_gphone64_x86_64%20-%2016%20-%20API%2036&app=com.anonymous.ecofit&clientid=DevLauncherBridgelessDevSupportManager
Nov 05, 2025 12:05:57 AM io.gapi.emulators.netty.NotFoundHandler handleRequest
INFO: Unknown request URI: /message?device=sdk_gphone64_x86_64%20-%2016%20-%20API%2036&app=com.anonymous.ecofit&clientid=DevLauncherBridgelessDevSupportManager
Nov 05, 2025 12:05:59 AM io.gapi.emulators.netty.NotFoundHandler handleRequest
INFO: Unknown request URI: /message?device=sdk_gphone64_x86_64%20-%2016%20-%20API%2036&app=com.anonymous.ecofit&clientid=DevLauncherBridgelessDevSupportManager
Nov 05, 2025 12:06:01 AM io.gapi.emulators.netty.NotFoundHandler handleRequest
INFO: Unknown request URI: /message?device=sdk_gphone64_x86_64%20-%2016%20-%20API%2036&app=com.anonymous.ecofit&clientid=DevLauncherBridgelessDevSupportManager
Nov 05, 2025 12:06:03 AM io.gapi.emulators.netty.NotFoundHandler handleRequest
INFO: Unknown request URI: /message?device=sdk_gphone64_x86_64%20-%2016%20-%20API%2036&app=com.anonymous.ecofit&clientid=DevLauncherBridgelessDevSupportManager
Nov 05, 2025 12:06:05 AM io.gapi.emulators.netty.NotFoundHandler handleRequest
INFO: Unknown request URI: /message?device=sdk_gphone64_x86_64%20-%2016%20-%20API%2036&app=com.anonymous.ecofit&clientid=DevLauncherBridgelessDevSupportManager
Nov 05, 2025 12:06:07 AM io.gapi.emulators.netty.NotFoundHandler handleRequest
INFO: Unknown request URI: /message?device=sdk_gphone64_x86_64%20-%2016%20-%20API%2036&app=com.anonymous.ecofit&clientid=DevLauncherBridgelessDevSupportManager
Nov 05, 2025 12:06:09 AM io.gapi.emulators.netty.NotFoundHandler handleRequest
INFO: Unknown request URI: /message?device=sdk_gphone64_x86_64%20-%2016%20-%20API%2036&app=com.anonymous.ecofit&clientid=DevLauncherBridgelessDevSupportManager
Nov 05, 2025 12:06:11 AM io.gapi.emulators.netty.NotFoundHandler handleRequest
INFO: Unknown request URI: /message?device=sdk_gphone64_x86_64%20-%2016%20-%20API%2036&app=com.anonymous.ecofit&clientid=DevLauncherBridgelessDevSupportManager
Nov 05, 2025 12:06:13 AM io.gapi.emulators.netty.NotFoundHandler handleRequest
INFO: Unknown request URI: /message?device=sdk_gphone64_x86_64%20-%2016%20-%20API%2036&app=com.anonymous.ecofit&clientid=DevLauncherBridgelessDevSupportManager
Nov 05, 2025 12:06:15 AM io.gapi.emulators.netty.NotFoundHandler handleRequest
INFO: Unknown request URI: /message?device=sdk_gphone64_x86_64%20-%2016%20-%20API%2036&app=com.anonymous.ecofit&clientid=DevLauncherBridgelessDevSupportManager
Nov 05, 2025 12:06:17 AM io.gapi.emulators.netty.NotFoundHandler handleRequest
INFO: Unknown request URI: /message?device=sdk_gphone64_x86_64%20-%2016%20-%20API%2036&app=com.anonymous.ecofit&clientid=DevLauncherBridgelessDevSupportManager
Nov 05, 2025 12:06:19 AM io.gapi.emulators.netty.NotFoundHandler handleRequest
INFO: Unknown request URI: /message?device=sdk_gphone64_x86_64%20-%2016%20-%20API%2036&app=com.anonymous.ecofit&clientid=DevLauncherBridgelessDevSupportManager
Nov 05, 2025 12:06:21 AM io.gapi.emulators.netty.NotFoundHandler handleRequest
INFO: Unknown request URI: /message?device=sdk_gphone64_x86_64%20-%2016%20-%20API%2036&app=com.anonymous.ecofit&clientid=DevLauncherBridgelessDevSupportManager
Nov 05, 2025 12:06:23 AM io.gapi.emulators.netty.NotFoundHandler handleRequest
INFO: Unknown request URI: /message?device=sdk_gphone64_x86_64%20-%2016%20-%20API%2036&app=com.anonymous.ecofit&clientid=DevLauncherBridgelessDevSupportManager
Nov 05, 2025 12:06:25 AM io.gapi.emulators.netty.NotFoundHandler handleRequest
INFO: Unknown request URI: /message?device=sdk_gphone64_x86_64%20-%2016%20-%20API%2036&app=com.anonymous.ecofit&clientid=DevLauncherBridgelessDevSupportManager
Nov 05, 2025 12:06:27 AM io.gapi.emulators.netty.NotFoundHandler handleRequest
INFO: Unknown request URI: /message?device=sdk_gphone64_x86_64%20-%2016%20-%20API%2036&app=com.anonymous.ecofit&clientid=DevLauncherBridgelessDevSupportManager
Nov 05, 2025 12:06:29 AM io.gapi.emulators.netty.NotFoundHandler handleRequest
INFO: Unknown request URI: /message?device=sdk_gphone64_x86_64%20-%2016%20-%20API%2036&app=com.anonymous.ecofit&clientid=DevLauncherBridgelessDevSupportManager
Nov 05, 2025 12:06:31 AM io.gapi.emulators.netty.NotFoundHandler handleRequest
INFO: Unknown request URI: /message?device=sdk_gphone64_x86_64%20-%2016%20-%20API%2036&app=com.anonymous.ecofit&clientid=DevLauncherBridgelessDevSupportManager
Nov 05, 2025 12:06:33 AM io.gapi.emulators.netty.NotFoundHandler handleRequest
INFO: Unknown request URI: /message?device=sdk_gphone64_x86_64%20-%2016%20-%20API%2036&app=com.anonymous.ecofit&clientid=DevLauncherBridgelessDevSupportManager
Nov 05, 2025 12:06:35 AM io.gapi.emulators.netty.NotFoundHandler handleRequest
INFO: Unknown request URI: /message?device=sdk_gphone64_x86_64%20-%2016%20-%20API%2036&app=com.anonymous.ecofit&clientid=DevLauncherBridgelessDevSupportManager
Nov 05, 2025 12:06:37 AM io.gapi.emulators.netty.NotFoundHandler handleRequest
INFO: Unknown request URI: /message?device=sdk_gphone64_x86_64%20-%2016%20-%20API%2036&app=com.anonymous.ecofit&clientid=DevLauncherBridgelessDevSupportManager
Nov 05, 2025 12:06:39 AM io.gapi.emulators.netty.NotFoundHandler handleRequest
INFO: Unknown request URI: /message?device=sdk_gphone64_x86_64%20-%2016%20-%20API%2036&app=com.anonymous.ecofit&clientid=DevLauncherBridgelessDevSupportManager
Nov 05, 2025 12:06:41 AM io.gapi.emulators.netty.NotFoundHandler handleRequest
INFO: Unknown request URI: /message?device=sdk_gphone64_x86_64%20-%2016%20-%20API%2036&app=com.anonymous.ecofit&clientid=DevLauncherBridgelessDevSupportManager
Nov 05, 2025 12:06:43 AM io.gapi.emulators.netty.NotFoundHandler handleRequest
INFO: Unknown request URI: /message?device=sdk_gphone64_x86_64%20-%2016%20-%20API%2036&app=com.anonymous.ecofit&clientid=DevLauncherBridgelessDevSupportManager
Nov 05, 2025 12:06:45 AM io.gapi.emulators.netty.NotFoundHandler handleRequest
INFO: Unknown request URI: /message?device=sdk_gphone64_x86_64%20-%2016%20-%20API%2036&app=com.anonymous.ecofit&clientid=DevLauncherBridgelessDevSupportManager
Nov 05, 2025 12:06:47 AM io.gapi.emulators.netty.NotFoundHandler handleRequest
INFO: Unknown request URI: /message?device=sdk_gphone64_x86_64%20-%2016%20-%20API%2036&app=com.anonymous.ecofit&clientid=DevLauncherBridgelessDevSupportManager
Nov 05, 2025 12:06:49 AM io.gapi.emulators.netty.NotFoundHandler handleRequest
INFO: Unknown request URI: /message?device=sdk_gphone64_x86_64%20-%2016%20-%20API%2036&app=com.anonymous.ecofit&clientid=DevLauncherBridgelessDevSupportManager
Nov 05, 2025 12:06:51 AM io.gapi.emulators.netty.NotFoundHandler handleRequest
INFO: Unknown request URI: /message?device=sdk_gphone64_x86_64%20-%2016%20-%20API%2036&app=com.anonymous.ecofit&clientid=DevLauncherBridgelessDevSupportManager
Nov 05, 2025 12:06:53 AM io.gapi.emulators.netty.NotFoundHandler handleRequest
INFO: Unknown request URI: /message?device=sdk_gphone64_x86_64%20-%2016%20-%20API%2036&app=com.anonymous.ecofit&clientid=DevLauncherBridgelessDevSupportManager
Nov 05, 2025 12:06:55 AM io.gapi.emulators.netty.NotFoundHandler handleRequest
INFO: Unknown request URI: /message?device=sdk_gphone64_x86_64%20-%2016%20-%20API%2036&app=com.anonymous.ecofit&clientid=DevLauncherBridgelessDevSupportManager
Nov 05, 2025 12:06:57 AM io.gapi.emulators.netty.NotFoundHandler handleRequest
INFO: Unknown request URI: /message?device=sdk_gphone64_x86_64%20-%2016%20-%20API%2036&app=com.anonymous.ecofit&clientid=DevLauncherBridgelessDevSupportManager
Nov 05, 2025 12:06:59 AM io.gapi.emulators.netty.NotFoundHandler handleRequest
INFO: Unknown request URI: /message?device=sdk_gphone64_x86_64%20-%2016%20-%20API%2036&app=com.anonymous.ecofit&clientid=DevLauncherBridgelessDevSupportManager
Nov 05, 2025 12:07:01 AM io.gapi.emulators.netty.NotFoundHandler handleRequest
INFO: Unknown request URI: /message?device=sdk_gphone64_x86_64%20-%2016%20-%20API%2036&app=com.anonymous.ecofit&clientid=DevLauncherBridgelessDevSupportManager
Nov 05, 2025 12:07:03 AM io.gapi.emulators.netty.NotFoundHandler handleRequest
INFO: Unknown request URI: /message?device=sdk_gphone64_x86_64%20-%2016%20-%20API%2036&app=com.anonymous.ecofit&clientid=DevLauncherBridgelessDevSupportManager
Nov 05, 2025 12:07:05 AM io.gapi.emulators.netty.NotFoundHandler handleRequest
INFO: Unknown request URI: /message?device=sdk_gphone64_x86_64%20-%2016%20-%20API%2036&app=com.anonymous.ecofit&clientid=DevLauncherBridgelessDevSupportManager
Nov 05, 2025 12:07:07 AM io.gapi.emulators.netty.NotFoundHandler handleRequest
INFO: Unknown request URI: /message?device=sdk_gphone64_x86_64%20-%2016%20-%20API%2036&app=com.anonymous.ecofit&clientid=DevLauncherBridgelessDevSupportManager
Nov 05, 2025 12:07:09 AM io.gapi.emulators.netty.NotFoundHandler handleRequest
INFO: Unknown request URI: /message?device=sdk_gphone64_x86_64%20-%2016%20-%20API%2036&app=com.anonymous.ecofit&clientid=DevLauncherBridgelessDevSupportManager
Nov 05, 2025 12:07:11 AM io.gapi.emulators.netty.NotFoundHandler handleRequest
INFO: Unknown request URI: /message?device=sdk_gphone64_x86_64%20-%2016%20-%20API%2036&app=com.anonymous.ecofit&clientid=DevLauncherBridgelessDevSupportManager
Nov 05, 2025 12:07:13 AM io.gapi.emulators.netty.NotFoundHandler handleRequest
INFO: Unknown request URI: /message?device=sdk_gphone64_x86_64%20-%2016%20-%20API%2036&app=com.anonymous.ecofit&clientid=DevLauncherBridgelessDevSupportManager
Nov 05, 2025 12:07:15 AM io.gapi.emulators.netty.NotFoundHandler handleRequest
INFO: Unknown request URI: /message?device=sdk_gphone64_x86_64%20-%2016%20-%20API%2036&app=com.anonymous.ecofit&clientid=DevLauncherBridgelessDevSupportManager
Nov 05, 2025 12:07:17 AM io.gapi.emulators.netty.NotFoundHandler handleRequest
INFO: Unknown request URI: /message?device=sdk_gphone64_x86_64%20-%2016%20-%20API%2036&app=com.anonymous.ecofit&clientid=DevLauncherBridgelessDevSupportManager
Nov 05, 2025 12:07:19 AM io.gapi.emulators.netty.NotFoundHandler handleRequest
INFO: Unknown request URI: /message?device=sdk_gphone64_x86_64%20-%2016%20-%20API%2036&app=com.anonymous.ecofit&clientid=DevLauncherBridgelessDevSupportManager
Nov 05, 2025 12:07:21 AM io.gapi.emulators.netty.NotFoundHandler handleRequest
INFO: Unknown request URI: /message?device=sdk_gphone64_x86_64%20-%2016%20-%20API%2036&app=com.anonymous.ecofit&clientid=DevLauncherBridgelessDevSupportManager
Nov 05, 2025 12:07:23 AM io.gapi.emulators.netty.NotFoundHandler handleRequest
INFO: Unknown request URI: /message?device=sdk_gphone64_x86_64%20-%2016%20-%20API%2036&app=com.anonymous.ecofit&clientid=DevLauncherBridgelessDevSupportManager
Nov 05, 2025 12:07:25 AM io.gapi.emulators.netty.NotFoundHandler handleRequest
INFO: Unknown request URI: /message?device=sdk_gphone64_x86_64%20-%2016%20-%20API%2036&app=com.anonymous.ecofit&clientid=DevLauncherBridgelessDevSupportManager
Nov 05, 2025 12:07:27 AM io.gapi.emulators.netty.NotFoundHandler handleRequest
INFO: Unknown request URI: /message?device=sdk_gphone64_x86_64%20-%2016%20-%20API%2036&app=com.anonymous.ecofit&clientid=DevLauncherBridgelessDevSupportManager
Nov 05, 2025 12:07:29 AM io.gapi.emulators.netty.NotFoundHandler handleRequest
INFO: Unknown request URI: /message?device=sdk_gphone64_x86_64%20-%2016%20-%20API%2036&app=com.anonymous.ecofit&clientid=DevLauncherBridgelessDevSupportManager
Nov 05, 2025 12:07:31 AM io.gapi.emulators.netty.NotFoundHandler handleRequest
INFO: Unknown request URI: /message?device=sdk_gphone64_x86_64%20-%2016%20-%20API%2036&app=com.anonymous.ecofit&clientid=DevLauncherBridgelessDevSupportManager
Nov 05, 2025 12:07:33 AM io.gapi.emulators.netty.NotFoundHandler handleRequest
INFO: Unknown request URI: /message?device=sdk_gphone64_x86_64%20-%2016%20-%20API%2036&app=com.anonymous.ecofit&clientid=DevLauncherBridgelessDevSupportManager
Nov 05, 2025 12:07:35 AM io.gapi.emulators.netty.NotFoundHandler handleRequest
INFO: Unknown request URI: /message?device=sdk_gphone64_x86_64%20-%2016%20-%20API%2036&app=com.anonymous.ecofit&clientid=DevLauncherBridgelessDevSupportManager
Nov 05, 2025 12:07:37 AM io.gapi.emulators.netty.NotFoundHandler handleRequest
INFO: Unknown request URI: /message?device=sdk_gphone64_x86_64%20-%2016%20-%20API%2036&app=com.anonymous.ecofit&clientid=DevLauncherBridgelessDevSupportManager
Nov 05, 2025 12:07:39 AM io.gapi.emulators.netty.NotFoundHandler handleRequest
INFO: Unknown request URI: /message?device=sdk_gphone64_x86_64%20-%2016%20-%20API%2036&app=com.anonymous.ecofit&clientid=DevLauncherBridgelessDevSupportManager
Nov 05, 2025 12:07:41 AM io.gapi.emulators.netty.NotFoundHandler handleRequest
INFO: Unknown request URI: /message?device=sdk_gphone64_x86_64%20-%2016%20-%20API%2036&app=com.anonymous.ecofit&clientid=DevLauncherBridgelessDevSupportManager
Nov 05, 2025 12:07:43 AM io.gapi.emulators.netty.NotFoundHandler handleRequest
INFO: Unknown request URI: /message?device=sdk_gphone64_x86_64%20-%2016%20-%20API%2036&app=com.anonymous.ecofit&clientid=DevLauncherBridgelessDevSupportManager
Nov 05, 2025 12:07:45 AM io.gapi.emulators.netty.NotFoundHandler handleRequest
INFO: Unknown request URI: /message?device=sdk_gphone64_x86_64%20-%2016%20-%20API%2036&app=com.anonymous.ecofit&clientid=DevLauncherBridgelessDevSupportManager
Nov 05, 2025 12:07:47 AM io.gapi.emulators.netty.NotFoundHandler handleRequest
INFO: Unknown request URI: /message?device=sdk_gphone64_x86_64%20-%2016%20-%20API%2036&app=com.anonymous.ecofit&clientid=DevLauncherBridgelessDevSupportManager
Nov 05, 2025 12:07:49 AM io.gapi.emulators.netty.NotFoundHandler handleRequest
INFO: Unknown request URI: /message?device=sdk_gphone64_x86_64%20-%2016%20-%20API%2036&app=com.anonymous.ecofit&clientid=DevLauncherBridgelessDevSupportManager
Nov 05, 2025 12:07:51 AM io.gapi.emulators.netty.NotFoundHandler handleRequest
INFO: Unknown request URI: /message?device=sdk_gphone64_x86_64%20-%2016%20-%20API%2036&app=com.anonymous.ecofit&clientid=DevLauncherBridgelessDevSupportManager
Nov 05, 2025 12:07:53 AM io.gapi.emulators.netty.NotFoundHandler handleRequest
INFO: Unknown request URI: /message?device=sdk_gphone64_x86_64%20-%2016%20-%20API%2036&app=com.anonymous.ecofit&clientid=DevLauncherBridgelessDevSupportManager
Nov 05, 2025 12:07:55 AM io.gapi.emulators.netty.NotFoundHandler handleRequest
INFO: Unknown request URI: /message?device=sdk_gphone64_x86_64%20-%2016%20-%20API%2036&app=com.anonymous.ecofit&clientid=DevLauncherBridgelessDevSupportManager
Nov 05, 2025 12:07:57 AM io.gapi.emulators.netty.NotFoundHandler handleRequest
INFO: Unknown request URI: /message?device=sdk_gphone64_x86_64%20-%2016%20-%20API%2036&app=com.anonymous.ecofit&clientid=DevLauncherBridgelessDevSupportManager
Nov 05, 2025 12:07:59 AM io.gapi.emulators.netty.NotFoundHandler handleRequest
INFO: Unknown request URI: /message?device=sdk_gphone64_x86_64%20-%2016%20-%20API%2036&app=com.anonymous.ecofit&clientid=DevLauncherBridgelessDevSupportManager
Nov 05, 2025 12:08:01 AM io.gapi.emulators.netty.NotFoundHandler handleRequest
INFO: Unknown request URI: /message?device=sdk_gphone64_x86_64%20-%2016%20-%20API%2036&app=com.anonymous.ecofit&clientid=DevLauncherBridgelessDevSupportManager
Nov 05, 2025 12:08:03 AM io.gapi.emulators.netty.NotFoundHandler handleRequest
INFO: Unknown request URI: /message?device=sdk_gphone64_x86_64%20-%2016%20-%20API%2036&app=com.anonymous.ecofit&clientid=DevLauncherBridgelessDevSupportManager
Nov 05, 2025 12:08:05 AM io.gapi.emulators.netty.NotFoundHandler handleRequest
INFO: Unknown request URI: /message?device=sdk_gphone64_x86_64%20-%2016%20-%20API%2036&app=com.anonymous.ecofit&clientid=DevLauncherBridgelessDevSupportManager
Nov 05, 2025 12:08:07 AM io.gapi.emulators.netty.NotFoundHandler handleRequest
INFO: Unknown request URI: /message?device=sdk_gphone64_x86_64%20-%2016%20-%20API%2036&app=com.anonymous.ecofit&clientid=DevLauncherBridgelessDevSupportManager
Nov 05, 2025 12:08:09 AM io.gapi.emulators.netty.NotFoundHandler handleRequest
INFO: Unknown request URI: /message?device=sdk_gphone64_x86_64%20-%2016%20-%20API%2036&app=com.anonymous.ecofit&clientid=DevLauncherBridgelessDevSupportManager
Nov 05, 2025 12:08:11 AM io.gapi.emulators.netty.NotFoundHandler handleRequest
INFO: Unknown request URI: /message?device=sdk_gphone64_x86_64%20-%2016%20-%20API%2036&app=com.anonymous.ecofit&clientid=DevLauncherBridgelessDevSupportManager
Nov 05, 2025 12:08:13 AM io.gapi.emulators.netty.NotFoundHandler handleRequest
INFO: Unknown request URI: /message?device=sdk_gphone64_x86_64%20-%2016%20-%20API%2036&app=com.anonymous.ecofit&clientid=DevLauncherBridgelessDevSupportManager
Nov 05, 2025 12:08:15 AM io.gapi.emulators.netty.NotFoundHandler handleRequest
INFO: Unknown request URI: /message?device=sdk_gphone64_x86_64%20-%2016%20-%20API%2036&app=com.anonymous.ecofit&clientid=DevLauncherBridgelessDevSupportManager
Nov 05, 2025 12:08:17 AM io.gapi.emulators.netty.NotFoundHandler handleRequest
INFO: Unknown request URI: /message?device=sdk_gphone64_x86_64%20-%2016%20-%20API%2036&app=com.anonymous.ecofit&clientid=DevLauncherBridgelessDevSupportManager
Nov 05, 2025 12:08:19 AM io.gapi.emulators.netty.NotFoundHandler handleRequest
INFO: Unknown request URI: /message?device=sdk_gphone64_x86_64%20-%2016%20-%20API%2036&app=com.anonymous.ecofit&clientid=DevLauncherBridgelessDevSupportManager
Nov 05, 2025 12:08:21 AM io.gapi.emulators.netty.NotFoundHandler handleRequest
INFO: Unknown request URI: /message?device=sdk_gphone64_x86_64%20-%2016%20-%20API%2036&app=com.anonymous.ecofit&clientid=DevLauncherBridgelessDevSupportManager
Nov 05, 2025 12:08:23 AM io.gapi.emulators.netty.NotFoundHandler handleRequest
INFO: Unknown request URI: /message?device=sdk_gphone64_x86_64%20-%2016%20-%20API%2036&app=com.anonymous.ecofit&clientid=DevLauncherBridgelessDevSupportManager
Nov 05, 2025 12:08:25 AM io.gapi.emulators.netty.NotFoundHandler handleRequest
INFO: Unknown request URI: /message?device=sdk_gphone64_x86_64%20-%2016%20-%20API%2036&app=com.anonymous.ecofit&clientid=DevLauncherBridgelessDevSupportManager
Nov 05, 2025 12:08:27 AM io.gapi.emulators.netty.NotFoundHandler handleRequest
INFO: Unknown request URI: /message?device=sdk_gphone64_x86_64%20-%2016%20-%20API%2036&app=com.anonymous.ecofit&clientid=DevLauncherBridgelessDevSupportManager
Nov 05, 2025 12:08:29 AM io.gapi.emulators.netty.NotFoundHandler handleRequest
INFO: Unknown request URI: /message?device=sdk_gphone64_x86_64%20-%2016%20-%20API%2036&app=com.anonymous.ecofit&clientid=DevLauncherBridgelessDevSupportManager
Nov 05, 2025 12:08:31 AM io.gapi.emulators.netty.NotFoundHandler handleRequest
INFO: Unknown request URI: /message?device=sdk_gphone64_x86_64%20-%2016%20-%20API%2036&app=com.anonymous.ecofit&clientid=DevLauncherBridgelessDevSupportManager
Nov 05, 2025 12:08:33 AM io.gapi.emulators.netty.NotFoundHandler handleRequest
INFO: Unknown request URI: /message?device=sdk_gphone64_x86_64%20-%2016%20-%20API%2036&app=com.anonymous.ecofit&clientid=DevLauncherBridgelessDevSupportManager
Nov 05, 2025 12:08:35 AM io.gapi.emulators.netty.NotFoundHandler handleRequest
INFO: Unknown request URI: /message?device=sdk_gphone64_x86_64%20-%2016%20-%20API%2036&app=com.anonymous.ecofit&clientid=DevLauncherBridgelessDevSupportManager
Nov 05, 2025 12:08:37 AM io.gapi.emulators.netty.NotFoundHandler handleRequest
INFO: Unknown request URI: /message?device=sdk_gphone64_x86_64%20-%2016%20-%20API%2036&app=com.anonymous.ecofit&clientid=DevLauncherBridgelessDevSupportManager
Nov 05, 2025 12:08:39 AM io.gapi.emulators.netty.NotFoundHandler handleRequest
INFO: Unknown request URI: /message?device=sdk_gphone64_x86_64%20-%2016%20-%20API%2036&app=com.anonymous.ecofit&clientid=DevLauncherBridgelessDevSupportManager
Nov 05, 2025 12:08:41 AM io.gapi.emulators.netty.NotFoundHandler handleRequest
INFO: Unknown request URI: /message?device=sdk_gphone64_x86_64%20-%2016%20-%20API%2036&app=com.anonymous.ecofit&clientid=DevLauncherBridgelessDevSupportManager
Nov 05, 2025 12:08:43 AM io.gapi.emulators.netty.NotFoundHandler handleRequest
INFO: Unknown request URI: /message?device=sdk_gphone64_x86_64%20-%2016%20-%20API%2036&app=com.anonymous.ecofit&clientid=DevLauncherBridgelessDevSupportManager
Nov 05, 2025 12:08:45 AM io.gapi.emulators.netty.NotFoundHandler handleRequest
INFO: Unknown request URI: /message?device=sdk_gphone64_x86_64%20-%2016%20-%20API%2036&app=com.anonymous.ecofit&clientid=DevLauncherBridgelessDevSupportManager
Nov 05, 2025 12:08:47 AM io.gapi.emulators.netty.NotFoundHandler handleRequest
INFO: Unknown request URI: /message?device=sdk_gphone64_x86_64%20-%2016%20-%20API%2036&app=com.anonymous.ecofit&clientid=DevLauncherBridgelessDevSupportManager
Nov 05, 2025 12:08:49 AM io.gapi.emulators.netty.NotFoundHandler handleRequest
INFO: Unknown request URI: /message?device=sdk_gphone64_x86_64%20-%2016%20-%20API%2036&app=com.anonymous.ecofit&clientid=DevLauncherBridgelessDevSupportManager
Nov 05, 2025 12:08:51 AM io.gapi.emulators.netty.NotFoundHandler handleRequest
INFO: Unknown request URI: /message?device=sdk_gphone64_x86_64%20-%2016%20-%20API%2036&app=com.anonymous.ecofit&clientid=DevLauncherBridgelessDevSupportManager
Nov 05, 2025 12:08:53 AM io.gapi.emulators.netty.NotFoundHandler handleRequest
INFO: Unknown request URI: /message?device=sdk_gphone64_x86_64%20-%2016%20-%20API%2036&app=com.anonymous.ecofit&clientid=DevLauncherBridgelessDevSupportManager
Nov 05, 2025 12:08:55 AM io.gapi.emulators.netty.NotFoundHandler handleRequest
INFO: Unknown request URI: /message?device=sdk_gphone64_x86_64%20-%2016%20-%20API%2036&app=com.anonymous.ecofit&clientid=DevLauncherBridgelessDevSupportManager
Nov 05, 2025 12:08:57 AM io.gapi.emulators.netty.NotFoundHandler handleRequest
INFO: Unknown request URI: /message?device=sdk_gphone64_x86_64%20-%2016%20-%20API%2036&app=com.anonymous.ecofit&clientid=DevLauncherBridgelessDevSupportManager
Nov 05, 2025 12:08:59 AM io.gapi.emulators.netty.NotFoundHandler handleRequest
INFO: Unknown request URI: /message?device=sdk_gphone64_x86_64%20-%2016%20-%20API%2036&app=com.anonymous.ecofit&clientid=DevLauncherBridgelessDevSupportManager
Nov 05, 2025 12:09:01 AM io.gapi.emulators.netty.NotFoundHandler handleRequest
INFO: Unknown request URI: /message?device=sdk_gphone64_x86_64%20-%2016%20-%20API%2036&app=com.anonymous.ecofit&clientid=DevLauncherBridgelessDevSupportManager
Nov 05, 2025 12:09:03 AM io.gapi.emulators.netty.NotFoundHandler handleRequest
INFO: Unknown request URI: /message?device=sdk_gphone64_x86_64%20-%2016%20-%20API%2036&app=com.anonymous.ecofit&clientid=DevLauncherBridgelessDevSupportManager
Nov 05, 2025 12:09:05 AM io.gapi.emulators.netty.NotFoundHandler handleRequest
INFO: Unknown request URI: /message?device=sdk_gphone64_x86_64%20-%2016%20-%20API%2036&app=com.anonymous.ecofit&clientid=DevLauncherBridgelessDevSupportManager
Nov 05, 2025 12:09:07 AM io.gapi.emulators.netty.NotFoundHandler handleRequest
INFO: Unknown request URI: /message?device=sdk_gphone64_x86_64%20-%2016%20-%20API%2036&app=com.anonymous.ecofit&clientid=DevLauncherBridgelessDevSupportManager
Nov 05, 2025 12:09:09 AM io.gapi.emulators.netty.NotFoundHandler handleRequest
INFO: Unknown request URI: /message?device=sdk_gphone64_x86_64%20-%2016%20-%20API%2036&app=com.anonymous.ecofit&clientid=DevLauncherBridgelessDevSupportManager
Nov 05, 2025 12:09:11 AM io.gapi.emulators.netty.NotFoundHandler handleRequest
INFO: Unknown request URI: /message?device=sdk_gphone64_x86_64%20-%2016%20-%20API%2036&app=com.anonymous.ecofit&clientid=DevLauncherBridgelessDevSupportManager
Nov 05, 2025 12:09:13 AM io.gapi.emulators.netty.NotFoundHandler handleRequest
INFO: Unknown request URI: /message?device=sdk_gphone64_x86_64%20-%2016%20-%20API%2036&app=com.anonymous.ecofit&clientid=DevLauncherBridgelessDevSupportManager
Nov 05, 2025 12:09:15 AM io.gapi.emulators.netty.NotFoundHandler handleRequest
INFO: Unknown request URI: /message?device=sdk_gphone64_x86_64%20-%2016%20-%20API%2036&app=com.anonymous.ecofit&clientid=DevLauncherBridgelessDevSupportManager
Nov 05, 2025 12:09:17 AM io.gapi.emulators.netty.NotFoundHandler handleRequest
INFO: Unknown request URI: /message?device=sdk_gphone64_x86_64%20-%2016%20-%20API%2036&app=com.anonymous.ecofit&clientid=DevLauncherBridgelessDevSupportManager
Nov 05, 2025 12:09:19 AM io.gapi.emulators.netty.NotFoundHandler handleRequest
INFO: Unknown request URI: /message?device=sdk_gphone64_x86_64%20-%2016%20-%20API%2036&app=com.anonymous.ecofit&clientid=DevLauncherBridgelessDevSupportManager
Nov 05, 2025 12:09:21 AM io.gapi.emulators.netty.NotFoundHandler handleRequest
INFO: Unknown request URI: /message?device=sdk_gphone64_x86_64%20-%2016%20-%20API%2036&app=com.anonymous.ecofit&clientid=DevLauncherBridgelessDevSupportManager
Nov 05, 2025 12:09:23 AM io.gapi.emulators.netty.NotFoundHandler handleRequest
INFO: Unknown request URI: /message?device=sdk_gphone64_x86_64%20-%2016%20-%20API%2036&app=com.anonymous.ecofit&clientid=DevLauncherBridgelessDevSupportManager
Nov 05, 2025 12:09:25 AM io.gapi.emulators.netty.NotFoundHandler handleRequest
INFO: Unknown request URI: /message?device=sdk_gphone64_x86_64%20-%2016%20-%20API%2036&app=com.anonymous.ecofit&clientid=DevLauncherBridgelessDevSupportManager
Nov 05, 2025 12:09:27 AM io.gapi.emulators.netty.NotFoundHandler handleRequest
INFO: Unknown request URI: /message?device=sdk_gphone64_x86_64%20-%2016%20-%20API%2036&app=com.anonymous.ecofit&clientid=DevLauncherBridgelessDevSupportManager
Nov 05, 2025 12:09:29 AM io.gapi.emulators.netty.NotFoundHandler handleRequest
INFO: Unknown request URI: /message?device=sdk_gphone64_x86_64%20-%2016%20-%20API%2036&app=com.anonymous.ecofit&clientid=DevLauncherBridgelessDevSupportManager
Nov 05, 2025 12:09:31 AM io.gapi.emulators.netty.NotFoundHandler handleRequest
INFO: Unknown request URI: /message?device=sdk_gphone64_x86_64%20-%2016%20-%20API%2036&app=com.anonymous.ecofit&clientid=DevLauncherBridgelessDevSupportManager
Nov 05, 2025 12:09:33 AM io.gapi.emulators.netty.NotFoundHandler handleRequest
INFO: Unknown request URI: /message?device=sdk_gphone64_x86_64%20-%2016%20-%20API%2036&app=com.anonymous.ecofit&clientid=DevLauncherBridgelessDevSupportManager
Nov 05, 2025 12:09:35 AM io.gapi.emulators.netty.NotFoundHandler handleRequest
INFO: Unknown request URI: /message?device=sdk_gphone64_x86_64%20-%2016%20-%20API%2036&app=com.anonymous.ecofit&clientid=DevLauncherBridgelessDevSupportManager
Nov 05, 2025 12:09:37 AM io.gapi.emulators.netty.NotFoundHandler handleRequest
INFO: Unknown request URI: /message?device=sdk_gphone64_x86_64%20-%2016%20-%20API%2036&app=com.anonymous.ecofit&clientid=DevLauncherBridgelessDevSupportManager
Nov 05, 2025 12:09:39 AM io.gapi.emulators.netty.NotFoundHandler handleRequest
INFO: Unknown request URI: /message?device=sdk_gphone64_x86_64%20-%2016%20-%20API%2036&app=com.anonymous.ecofit&clientid=DevLauncherBridgelessDevSupportManager
Nov 05, 2025 12:09:41 AM io.gapi.emulators.netty.NotFoundHandler handleRequest
INFO: Unknown request URI: /message?device=sdk_gphone64_x86_64%20-%2016%20-%20API%2036&app=com.anonymous.ecofit&clientid=DevLauncherBridgelessDevSupportManager
Nov 05, 2025 12:09:43 AM io.gapi.emulators.netty.NotFoundHandler handleRequest
INFO: Unknown request URI: /message?device=sdk_gphone64_x86_64%20-%2016%20-%20API%2036&app=com.anonymous.ecofit&clientid=DevLauncherBridgelessDevSupportManager
Nov 05, 2025 12:09:45 AM io.gapi.emulators.netty.NotFoundHandler handleRequest
INFO: Unknown request URI: /message?device=sdk_gphone64_x86_64%20-%2016%20-%20API%2036&app=com.anonymous.ecofit&clientid=DevLauncherBridgelessDevSupportManager
Nov 05, 2025 12:09:47 AM io.gapi.emulators.netty.NotFoundHandler handleRequest
INFO: Unknown request URI: /message?device=sdk_gphone64_x86_64%20-%2016%20-%20API%2036&app=com.anonymous.ecofit&clientid=DevLauncherBridgelessDevSupportManager
Nov 05, 2025 12:09:49 AM io.gapi.emulators.netty.NotFoundHandler handleRequest
INFO: Unknown request URI: /message?device=sdk_gphone64_x86_64%20-%2016%20-%20API%2036&app=com.anonymous.ecofit&clientid=DevLauncherBridgelessDevSupportManager
Nov 05, 2025 12:09:51 AM io.gapi.emulators.netty.NotFoundHandler handleRequest
INFO: Unknown request URI: /message?device=sdk_gphone64_x86_64%20-%2016%20-%20API%2036&app=com.anonymous.ecofit&clientid=DevLauncherBridgelessDevSupportManager
Nov 05, 2025 12:09:53 AM io.gapi.emulators.netty.NotFoundHandler handleRequest
INFO: Unknown request URI: /message?device=sdk_gphone64_x86_64%20-%2016%20-%20API%2036&app=com.anonymous.ecofit&clientid=DevLauncherBridgelessDevSupportManager
Nov 05, 2025 12:09:55 AM io.gapi.emulators.netty.NotFoundHandler handleRequest
INFO: Unknown request URI: /message?device=sdk_gphone64_x86_64%20-%2016%20-%20API%2036&app=com.anonymous.ecofit&clientid=DevLauncherBridgelessDevSupportManager
Nov 05, 2025 12:09:57 AM io.gapi.emulators.netty.NotFoundHandler handleRequest
INFO: Unknown request URI: /message?device=sdk_gphone64_x86_64%20-%2016%20-%20API%2036&app=com.anonymous.ecofit&clientid=DevLauncherBridgelessDevSupportManager
Nov 05, 2025 12:09:59 AM io.gapi.emulators.netty.NotFoundHandler handleRequest
INFO: Unknown request URI: /message?device=sdk_gphone64_x86_64%20-%2016%20-%20API%2036&app=com.anonymous.ecofit&clientid=DevLauncherBridgelessDevSupportManager
Nov 05, 2025 12:10:01 AM io.gapi.emulators.netty.NotFoundHandler handleRequest
INFO: Unknown request URI: /message?device=sdk_gphone64_x86_64%20-%2016%20-%20API%2036&app=com.anonymous.ecofit&clientid=DevLauncherBridgelessDevSupportManager
Nov 05, 2025 12:10:03 AM io.gapi.emulators.netty.NotFoundHandler handleRequest
INFO: Unknown request URI: /message?device=sdk_gphone64_x86_64%20-%2016%20-%20API%2036&app=com.anonymous.ecofit&clientid=DevLauncherBridgelessDevSupportManager
Nov 05, 2025 12:10:05 AM io.gapi.emulators.netty.NotFoundHandler handleRequest
INFO: Unknown request URI: /message?device=sdk_gphone64_x86_64%20-%2016%20-%20API%2036&app=com.anonymous.ecofit&clientid=DevLauncherBridgelessDevSupportManager
Nov 05, 2025 12:10:07 AM io.gapi.emulators.netty.NotFoundHandler handleRequest
INFO: Unknown request URI: /message?device=sdk_gphone64_x86_64%20-%2016%20-%20API%2036&app=com.anonymous.ecofit&clientid=DevLauncherBridgelessDevSupportManager
Nov 05, 2025 12:10:09 AM io.gapi.emulators.netty.NotFoundHandler handleRequest
INFO: Unknown request URI: /message?device=sdk_gphone64_x86_64%20-%2016%20-%20API%2036&app=com.anonymous.ecofit&clientid=DevLauncherBridgelessDevSupportManager
Nov 05, 2025 12:10:11 AM io.gapi.emulators.netty.NotFoundHandler handleRequest
INFO: Unknown request URI: /message?device=sdk_gphone64_x86_64%20-%2016%20-%20API%2036&app=com.anonymous.ecofit&clientid=DevLauncherBridgelessDevSupportManager
Nov 05, 2025 12:10:13 AM io.gapi.emulators.netty.NotFoundHandler handleRequest
INFO: Unknown request URI: /message?device=sdk_gphone64_x86_64%20-%2016%20-%20API%2036&app=com.anonymous.ecofit&clientid=DevLauncherBridgelessDevSupportManager
Nov 05, 2025 12:10:15 AM io.gapi.emulators.netty.NotFoundHandler handleRequest
INFO: Unknown request URI: /message?device=sdk_gphone64_x86_64%20-%2016%20-%20API%2036&app=com.anonymous.ecofit&clientid=DevLauncherBridgelessDevSupportManager
Nov 05, 2025 12:10:17 AM io.gapi.emulators.netty.NotFoundHandler handleRequest
INFO: Unknown request URI: /message?device=sdk_gphone64_x86_64%20-%2016%20-%20API%2036&app=com.anonymous.ecofit&clientid=DevLauncherBridgelessDevSupportManager
Nov 05, 2025 12:10:19 AM io.gapi.emulators.netty.NotFoundHandler handleRequest
INFO: Unknown request URI: /message?device=sdk_gphone64_x86_64%20-%2016%20-%20API%2036&app=com.anonymous.ecofit&clientid=DevLauncherBridgelessDevSupportManager
Nov 05, 2025 12:10:21 AM io.gapi.emulators.netty.NotFoundHandler handleRequest
INFO: Unknown request URI: /message?device=sdk_gphone64_x86_64%20-%2016%20-%20API%2036&app=com.anonymous.ecofit&clientid=DevLauncherBridgelessDevSupportManager
Nov 05, 2025 12:10:23 AM io.gapi.emulators.netty.NotFoundHandler handleRequest
INFO: Unknown request URI: /message?device=sdk_gphone64_x86_64%20-%2016%20-%20API%2036&app=com.anonymous.ecofit&clientid=DevLauncherBridgelessDevSupportManager
Nov 05, 2025 12:10:25 AM io.gapi.emulators.netty.NotFoundHandler handleRequest
INFO: Unknown request URI: /message?device=sdk_gphone64_x86_64%20-%2016%20-%20API%2036&app=com.anonymous.ecofit&clientid=DevLauncherBridgelessDevSupportManager
Nov 05, 2025 12:10:27 AM io.gapi.emulators.netty.NotFoundHandler handleRequest
INFO: Unknown request URI: /message?device=sdk_gphone64_x86_64%20-%2016%20-%20API%2036&app=com.anonymous.ecofit&clientid=DevLauncherBridgelessDevSupportManager
Nov 05, 2025 12:10:29 AM io.gapi.emulators.netty.NotFoundHandler handleRequest
INFO: Unknown request URI: /message?device=sdk_gphone64_x86_64%20-%2016%20-%20API%2036&app=com.anonymous.ecofit&clientid=DevLauncherBridgelessDevSupportManager
Nov 05, 2025 12:10:31 AM io.gapi.emulators.netty.NotFoundHandler handleRequest
INFO: Unknown request URI: /message?device=sdk_gphone64_x86_64%20-%2016%20-%20API%2036&app=com.anonymous.ecofit&clientid=DevLauncherBridgelessDevSupportManager
Nov 05, 2025 12:10:33 AM io.gapi.emulators.netty.NotFoundHandler handleRequest
INFO: Unknown request URI: /message?device=sdk_gphone64_x86_64%20-%2016%20-%20API%2036&app=com.anonymous.ecofit&clientid=DevLauncherBridgelessDevSupportManager
Nov 05, 2025 12:10:35 AM io.gapi.emulators.netty.NotFoundHandler handleRequest
INFO: Unknown request URI: /message?device=sdk_gphone64_x86_64%20-%2016%20-%20API%2036&app=com.anonymous.ecofit&clientid=DevLauncherBridgelessDevSupportManager
Nov 05, 2025 12:10:37 AM io.gapi.emulators.netty.NotFoundHandler handleRequest
INFO: Unknown request URI: /message?device=sdk_gphone64_x86_64%20-%2016%20-%20API%2036&app=com.anonymous.ecofit&clientid=DevLauncherBridgelessDevSupportManager
Nov 05, 2025 12:10:39 AM io.gapi.emulators.netty.NotFoundHandler handleRequest
INFO: Unknown request URI: /message?device=sdk_gphone64_x86_64%20-%2016%20-%20API%2036&app=com.anonymous.ecofit&clientid=DevLauncherBridgelessDevSupportManager
Nov 05, 2025 12:10:41 AM io.gapi.emulators.netty.NotFoundHandler handleRequest
INFO: Unknown request URI: /message?device=sdk_gphone64_x86_64%20-%2016%20-%20API%2036&app=com.anonymous.ecofit&clientid=DevLauncherBridgelessDevSupportManager
Nov 05, 2025 12:10:43 AM io.gapi.emulators.netty.NotFoundHandler handleRequest
INFO: Unknown request URI: /message?device=sdk_gphone64_x86_64%20-%2016%20-%20API%2036&app=com.anonymous.ecofit&clientid=DevLauncherBridgelessDevSupportManager
Nov 05, 2025 12:10:45 AM io.gapi.emulators.netty.NotFoundHandler handleRequest
INFO: Unknown request URI: /message?device=sdk_gphone64_x86_64%20-%2016%20-%20API%2036&app=com.anonymous.ecofit&clientid=DevLauncherBridgelessDevSupportManager
Nov 05, 2025 12:10:47 AM io.gapi.emulators.netty.NotFoundHandler handleRequest
INFO: Unknown request URI: /message?device=sdk_gphone64_x86_64%20-%2016%20-%20API%2036&app=com.anonymous.ecofit&clientid=DevLauncherBridgelessDevSupportManager
Nov 05, 2025 12:10:49 AM io.gapi.emulators.netty.NotFoundHandler handleRequest
INFO: Unknown request URI: /message?device=sdk_gphone64_x86_64%20-%2016%20-%20API%2036&app=com.anonymous.ecofit&clientid=DevLauncherBridgelessDevSupportManager
Nov 05, 2025 12:10:51 AM io.gapi.emulators.netty.NotFoundHandler handleRequest
INFO: Unknown request URI: /message?device=sdk_gphone64_x86_64%20-%2016%20-%20API%2036&app=com.anonymous.ecofit&clientid=DevLauncherBridgelessDevSupportManager
Nov 05, 2025 12:10:53 AM io.gapi.emulators.netty.NotFoundHandler handleRequest
INFO: Unknown request URI: /message?device=sdk_gphone64_x86_64%20-%2016%20-%20API%2036&app=com.anonymous.ecofit&clientid=DevLauncherBridgelessDevSupportManager
Nov 05, 2025 12:10:55 AM io.gapi.emulators.netty.NotFoundHandler handleRequest
INFO: Unknown request URI: /message?device=sdk_gphone64_x86_64%20-%2016%20-%20API%2036&app=com.anonymous.ecofit&clientid=DevLauncherBridgelessDevSupportManager
Nov 05, 2025 12:10:58 AM io.gapi.emulators.netty.NotFoundHandler handleRequest
INFO: Unknown request URI: /message?device=sdk_gphone64_x86_64%20-%2016%20-%20API%2036&app=com.anonymous.ecofit&clientid=DevLauncherBridgelessDevSupportManager
Nov 05, 2025 12:11:00 AM io.gapi.emulators.netty.NotFoundHandler handleRequest
INFO: Unknown request URI: /message?device=sdk_gphone64_x86_64%20-%2016%20-%20API%2036&app=com.anonymous.ecofit&clientid=DevLauncherBridgelessDevSupportManager
Nov 05, 2025 12:11:02 AM io.gapi.emulators.netty.NotFoundHandler handleRequest
INFO: Unknown request URI: /message?device=sdk_gphone64_x86_64%20-%2016%20-%20API%2036&app=com.anonymous.ecofit&clientid=DevLauncherBridgelessDevSupportManager
Nov 05, 2025 12:11:04 AM io.gapi.emulators.netty.NotFoundHandler handleRequest
INFO: Unknown request URI: /message?device=sdk_gphone64_x86_64%20-%2016%20-%20API%2036&app=com.anonymous.ecofit&clientid=DevLauncherBridgelessDevSupportManager
Nov 05, 2025 12:11:06 AM io.gapi.emulators.netty.NotFoundHandler handleRequest
INFO: Unknown request URI: /message?device=sdk_gphone64_x86_64%20-%2016%20-%20API%2036&app=com.anonymous.ecofit&clientid=DevLauncherBridgelessDevSupportManager
Nov 05, 2025 12:11:08 AM io.gapi.emulators.netty.NotFoundHandler handleRequest
INFO: Unknown request URI: /message?device=sdk_gphone64_x86_64%20-%2016%20-%20API%2036&app=com.anonymous.ecofit&clientid=DevLauncherBridgelessDevSupportManager
Nov 05, 2025 12:11:10 AM io.gapi.emulators.netty.NotFoundHandler handleRequest
INFO: Unknown request URI: /message?device=sdk_gphone64_x86_64%20-%2016%20-%20API%2036&app=com.anonymous.ecofit&clientid=DevLauncherBridgelessDevSupportManager
Nov 05, 2025 12:11:12 AM io.gapi.emulators.netty.NotFoundHandler handleRequest
INFO: Unknown request URI: /message?device=sdk_gphone64_x86_64%20-%2016%20-%20API%2036&app=com.anonymous.ecofit&clientid=DevLauncherBridgelessDevSupportManager
Nov 05, 2025 12:11:14 AM io.gapi.emulators.netty.NotFoundHandler handleRequest
INFO: Unknown request URI: /message?device=sdk_gphone64_x86_64%20-%2016%20-%20API%2036&app=com.anonymous.ecofit&clientid=DevLauncherBridgelessDevSupportManager
Nov 05, 2025 12:11:16 AM io.gapi.emulators.netty.NotFoundHandler handleRequest
INFO: Unknown request URI: /message?device=sdk_gphone64_x86_64%20-%2016%20-%20API%2036&app=com.anonymous.ecofit&clientid=DevLauncherBridgelessDevSupportManager
Nov 05, 2025 12:11:18 AM io.gapi.emulators.netty.NotFoundHandler handleRequest
INFO: Unknown request URI: /message?device=sdk_gphone64_x86_64%20-%2016%20-%20API%2036&app=com.anonymous.ecofit&clientid=DevLauncherBridgelessDevSupportManager
Nov 05, 2025 12:11:20 AM io.gapi.emulators.netty.NotFoundHandler handleRequest
INFO: Unknown request URI: /message?device=sdk_gphone64_x86_64%20-%2016%20-%20API%2036&app=com.anonymous.ecofit&clientid=DevLauncherBridgelessDevSupportManager
Nov 05, 2025 12:11:22 AM io.gapi.emulators.netty.NotFoundHandler handleRequest
INFO: Unknown request URI: /message?device=sdk_gphone64_x86_64%20-%2016%20-%20API%2036&app=com.anonymous.ecofit&clientid=DevLauncherBridgelessDevSupportManager
Nov 05, 2025 12:11:24 AM io.gapi.emulators.netty.NotFoundHandler handleRequest
INFO: Unknown request URI: /message?device=sdk_gphone64_x86_64%20-%2016%20-%20API%2036&app=com.anonymous.ecofit&clientid=DevLauncherBridgelessDevSupportManager
Nov 05, 2025 12:11:26 AM io.gapi.emulators.netty.NotFoundHandler handleRequest
INFO: Unknown request URI: /message?device=sdk_gphone64_x86_64%20-%2016%20-%20API%2036&app=com.anonymous.ecofit&clientid=DevLauncherBridgelessDevSupportManager
Nov 05, 2025 12:11:28 AM io.gapi.emulators.netty.NotFoundHandler handleRequest
INFO: Unknown request URI: /message?device=sdk_gphone64_x86_64%20-%2016%20-%20API%2036&app=com.anonymous.ecofit&clientid=DevLauncherBridgelessDevSupportManager
Nov 05, 2025 12:11:30 AM io.gapi.emulators.netty.NotFoundHandler handleRequest
INFO: Unknown request URI: /message?device=sdk_gphone64_x86_64%20-%2016%20-%20API%2036&app=com.anonymous.ecofit&clientid=DevLauncherBridgelessDevSupportManager
Nov 05, 2025 12:11:32 AM io.gapi.emulators.netty.NotFoundHandler handleRequest
INFO: Unknown request URI: /message?device=sdk_gphone64_x86_64%20-%2016%20-%20API%2036&app=com.anonymous.ecofit&clientid=DevLauncherBridgelessDevSupportManager
Nov 05, 2025 12:11:34 AM io.gapi.emulators.netty.NotFoundHandler handleRequest
INFO: Unknown request URI: /message?device=sdk_gphone64_x86_64%20-%2016%20-%20API%2036&app=com.anonymous.ecofit&clientid=DevLauncherBridgelessDevSupportManager
Nov 05, 2025 12:11:36 AM io.gapi.emulators.netty.NotFoundHandler handleRequest
INFO: Unknown request URI: /message?device=sdk_gphone64_x86_64%20-%2016%20-%20API%2036&app=com.anonymous.ecofit&clientid=DevLauncherBridgelessDevSupportManager
Nov 05, 2025 12:11:38 AM io.gapi.emulators.netty.NotFoundHandler handleRequest
INFO: Unknown request URI: /message?device=sdk_gphone64_x86_64%20-%2016%20-%20API%2036&app=com.anonymous.ecofit&clientid=DevLauncherBridgelessDevSupportManager
Nov 05, 2025 12:11:40 AM io.gapi.emulators.netty.NotFoundHandler handleRequest
INFO: Unknown request URI: /message?device=sdk_gphone64_x86_64%20-%2016%20-%20API%2036&app=com.anonymous.ecofit&clientid=DevLauncherBridgelessDevSupportManager
Nov 05, 2025 12:11:42 AM io.gapi.emulators.netty.NotFoundHandler handleRequest
INFO: Unknown request URI: /message?device=sdk_gphone64_x86_64%20-%2016%20-%20API%2036&app=com.anonymous.ecofit&clientid=DevLauncherBridgelessDevSupportManager
Nov 05, 2025 12:11:44 AM io.gapi.emulators.netty.NotFoundHandler handleRequest
INFO: Unknown request URI: /message?device=sdk_gphone64_x86_64%20-%2016%20-%20API%2036&app=com.anonymous.ecofit&clientid=DevLauncherBridgelessDevSupportManager
Nov 05, 2025 12:11:46 AM io.gapi.emulators.netty.NotFoundHandler handleRequest
INFO: Unknown request URI: /message?device=sdk_gphone64_x86_64%20-%2016%20-%20API%2036&app=com.anonymous.ecofit&clientid=DevLauncherBridgelessDevSupportManager
Nov 05, 2025 12:11:48 AM io.gapi.emulators.netty.NotFoundHandler handleRequest
INFO: Unknown request URI: /message?device=sdk_gphone64_x86_64%20-%2016%20-%20API%2036&app=com.anonymous.ecofit&clientid=DevLauncherBridgelessDevSupportManager
Nov 05, 2025 12:11:50 AM io.gapi.emulators.netty.NotFoundHandler handleRequest
INFO: Unknown request URI: /message?device=sdk_gphone64_x86_64%20-%2016%20-%20API%2036&app=com.anonymous.ecofit&clientid=DevLauncherBridgelessDevSupportManager
Nov 05, 2025 12:11:52 AM io.gapi.emulators.netty.NotFoundHandler handleRequest
INFO: Unknown request URI: /message?device=sdk_gphone64_x86_64%20-%2016%20-%20API%2036&app=com.anonymous.ecofit&clientid=DevLauncherBridgelessDevSupportManager
Nov 05, 2025 12:11:54 AM io.gapi.emulators.netty.NotFoundHandler handleRequest
INFO: Unknown request URI: /message?device=sdk_gphone64_x86_64%20-%2016%20-%20API%2036&app=com.anonymous.ecofit&clientid=DevLauncherBridgelessDevSupportManager
Nov 05, 2025 12:11:56 AM io.gapi.emulators.netty.NotFoundHandler handleRequest
INFO: Unknown request URI: /message?device=sdk_gphone64_x86_64%20-%2016%20-%20API%2036&app=com.anonymous.ecofit&clientid=DevLauncherBridgelessDevSupportManager
Nov 05, 2025 12:11:58 AM io.gapi.emulators.netty.NotFoundHandler handleRequest
INFO: Unknown request URI: /message?device=sdk_gphone64_x86_64%20-%2016%20-%20API%2036&app=com.anonymous.ecofit&clientid=DevLauncherBridgelessDevSupportManager
Nov 05, 2025 12:12:00 AM io.gapi.emulators.netty.NotFoundHandler handleRequest
INFO: Unknown request URI: /message?device=sdk_gphone64_x86_64%20-%2016%20-%20API%2036&app=com.anonymous.ecofit&clientid=DevLauncherBridgelessDevSupportManager
Nov 05, 2025 12:12:02 AM io.gapi.emulators.netty.NotFoundHandler handleRequest
INFO: Unknown request URI: /message?device=sdk_gphone64_x86_64%20-%2016%20-%20API%2036&app=com.anonymous.ecofit&clientid=DevLauncherBridgelessDevSupportManager
Nov 05, 2025 12:12:04 AM io.gapi.emulators.netty.NotFoundHandler handleRequest
INFO: Unknown request URI: /message?device=sdk_gphone64_x86_64%20-%2016%20-%20API%2036&app=com.anonymous.ecofit&clientid=DevLauncherBridgelessDevSupportManager
Nov 05, 2025 12:12:06 AM io.gapi.emulators.netty.NotFoundHandler handleRequest
INFO: Unknown request URI: /message?device=sdk_gphone64_x86_64%20-%2016%20-%20API%2036&app=com.anonymous.ecofit&clientid=DevLauncherBridgelessDevSupportManager
Nov 05, 2025 12:12:08 AM io.gapi.emulators.netty.NotFoundHandler handleRequest
INFO: Unknown request URI: /message?device=sdk_gphone64_x86_64%20-%2016%20-%20API%2036&app=com.anonymous.ecofit&clientid=DevLauncherBridgelessDevSupportManager
Nov 05, 2025 12:12:10 AM io.gapi.emulators.netty.NotFoundHandler handleRequest
INFO: Unknown request URI: /message?device=sdk_gphone64_x86_64%20-%2016%20-%20API%2036&app=com.anonymous.ecofit&clientid=DevLauncherBridgelessDevSupportManager
Nov 05, 2025 12:12:12 AM io.gapi.emulators.netty.NotFoundHandler handleRequest
INFO: Unknown request URI: /message?device=sdk_gphone64_x86_64%20-%2016%20-%20API%2036&app=com.anonymous.ecofit&clientid=DevLauncherBridgelessDevSupportManager
Nov 05, 2025 12:12:14 AM io.gapi.emulators.netty.NotFoundHandler handleRequest
INFO: Unknown request URI: /message?device=sdk_gphone64_x86_64%20-%2016%20-%20API%2036&app=com.anonymous.ecofit&clientid=DevLauncherBridgelessDevSupportManager
Nov 05, 2025 12:12:16 AM io.gapi.emulators.netty.NotFoundHandler handleRequest
INFO: Unknown request URI: /message?device=sdk_gphone64_x86_64%20-%2016%20-%20API%2036&app=com.anonymous.ecofit&clientid=DevLauncherBridgelessDevSupportManager
Nov 05, 2025 12:12:18 AM io.gapi.emulators.netty.NotFoundHandler handleRequest
INFO: Unknown request URI: /message?device=sdk_gphone64_x86_64%20-%2016%20-%20API%2036&app=com.anonymous.ecofit&clientid=DevLauncherBridgelessDevSupportManager
Nov 05, 2025 12:12:20 AM io.gapi.emulators.netty.NotFoundHandler handleRequest
INFO: Unknown request URI: /message?device=sdk_gphone64_x86_64%20-%2016%20-%20API%2036&app=com.anonymous.ecofit&clientid=DevLauncherBridgelessDevSupportManager
Nov 05, 2025 12:12:22 AM io.gapi.emulators.netty.NotFoundHandler handleRequest
INFO: Unknown request URI: /message?device=sdk_gphone64_x86_64%20-%2016%20-%20API%2036&app=com.anonymous.ecofit&clientid=DevLauncherBridgelessDevSupportManager
Nov 05, 2025 12:12:24 AM io.gapi.emulators.netty.NotFoundHandler handleRequest
INFO: Unknown request URI: /message?device=sdk_gphone64_x86_64%20-%2016%20-%20API%2036&app=com.anonymous.ecofit&clientid=DevLauncherBridgelessDevSupportManager
Nov 05, 2025 12:12:26 AM io.gapi.emulators.netty.NotFoundHandler handleRequest
INFO: Unknown request URI: /message?device=sdk_gphone64_x86_64%20-%2016%20-%20API%2036&app=com.anonymous.ecofit&clientid=DevLauncherBridgelessDevSupportManager
Nov 05, 2025 12:12:28 AM io.gapi.emulators.netty.NotFoundHandler handleRequest
INFO: Unknown request URI: /message?device=sdk_gphone64_x86_64%20-%2016%20-%20API%2036&app=com.anonymous.ecofit&clientid=DevLauncherBridgelessDevSupportManager
Nov 05, 2025 12:12:30 AM io.gapi.emulators.netty.NotFoundHandler handleRequest
INFO: Unknown request URI: /message?device=sdk_gphone64_x86_64%20-%2016%20-%20API%2036&app=com.anonymous.ecofit&clientid=DevLauncherBridgelessDevSupportManager
Nov 05, 2025 12:12:32 AM io.gapi.emulators.netty.NotFoundHandler handleRequest
INFO: Unknown request URI: /message?device=sdk_gphone64_x86_64%20-%2016%20-%20API%2036&app=com.anonymous.ecofit&clientid=DevLauncherBridgelessDevSupportManager
Nov 05, 2025 12:12:34 AM io.gapi.emulators.netty.NotFoundHandler handleRequest
INFO: Unknown request URI: /message?device=sdk_gphone64_x86_64%20-%2016%20-%20API%2036&app=com.anonymous.ecofit&clientid=DevLauncherBridgelessDevSupportManager
Nov 05, 2025 12:12:36 AM io.gapi.emulators.netty.NotFoundHandler handleRequest
INFO: Unknown request URI: /message?device=sdk_gphone64_x86_64%20-%2016%20-%20API%2036&app=com.anonymous.ecofit&clientid=DevLauncherBridgelessDevSupportManager
Nov 05, 2025 12:12:38 AM io.gapi.emulators.netty.NotFoundHandler handleRequest
INFO: Unknown request URI: /message?device=sdk_gphone64_x86_64%20-%2016%20-%20API%2036&app=com.anonymous.ecofit&clientid=DevLauncherBridgelessDevSupportManager
Nov 05, 2025 12:12:40 AM io.gapi.emulators.netty.NotFoundHandler handleRequest
INFO: Unknown request URI: /message?device=sdk_gphone64_x86_64%20-%2016%20-%20API%2036&app=com.anonymous.ecofit&clientid=DevLauncherBridgelessDevSupportManager
Nov 05, 2025 12:12:42 AM io.gapi.emulators.netty.NotFoundHandler handleRequest
INFO: Unknown request URI: /message?device=sdk_gphone64_x86_64%20-%2016%20-%20API%2036&app=com.anonymous.ecofit&clientid=DevLauncherBridgelessDevSupportManager
Nov 05, 2025 12:12:44 AM io.gapi.emulators.netty.NotFoundHandler handleRequest
INFO: Unknown request URI: /message?device=sdk_gphone64_x86_64%20-%2016%20-%20API%2036&app=com.anonymous.ecofit&clientid=DevLauncherBridgelessDevSupportManager
Nov 05, 2025 12:12:46 AM io.gapi.emulators.netty.NotFoundHandler handleRequest
INFO: Unknown request URI: /message?device=sdk_gphone64_x86_64%20-%2016%20-%20API%2036&app=com.anonymous.ecofit&clientid=DevLauncherBridgelessDevSupportManager
Nov 05, 2025 12:12:48 AM io.gapi.emulators.netty.NotFoundHandler handleRequest
INFO: Unknown request URI: /message?device=sdk_gphone64_x86_64%20-%2016%20-%20API%2036&app=com.anonymous.ecofit&clientid=DevLauncherBridgelessDevSupportManager
Nov 05, 2025 12:12:50 AM io.gapi.emulators.netty.NotFoundHandler handleRequest
INFO: Unknown request URI: /message?device=sdk_gphone64_x86_64%20-%2016%20-%20API%2036&app=com.anonymous.ecofit&clientid=DevLauncherBridgelessDevSupportManager
Nov 05, 2025 12:12:52 AM io.gapi.emulators.netty.NotFoundHandler handleRequest
INFO: Unknown request URI: /message?device=sdk_gphone64_x86_64%20-%2016%20-%20API%2036&app=com.anonymous.ecofit&clientid=DevLauncherBridgelessDevSupportManager
Nov 05, 2025 12:12:54 AM io.gapi.emulators.netty.NotFoundHandler handleRequest
INFO: Unknown request URI: /message?device=sdk_gphone64_x86_64%20-%2016%20-%20API%2036&app=com.anonymous.ecofit&clientid=DevLauncherBridgelessDevSupportManager
Nov 05, 2025 12:12:56 AM io.gapi.emulators.netty.NotFoundHandler handleRequest
INFO: Unknown request URI: /message?device=sdk_gphone64_x86_64%20-%2016%20-%20API%2036&app=com.anonymous.ecofit&clientid=DevLauncherBridgelessDevSupportManager
Nov 05, 2025 12:12:58 AM io.gapi.emulators.netty.NotFoundHandler handleRequest
INFO: Unknown request URI: /message?device=sdk_gphone64_x86_64%20-%2016%20-%20API%2036&app=com.anonymous.ecofit&clientid=DevLauncherBridgelessDevSupportManager
Nov 05, 2025 12:13:00 AM io.gapi.emulators.netty.NotFoundHandler handleRequest
INFO: Unknown request URI: /message?device=sdk_gphone64_x86_64%20-%2016%20-%20API%2036&app=com.anonymous.ecofit&clientid=DevLauncherBridgelessDevSupportManager
Nov 05, 2025 12:13:02 AM io.gapi.emulators.netty.NotFoundHandler handleRequest
INFO: Unknown request URI: /message?device=sdk_gphone64_x86_64%20-%2016%20-%20API%2036&app=com.anonymous.ecofit&clientid=DevLauncherBridgelessDevSupportManager
Nov 05, 2025 12:13:04 AM io.gapi.emulators.netty.NotFoundHandler handleRequest
INFO: Unknown request URI: /message?device=sdk_gphone64_x86_64%20-%2016%20-%20API%2036&app=com.anonymous.ecofit&clientid=DevLauncherBridgelessDevSupportManager
Nov 05, 2025 12:13:06 AM io.gapi.emulators.netty.NotFoundHandler handleRequest
INFO: Unknown request URI: /message?device=sdk_gphone64_x86_64%20-%2016%20-%20API%2036&app=com.anonymous.ecofit&clientid=DevLauncherBridgelessDevSupportManager
Nov 05, 2025 12:13:08 AM io.gapi.emulators.netty.NotFoundHandler handleRequest
INFO: Unknown request URI: /message?device=sdk_gphone64_x86_64%20-%2016%20-%20API%2036&app=com.anonymous.ecofit&clientid=DevLauncherBridgelessDevSupportManager
Nov 05, 2025 12:13:10 AM io.gapi.emulators.netty.NotFoundHandler handleRequest
INFO: Unknown request URI: /message?device=sdk_gphone64_x86_64%20-%2016%20-%20API%2036&app=com.anonymous.ecofit&clientid=DevLauncherBridgelessDevSupportManager
Nov 05, 2025 12:13:12 AM io.gapi.emulators.netty.NotFoundHandler handleRequest
INFO: Unknown request URI: /message?device=sdk_gphone64_x86_64%20-%2016%20-%20API%2036&app=com.anonymous.ecofit&clientid=DevLauncherBridgelessDevSupportManager
Nov 05, 2025 12:13:14 AM io.gapi.emulators.netty.NotFoundHandler handleRequest
INFO: Unknown request URI: /message?device=sdk_gphone64_x86_64%20-%2016%20-%20API%2036&app=com.anonymous.ecofit&clientid=DevLauncherBridgelessDevSupportManager
Nov 05, 2025 12:13:16 AM io.gapi.emulators.netty.NotFoundHandler handleRequest
INFO: Unknown request URI: /message?device=sdk_gphone64_x86_64%20-%2016%20-%20API%2036&app=com.anonymous.ecofit&clientid=DevLauncherBridgelessDevSupportManager
Nov 05, 2025 12:13:18 AM io.gapi.emulators.netty.NotFoundHandler handleRequest
INFO: Unknown request URI: /message?device=sdk_gphone64_x86_64%20-%2016%20-%20API%2036&app=com.anonymous.ecofit&clientid=DevLauncherBridgelessDevSupportManager
Nov 05, 2025 12:13:20 AM io.gapi.emulators.netty.NotFoundHandler handleRequest
INFO: Unknown request URI: /message?device=sdk_gphone64_x86_64%20-%2016%20-%20API%2036&app=com.anonymous.ecofit&clientid=DevLauncherBridgelessDevSupportManager
Nov 05, 2025 12:13:22 AM io.gapi.emulators.netty.NotFoundHandler handleRequest
INFO: Unknown request URI: /message?device=sdk_gphone64_x86_64%20-%2016%20-%20API%2036&app=com.anonymous.ecofit&clientid=DevLauncherBridgelessDevSupportManager
Nov 05, 2025 12:13:24 AM io.gapi.emulators.netty.NotFoundHandler handleRequest
INFO: Unknown request URI: /message?device=sdk_gphone64_x86_64%20-%2016%20-%20API%2036&app=com.anonymous.ecofit&clientid=DevLauncherBridgelessDevSupportManager
Nov 05, 2025 12:13:26 AM io.gapi.emulators.netty.NotFoundHandler handleRequest
INFO: Unknown request URI: /message?device=sdk_gphone64_x86_64%20-%2016%20-%20API%2036&app=com.anonymous.ecofit&clientid=DevLauncherBridgelessDevSupportManager
Nov 05, 2025 12:13:28 AM io.gapi.emulators.netty.NotFoundHandler handleRequest
INFO: Unknown request URI: /message?device=sdk_gphone64_x86_64%20-%2016%20-%20API%2036&app=com.anonymous.ecofit&clientid=DevLauncherBridgelessDevSupportManager
Nov 05, 2025 12:13:30 AM io.gapi.emulators.netty.NotFoundHandler handleRequest
INFO: Unknown request URI: /message?device=sdk_gphone64_x86_64%20-%2016%20-%20API%2036&app=com.anonymous.ecofit&clientid=DevLauncherBridgelessDevSupportManager
Nov 05, 2025 12:13:32 AM io.gapi.emulators.netty.NotFoundHandler handleRequest
INFO: Unknown request URI: /message?device=sdk_gphone64_x86_64%20-%2016%20-%20API%2036&app=com.anonymous.ecofit&clientid=DevLauncherBridgelessDevSupportManager
Nov 05, 2025 12:13:34 AM io.gapi.emulators.netty.NotFoundHandler handleRequest
INFO: Unknown request URI: /message?device=sdk_gphone64_x86_64%20-%2016%20-%20API%2036&app=com.anonymous.ecofit&clientid=DevLauncherBridgelessDevSupportManager
Nov 05, 2025 12:13:36 AM io.gapi.emulators.netty.NotFoundHandler handleRequest
INFO: Unknown request URI: /message?device=sdk_gphone64_x86_64%20-%2016%20-%20API%2036&app=com.anonymous.ecofit&clientid=DevLauncherBridgelessDevSupportManager
Nov 05, 2025 12:13:38 AM io.gapi.emulators.netty.NotFoundHandler handleRequest
INFO: Unknown request URI: /message?device=sdk_gphone64_x86_64%20-%2016%20-%20API%2036&app=com.anonymous.ecofit&clientid=DevLauncherBridgelessDevSupportManager
Nov 05, 2025 12:13:40 AM io.gapi.emulators.netty.NotFoundHandler handleRequest
INFO: Unknown request URI: /message?device=sdk_gphone64_x86_64%20-%2016%20-%20API%2036&app=com.anonymous.ecofit&clientid=DevLauncherBridgelessDevSupportManager
Nov 05, 2025 12:13:42 AM io.gapi.emulators.netty.NotFoundHandler handleRequest
INFO: Unknown request URI: /message?device=sdk_gphone64_x86_64%20-%2016%20-%20API%2036&app=com.anonymous.ecofit&clientid=DevLauncherBridgelessDevSupportManager
Nov 05, 2025 12:13:44 AM io.gapi.emulators.netty.NotFoundHandler handleRequest
INFO: Unknown request URI: /message?device=sdk_gphone64_x86_64%20-%2016%20-%20API%2036&app=com.anonymous.ecofit&clientid=DevLauncherBridgelessDevSupportManager
Nov 05, 2025 12:13:46 AM io.gapi.emulators.netty.NotFoundHandler handleRequest
INFO: Unknown request URI: /message?device=sdk_gphone64_x86_64%20-%2016%20-%20API%2036&app=com.anonymous.ecofit&clientid=DevLauncherBridgelessDevSupportManager
Nov 05, 2025 12:13:48 AM io.gapi.emulators.netty.NotFoundHandler handleRequest
INFO: Unknown request URI: /message?device=sdk_gphone64_x86_64%20-%2016%20-%20API%2036&app=com.anonymous.ecofit&clientid=DevLauncherBridgelessDevSupportManager
Nov 05, 2025 12:13:50 AM io.gapi.emulators.netty.NotFoundHandler handleRequest
INFO: Unknown request URI: /message?device=sdk_gphone64_x86_64%20-%2016%20-%20API%2036&app=com.anonymous.ecofit&clientid=DevLauncherBridgelessDevSupportManager
Nov 05, 2025 12:13:52 AM io.gapi.emulators.netty.NotFoundHandler handleRequest
INFO: Unknown request URI: /message?device=sdk_gphone64_x86_64%20-%2016%20-%20API%2036&app=com.anonymous.ecofit&clientid=DevLauncherBridgelessDevSupportManager
Nov 05, 2025 12:13:54 AM io.gapi.emulators.netty.NotFoundHandler handleRequest
INFO: Unknown request URI: /message?device=sdk_gphone64_x86_64%20-%2016%20-%20API%2036&app=com.anonymous.ecofit&clientid=DevLauncherBridgelessDevSupportManager
Nov 05, 2025 12:13:56 AM io.gapi.emulators.netty.NotFoundHandler handleRequest
INFO: Unknown request URI: /message?device=sdk_gphone64_x86_64%20-%2016%20-%20API%2036&app=com.anonymous.ecofit&clientid=DevLauncherBridgelessDevSupportManager
Nov 05, 2025 12:13:58 AM io.gapi.emulators.netty.NotFoundHandler handleRequest
INFO: Unknown request URI: /message?device=sdk_gphone64_x86_64%20-%2016%20-%20API%2036&app=com.anonymous.ecofit&clientid=DevLauncherBridgelessDevSupportManager
Nov 05, 2025 12:14:00 AM io.gapi.emulators.netty.NotFoundHandler handleRequest
INFO: Unknown request URI: /message?device=sdk_gphone64_x86_64%20-%2016%20-%20API%2036&app=com.anonymous.ecofit&clientid=DevLauncherBridgelessDevSupportManager
Nov 05, 2025 12:14:02 AM io.gapi.emulators.netty.NotFoundHandler handleRequest
INFO: Unknown request URI: /message?device=sdk_gphone64_x86_64%20-%2016%20-%20API%2036&app=com.anonymous.ecofit&clientid=DevLauncherBridgelessDevSupportManager
Nov 05, 2025 12:14:04 AM io.gapi.emulators.netty.NotFoundHandler handleRequest
INFO: Unknown request URI: /message?device=sdk_gphone64_x86_64%20-%2016%20-%20API%2036&app=com.anonymous.ecofit&clientid=DevLauncherBridgelessDevSupportManager
Nov 05, 2025 12:14:06 AM io.gapi.emulators.netty.NotFoundHandler handleRequest
INFO: Unknown request URI: /message?device=sdk_gphone64_x86_64%20-%2016%20-%20API%2036&app=com.anonymous.ecofit&clientid=DevLauncherBridgelessDevSupportManager
Nov 05, 2025 12:14:08 AM io.gapi.emulators.netty.NotFoundHandler handleRequest
INFO: Unknown request URI: /message?device=sdk_gphone64_x86_64%20-%2016%20-%20API%2036&app=com.anonymous.ecofit&clientid=DevLauncherBridgelessDevSupportManager
Nov 05, 2025 12:14:10 AM io.gapi.emulators.netty.NotFoundHandler handleRequest
INFO: Unknown request URI: /message?device=sdk_gphone64_x86_64%20-%2016%20-%20API%2036&app=com.anonymous.ecofit&clientid=DevLauncherBridgelessDevSupportManager
Nov 05, 2025 12:14:12 AM io.gapi.emulators.netty.NotFoundHandler handleRequest
INFO: Unknown request URI: /message?device=sdk_gphone64_x86_64%20-%2016%20-%20API%2036&app=com.anonymous.ecofit&clientid=DevLauncherBridgelessDevSupportManager
Nov 05, 2025 12:14:14 AM io.gapi.emulators.netty.NotFoundHandler handleRequest
INFO: Unknown request URI: /message?device=sdk_gphone64_x86_64%20-%2016%20-%20API%2036&app=com.anonymous.ecofit&clientid=DevLauncherBridgelessDevSupportManager
Nov 05, 2025 12:14:16 AM io.gapi.emulators.netty.NotFoundHandler handleRequest
INFO: Unknown request URI: /message?device=sdk_gphone64_x86_64%20-%2016%20-%20API%2036&app=com.anonymous.ecofit&clientid=DevLauncherBridgelessDevSupportManager
Nov 05, 2025 12:14:18 AM io.gapi.emulators.netty.NotFoundHandler handleRequest
INFO: Unknown request URI: /message?device=sdk_gphone64_x86_64%20-%2016%20-%20API%2036&app=com.anonymous.ecofit&clientid=DevLauncherBridgelessDevSupportManager
Nov 05, 2025 12:14:20 AM io.gapi.emulators.netty.NotFoundHandler handleRequest
INFO: Unknown request URI: /message?device=sdk_gphone64_x86_64%20-%2016%20-%20API%2036&app=com.anonymous.ecofit&clientid=DevLauncherBridgelessDevSupportManager
Nov 05, 2025 12:14:22 AM io.gapi.emulators.netty.NotFoundHandler handleRequest
INFO: Unknown request URI: /message?device=sdk_gphone64_x86_64%20-%2016%20-%20API%2036&app=com.anonymous.ecofit&clientid=DevLauncherBridgelessDevSupportManager
Nov 05, 2025 12:14:24 AM io.gapi.emulators.netty.NotFoundHandler handleRequest
INFO: Unknown request URI: /message?device=sdk_gphone64_x86_64%20-%2016%20-%20API%2036&app=com.anonymous.ecofit&clientid=DevLauncherBridgelessDevSupportManager
Nov 05, 2025 12:14:26 AM io.gapi.emulators.netty.NotFoundHandler handleRequest
INFO: Unknown request URI: /message?device=sdk_gphone64_x86_64%20-%2016%20-%20API%2036&app=com.anonymous.ecofit&clientid=DevLauncherBridgelessDevSupportManager
Nov 05, 2025 12:14:28 AM io.gapi.emulators.netty.NotFoundHandler handleRequest
INFO: Unknown request URI: /message?device=sdk_gphone64_x86_64%20-%2016%20-%20API%2036&app=com.anonymous.ecofit&clientid=DevLauncherBridgelessDevSupportManager
Nov 05, 2025 12:14:30 AM io.gapi.emulators.netty.NotFoundHandler handleRequest
INFO: Unknown request URI: /message?device=sdk_gphone64_x86_64%20-%2016%20-%20API%2036&app=com.anonymous.ecofit&clientid=DevLauncherBridgelessDevSupportManager
Nov 05, 2025 12:14:32 AM io.gapi.emulators.netty.NotFoundHandler handleRequest
INFO: Unknown request URI: /message?device=sdk_gphone64_x86_64%20-%2016%20-%20API%2036&app=com.anonymous.ecofit&clientid=DevLauncherBridgelessDevSupportManager
Nov 05, 2025 12:14:34 AM io.gapi.emulators.netty.NotFoundHandler handleRequest
INFO: Unknown request URI: /message?device=sdk_gphone64_x86_64%20-%2016%20-%20API%2036&app=com.anonymous.ecofit&clientid=DevLauncherBridgelessDevSupportManager
Nov 05, 2025 12:14:36 AM io.gapi.emulators.netty.NotFoundHandler handleRequest
INFO: Unknown request URI: /message?device=sdk_gphone64_x86_64%20-%2016%20-%20API%2036&app=com.anonymous.ecofit&clientid=DevLauncherBridgelessDevSupportManager
Nov 05, 2025 12:14:38 AM io.gapi.emulators.netty.NotFoundHandler handleRequest
INFO: Unknown request URI: /message?device=sdk_gphone64_x86_64%20-%2016%20-%20API%2036&app=com.anonymous.ecofit&clientid=DevLauncherBridgelessDevSupportManager
Nov 05, 2025 12:14:40 AM io.gapi.emulators.netty.NotFoundHandler handleRequest
INFO: Unknown request URI: /message?device=sdk_gphone64_x86_64%20-%2016%20-%20API%2036&app=com.anonymous.ecofit&clientid=DevLauncherBridgelessDevSupportManager
Nov 05, 2025 12:14:42 AM io.gapi.emulators.netty.NotFoundHandler handleRequest
INFO: Unknown request URI: /message?device=sdk_gphone64_x86_64%20-%2016%20-%20API%2036&app=com.anonymous.ecofit&clientid=DevLauncherBridgelessDevSupportManager
Nov 05, 2025 12:14:44 AM io.gapi.emulators.netty.NotFoundHandler handleRequest
INFO: Unknown request URI: /message?device=sdk_gphone64_x86_64%20-%2016%20-%20API%2036&app=com.anonymous.ecofit&clientid=DevLauncherBridgelessDevSupportManager
Nov 05, 2025 12:14:46 AM io.gapi.emulators.netty.NotFoundHandler handleRequest
INFO: Unknown request URI: /message?device=sdk_gphone64_x86_64%20-%2016%20-%20API%2036&app=com.anonymous.ecofit&clientid=DevLauncherBridgelessDevSupportManager
Nov 05, 2025 12:14:48 AM io.gapi.emulators.netty.NotFoundHandler handleRequest
INFO: Unknown request URI: /message?device=sdk_gphone64_x86_64%20-%2016%20-%20API%2036&app=com.anonymous.ecofit&clientid=DevLauncherBridgelessDevSupportManager
Nov 05, 2025 12:14:50 AM io.gapi.emulators.netty.NotFoundHandler handleRequest
INFO: Unknown request URI: /message?device=sdk_gphone64_x86_64%20-%2016%20-%20API%2036&app=com.anonymous.ecofit&clientid=DevLauncherBridgelessDevSupportManager
Nov 05, 2025 12:14:52 AM io.gapi.emulators.netty.NotFoundHandler handleRequest
INFO: Unknown request URI: /message?device=sdk_gphone64_x86_64%20-%2016%20-%20API%2036&app=com.anonymous.ecofit&clientid=DevLauncherBridgelessDevSupportManager
Nov 05, 2025 12:14:54 AM io.gapi.emulators.netty.NotFoundHandler handleRequest
INFO: Unknown request URI: /message?device=sdk_gphone64_x86_64%20-%2016%20-%20API%2036&app=com.anonymous.ecofit&clientid=DevLauncherBridgelessDevSupportManager
Nov 05, 2025 12:14:56 AM io.gapi.emulators.netty.NotFoundHandler handleRequest
INFO: Unknown request URI: /message?device=sdk_gphone64_x86_64%20-%2016%20-%20API%2036&app=com.anonymous.ecofit&clientid=DevLauncherBridgelessDevSupportManager
Nov 05, 2025 12:14:58 AM io.gapi.emulators.netty.NotFoundHandler handleRequest
INFO: Unknown request URI: /message?device=sdk_gphone64_x86_64%20-%2016%20-%20API%2036&app=com.anonymous.ecofit&clientid=DevLauncherBridgelessDevSupportManager
Nov 05, 2025 12:15:00 AM io.gapi.emulators.netty.NotFoundHandler handleRequest
INFO: Unknown request URI: /message?device=sdk_gphone64_x86_64%20-%2016%20-%20API%2036&app=com.anonymous.ecofit&clientid=DevLauncherBridgelessDevSupportManager
Nov 05, 2025 12:15:02 AM io.gapi.emulators.netty.NotFoundHandler handleRequest
INFO: Unknown request URI: /message?device=sdk_gphone64_x86_64%20-%2016%20-%20API%2036&app=com.anonymous.ecofit&clientid=DevLauncherBridgelessDevSupportManager
Nov 05, 2025 12:15:04 AM io.gapi.emulators.netty.NotFoundHandler handleRequest
INFO: Unknown request URI: /message?device=sdk_gphone64_x86_64%20-%2016%20-%20API%2036&app=com.anonymous.ecofit&clientid=DevLauncherBridgelessDevSupportManager
Nov 05, 2025 12:15:06 AM io.gapi.emulators.netty.NotFoundHandler handleRequest
INFO: Unknown request URI: /message?device=sdk_gphone64_x86_64%20-%2016%20-%20API%2036&app=com.anonymous.ecofit&clientid=DevLauncherBridgelessDevSupportManager
Nov 05, 2025 12:15:08 AM io.gapi.emulators.netty.NotFoundHandler handleRequest
INFO: Unknown request URI: /message?device=sdk_gphone64_x86_64%20-%2016%20-%20API%2036&app=com.anonymous.ecofit&clientid=DevLauncherBridgelessDevSupportManager
Nov 05, 2025 12:15:10 AM io.gapi.emulators.netty.NotFoundHandler handleRequest
INFO: Unknown request URI: /message?device=sdk_gphone64_x86_64%20-%2016%20-%20API%2036&app=com.anonymous.ecofit&clientid=DevLauncherBridgelessDevSupportManager
Nov 05, 2025 12:15:12 AM io.gapi.emulators.netty.NotFoundHandler handleRequest
INFO: Unknown request URI: /message?device=sdk_gphone64_x86_64%20-%2016%20-%20API%2036&app=com.anonymous.ecofit&clientid=DevLauncherBridgelessDevSupportManager
Nov 05, 2025 12:15:14 AM io.gapi.emulators.netty.NotFoundHandler handleRequest
INFO: Unknown request URI: /message?device=sdk_gphone64_x86_64%20-%2016%20-%20API%2036&app=com.anonymous.ecofit&clientid=DevLauncherBridgelessDevSupportManager
Nov 05, 2025 12:15:16 AM io.gapi.emulators.netty.NotFoundHandler handleRequest
INFO: Unknown request URI: /message?device=sdk_gphone64_x86_64%20-%2016%20-%20API%2036&app=com.anonymous.ecofit&clientid=DevLauncherBridgelessDevSupportManager
Nov 05, 2025 12:15:18 AM io.gapi.emulators.netty.NotFoundHandler handleRequest
INFO: Unknown request URI: /message?device=sdk_gphone64_x86_64%20-%2016%20-%20API%2036&app=com.anonymous.ecofit&clientid=DevLauncherBridgelessDevSupportManager
Nov 05, 2025 12:15:20 AM io.gapi.emulators.netty.NotFoundHandler handleRequest
INFO: Unknown request URI: /message?device=sdk_gphone64_x86_64%20-%2016%20-%20API%2036&app=com.anonymous.ecofit&clientid=DevLauncherBridgelessDevSupportManager
Nov 05, 2025 12:15:22 AM io.gapi.emulators.netty.NotFoundHandler handleRequest
INFO: Unknown request URI: /message?device=sdk_gphone64_x86_64%20-%2016%20-%20API%2036&app=com.anonymous.ecofit&clientid=DevLauncherBridgelessDevSupportManager
Nov 05, 2025 12:15:24 AM io.gapi.emulators.netty.NotFoundHandler handleRequest
INFO: Unknown request URI: /message?device=sdk_gphone64_x86_64%20-%2016%20-%20API%2036&app=com.anonymous.ecofit&clientid=DevLauncherBridgelessDevSupportManager
Nov 05, 2025 12:15:26 AM io.gapi.emulators.netty.NotFoundHandler handleRequest
INFO: Unknown request URI: /message?device=sdk_gphone64_x86_64%20-%2016%20-%20API%2036&app=com.anonymous.ecofit&clientid=DevLauncherBridgelessDevSupportManager
Nov 05, 2025 12:15:28 AM io.gapi.emulators.netty.NotFoundHandler handleRequest
INFO: Unknown request URI: /message?device=sdk_gphone64_x86_64%20-%2016%20-%20API%2036&app=com.anonymous.ecofit&clientid=DevLauncherBridgelessDevSupportManager
Nov 05, 2025 12:15:30 AM io.gapi.emulators.netty.NotFoundHandler handleRequest
INFO: Unknown request URI: /message?device=sdk_gphone64_x86_64%20-%2016%20-%20API%2036&app=com.anonymous.ecofit&clientid=DevLauncherBridgelessDevSupportManager
Nov 05, 2025 12:15:32 AM io.gapi.emulators.netty.NotFoundHandler handleRequest
INFO: Unknown request URI: /message?device=sdk_gphone64_x86_64%20-%2016%20-%20API%2036&app=com.anonymous.ecofit&clientid=DevLauncherBridgelessDevSupportManager
Nov 05, 2025 12:15:34 AM io.gapi.emulators.netty.NotFoundHandler handleRequest
INFO: Unknown request URI: /message?device=sdk_gphone64_x86_64%20-%2016%20-%20API%2036&app=com.anonymous.ecofit&clientid=DevLauncherBridgelessDevSupportManager
Nov 05, 2025 12:15:36 AM io.gapi.emulators.netty.NotFoundHandler handleRequest
INFO: Unknown request URI: /message?device=sdk_gphone64_x86_64%20-%2016%20-%20API%2036&app=com.anonymous.ecofit&clientid=DevLauncherBridgelessDevSupportManager
Nov 05, 2025 12:15:38 AM io.gapi.emulators.netty.NotFoundHandler handleRequest
INFO: Unknown request URI: /message?device=sdk_gphone64_x86_64%20-%2016%20-%20API%2036&app=com.anonymous.ecofit&clientid=DevLauncherBridgelessDevSupportManager
Nov 05, 2025 12:15:40 AM io.gapi.emulators.netty.NotFoundHandler handleRequest
INFO: Unknown request URI: /message?device=sdk_gphone64_x86_64%20-%2016%20-%20API%2036&app=com.anonymous.ecofit&clientid=DevLauncherBridgelessDevSupportManager
Nov 05, 2025 12:15:42 AM io.gapi.emulators.netty.NotFoundHandler handleRequest
INFO: Unknown request URI: /message?device=sdk_gphone64_x86_64%20-%2016%20-%20API%2036&app=com.anonymous.ecofit&clientid=DevLauncherBridgelessDevSupportManager
Nov 05, 2025 12:15:44 AM io.gapi.emulators.netty.NotFoundHandler handleRequest
INFO: Unknown request URI: /message?device=sdk_gphone64_x86_64%20-%2016%20-%20API%2036&app=com.anonymous.ecofit&clientid=DevLauncherBridgelessDevSupportManager
Nov 05, 2025 12:15:46 AM io.gapi.emulators.netty.NotFoundHandler handleRequest
INFO: Unknown request URI: /message?device=sdk_gphone64_x86_64%20-%2016%20-%20API%2036&app=com.anonymous.ecofit&clientid=DevLauncherBridgelessDevSupportManager
Nov 05, 2025 12:15:48 AM io.gapi.emulators.netty.NotFoundHandler handleRequest
INFO: Unknown request URI: /message?device=sdk_gphone64_x86_64%20-%2016%20-%20API%2036&app=com.anonymous.ecofit&clientid=DevLauncherBridgelessDevSupportManager
Nov 05, 2025 12:15:50 AM io.gapi.emulators.netty.NotFoundHandler handleRequest
INFO: Unknown request URI: /message?device=sdk_gphone64_x86_64%20-%2016%20-%20API%2036&app=com.anonymous.ecofit&clientid=DevLauncherBridgelessDevSupportManager
Nov 05, 2025 12:15:52 AM io.gapi.emulators.netty.NotFoundHandler handleRequest
INFO: Unknown request URI: /message?device=sdk_gphone64_x86_64%20-%2016%20-%20API%2036&app=com.anonymous.ecofit&clientid=DevLauncherBridgelessDevSupportManager
Nov 05, 2025 12:15:54 AM io.gapi.emulators.netty.NotFoundHandler handleRequest
INFO: Unknown request URI: /message?device=sdk_gphone64_x86_64%20-%2016%20-%20API%2036&app=com.anonymous.ecofit&clientid=DevLauncherBridgelessDevSupportManager
Nov 05, 2025 12:15:56 AM io.gapi.emulators.netty.NotFoundHandler handleRequest
INFO: Unknown request URI: /message?device=sdk_gphone64_x86_64%20-%2016%20-%20API%2036&app=com.anonymous.ecofit&clientid=DevLauncherBridgelessDevSupportManager
Nov 05, 2025 12:15:58 AM io.gapi.emulators.netty.NotFoundHandler handleRequest
INFO: Unknown request URI: /message?device=sdk_gphone64_x86_64%20-%2016%20-%20API%2036&app=com.anonymous.ecofit&clientid=DevLauncherBridgelessDevSupportManager
Nov 05, 2025 12:16:00 AM io.gapi.emulators.netty.NotFoundHandler handleRequest
INFO: Unknown request URI: /message?device=sdk_gphone64_x86_64%20-%2016%20-%20API%2036&app=com.anonymous.ecofit&clientid=DevLauncherBridgelessDevSupportManager
Nov 05, 2025 12:16:02 AM io.gapi.emulators.netty.NotFoundHandler handleRequest
INFO: Unknown request URI: /message?device=sdk_gphone64_x86_64%20-%2016%20-%20API%2036&app=com.anonymous.ecofit&clientid=DevLauncherBridgelessDevSupportManager
Nov 05, 2025 12:16:04 AM io.gapi.emulators.netty.NotFoundHandler handleRequest
INFO: Unknown request URI: /message?device=sdk_gphone64_x86_64%20-%2016%20-%20API%2036&app=com.anonymous.ecofit&clientid=DevLauncherBridgelessDevSupportManager
Nov 05, 2025 12:16:06 AM io.gapi.emulators.netty.NotFoundHandler handleRequest
INFO: Unknown request URI: /message?device=sdk_gphone64_x86_64%20-%2016%20-%20API%2036&app=com.anonymous.ecofit&clientid=DevLauncherBridgelessDevSupportManager
Nov 05, 2025 12:16:08 AM io.gapi.emulators.netty.NotFoundHandler handleRequest
INFO: Unknown request URI: /message?device=sdk_gphone64_x86_64%20-%2016%20-%20API%2036&app=com.anonymous.ecofit&clientid=DevLauncherBridgelessDevSupportManager
Nov 05, 2025 12:16:10 AM io.gapi.emulators.netty.NotFoundHandler handleRequest
INFO: Unknown request URI: /message?device=sdk_gphone64_x86_64%20-%2016%20-%20API%2036&app=com.anonymous.ecofit&clientid=DevLauncherBridgelessDevSupportManager
Nov 05, 2025 12:16:12 AM io.gapi.emulators.netty.NotFoundHandler handleRequest
INFO: Unknown request URI: /message?device=sdk_gphone64_x86_64%20-%2016%20-%20API%2036&app=com.anonymous.ecofit&clientid=DevLauncherBridgelessDevSupportManager
Nov 05, 2025 12:16:14 AM io.gapi.emulators.netty.NotFoundHandler handleRequest
INFO: Unknown request URI: /message?device=sdk_gphone64_x86_64%20-%2016%20-%20API%2036&app=com.anonymous.ecofit&clientid=DevLauncherBridgelessDevSupportManager
Nov 05, 2025 12:16:16 AM io.gapi.emulators.netty.NotFoundHandler handleRequest
INFO: Unknown request URI: /message?device=sdk_gphone64_x86_64%20-%2016%20-%20API%2036&app=com.anonymous.ecofit&clientid=DevLauncherBridgelessDevSupportManager
Nov 05, 2025 12:16:18 AM io.gapi.emulators.netty.NotFoundHandler handleRequest
INFO: Unknown request URI: /message?device=sdk_gphone64_x86_64%20-%2016%20-%20API%2036&app=com.anonymous.ecofit&clientid=DevLauncherBridgelessDevSupportManager
Nov 05, 2025 12:16:20 AM io.gapi.emulators.netty.NotFoundHandler handleRequest
INFO: Unknown request URI: /message?device=sdk_gphone64_x86_64%20-%2016%20-%20API%2036&app=com.anonymous.ecofit&clientid=DevLauncherBridgelessDevSupportManager
Nov 05, 2025 12:16:22 AM io.gapi.emulators.netty.NotFoundHandler handleRequest
INFO: Unknown request URI: /message?device=sdk_gphone64_x86_64%20-%2016%20-%20API%2036&app=com.anonymous.ecofit&clientid=DevLauncherBridgelessDevSupportManager
Nov 05, 2025 12:16:24 AM io.gapi.emulators.netty.NotFoundHandler handleRequest
INFO: Unknown request URI: /message?device=sdk_gphone64_x86_64%20-%2016%20-%20API%2036&app=com.anonymous.ecofit&clientid=DevLauncherBridgelessDevSupportManager
Nov 05, 2025 12:16:26 AM io.gapi.emulators.netty.NotFoundHandler handleRequest
INFO: Unknown request URI: /message?device=sdk_gphone64_x86_64%20-%2016%20-%20API%2036&app=com.anonymous.ecofit&clientid=DevLauncherBridgelessDevSupportManager
Nov 05, 2025 12:16:28 AM io.gapi.emulators.netty.NotFoundHandler handleRequest
INFO: Unknown request URI: /message?device=sdk_gphone64_x86_64%20-%2016%20-%20API%2036&app=com.anonymous.ecofit&clientid=DevLauncherBridgelessDevSupportManager
Nov 05, 2025 12:16:30 AM io.gapi.emulators.netty.NotFoundHandler handleRequest
INFO: Unknown request URI: /message?device=sdk_gphone64_x86_64%20-%2016%20-%20API%2036&app=com.anonymous.ecofit&clientid=DevLauncherBridgelessDevSupportManager
Nov 05, 2025 12:16:32 AM io.gapi.emulators.netty.NotFoundHandler handleRequest
INFO: Unknown request URI: /message?device=sdk_gphone64_x86_64%20-%2016%20-%20API%2036&app=com.anonymous.ecofit&clientid=DevLauncherBridgelessDevSupportManager
Nov 05, 2025 12:16:34 AM io.gapi.emulators.netty.NotFoundHandler handleRequest
INFO: Unknown request URI: /message?device=sdk_gphone64_x86_64%20-%2016%20-%20API%2036&app=com.anonymous.ecofit&clientid=DevLauncherBridgelessDevSupportManager
Nov 05, 2025 12:16:36 AM io.gapi.emulators.netty.NotFoundHandler handleRequest
INFO: Unknown request URI: /message?device=sdk_gphone64_x86_64%20-%2016%20-%20API%2036&app=com.anonymous.ecofit&clientid=DevLauncherBridgelessDevSupportManager
Nov 05, 2025 12:16:38 AM io.gapi.emulators.netty.NotFoundHandler handleRequest
INFO: Unknown request URI: /message?device=sdk_gphone64_x86_64%20-%2016%20-%20API%2036&app=com.anonymous.ecofit&clientid=DevLauncherBridgelessDevSupportManager
Nov 05, 2025 12:16:40 AM io.gapi.emulators.netty.NotFoundHandler handleRequest
INFO: Unknown request URI: /message?device=sdk_gphone64_x86_64%20-%2016%20-%20API%2036&app=com.anonymous.ecofit&clientid=DevLauncherBridgelessDevSupportManager
Nov 05, 2025 12:16:42 AM io.gapi.emulators.netty.NotFoundHandler handleRequest
INFO: Unknown request URI: /message?device=sdk_gphone64_x86_64%20-%2016%20-%20API%2036&app=com.anonymous.ecofit&clientid=DevLauncherBridgelessDevSupportManager
Nov 05, 2025 12:16:44 AM io.gapi.emulators.netty.NotFoundHandler handleRequest
INFO: Unknown request URI: /message?device=sdk_gphone64_x86_64%20-%2016%20-%20API%2036&app=com.anonymous.ecofit&clientid=DevLauncherBridgelessDevSupportManager
Nov 05, 2025 12:16:46 AM io.gapi.emulators.netty.NotFoundHandler handleRequest
INFO: Unknown request URI: /message?device=sdk_gphone64_x86_64%20-%2016%20-%20API%2036&app=com.anonymous.ecofit&clientid=DevLauncherBridgelessDevSupportManager
Nov 05, 2025 12:16:48 AM io.gapi.emulators.netty.NotFoundHandler handleRequest
INFO: Unknown request URI: /message?device=sdk_gphone64_x86_64%20-%2016%20-%20API%2036&app=com.anonymous.ecofit&clientid=DevLauncherBridgelessDevSupportManager
Nov 05, 2025 12:16:50 AM io.gapi.emulators.netty.NotFoundHandler handleRequest
INFO: Unknown request URI: /message?device=sdk_gphone64_x86_64%20-%2016%20-%20API%2036&app=com.anonymous.ecofit&clientid=DevLauncherBridgelessDevSupportManager
Nov 05, 2025 12:16:52 AM io.gapi.emulators.netty.NotFoundHandler handleRequest
INFO: Unknown request URI: /message?device=sdk_gphone64_x86_64%20-%2016%20-%20API%2036&app=com.anonymous.ecofit&clientid=DevLauncherBridgelessDevSupportManager
Nov 05, 2025 12:16:54 AM io.gapi.emulators.netty.NotFoundHandler handleRequest
INFO: Unknown request URI: /message?device=sdk_gphone64_x86_64%20-%2016%20-%20API%2036&app=com.anonymous.ecofit&clientid=DevLauncherBridgelessDevSupportManager
Nov 05, 2025 12:16:56 AM io.gapi.emulators.netty.NotFoundHandler handleRequest
INFO: Unknown request URI: /message?device=sdk_gphone64_x86_64%20-%2016%20-%20API%2036&app=com.anonymous.ecofit&clientid=DevLauncherBridgelessDevSupportManager
Nov 05, 2025 12:16:58 AM io.gapi.emulators.netty.NotFoundHandler handleRequest
INFO: Unknown request URI: /message?device=sdk_gphone64_x86_64%20-%2016%20-%20API%2036&app=com.anonymous.ecofit&clientid=DevLauncherBridgelessDevSupportManager
Nov 05, 2025 12:17:00 AM io.gapi.emulators.netty.NotFoundHandler handleRequest
INFO: Unknown request URI: /message?device=sdk_gphone64_x86_64%20-%2016%20-%20API%2036&app=com.anonymous.ecofit&clientid=DevLauncherBridgelessDevSupportManager
Nov 05, 2025 12:17:02 AM io.gapi.emulators.netty.NotFoundHandler handleRequest
INFO: Unknown request URI: /message?device=sdk_gphone64_x86_64%20-%2016%20-%20API%2036&app=com.anonymous.ecofit&clientid=DevLauncherBridgelessDevSupportManager
Nov 05, 2025 12:17:04 AM io.gapi.emulators.netty.NotFoundHandler handleRequest
INFO: Unknown request URI: /message?device=sdk_gphone64_x86_64%20-%2016%20-%20API%2036&app=com.anonymous.ecofit&clientid=DevLauncherBridgelessDevSupportManager
Nov 05, 2025 12:17:06 AM io.gapi.emulators.netty.NotFoundHandler handleRequest
INFO: Unknown request URI: /message?device=sdk_gphone64_x86_64%20-%2016%20-%20API%2036&app=com.anonymous.ecofit&clientid=DevLauncherBridgelessDevSupportManager
Nov 05, 2025 12:17:08 AM io.gapi.emulators.netty.NotFoundHandler handleRequest
INFO: Unknown request URI: /message?device=sdk_gphone64_x86_64%20-%2016%20-%20API%2036&app=com.anonymous.ecofit&clientid=DevLauncherBridgelessDevSupportManager
Nov 05, 2025 12:17:10 AM io.gapi.emulators.netty.NotFoundHandler handleRequest
INFO: Unknown request URI: /message?device=sdk_gphone64_x86_64%20-%2016%20-%20API%2036&app=com.anonymous.ecofit&clientid=DevLauncherBridgelessDevSupportManager
Nov 05, 2025 12:17:12 AM io.gapi.emulators.netty.NotFoundHandler handleRequest
INFO: Unknown request URI: /message?device=sdk_gphone64_x86_64%20-%2016%20-%20API%2036&app=com.anonymous.ecofit&clientid=DevLauncherBridgelessDevSupportManager
Nov 05, 2025 12:17:14 AM io.gapi.emulators.netty.NotFoundHandler handleRequest
INFO: Unknown request URI: /message?device=sdk_gphone64_x86_64%20-%2016%20-%20API%2036&app=com.anonymous.ecofit&clientid=DevLauncherBridgelessDevSupportManager
Nov 05, 2025 12:17:16 AM io.gapi.emulators.netty.NotFoundHandler handleRequest
INFO: Unknown request URI: /message?device=sdk_gphone64_x86_64%20-%2016%20-%20API%2036&app=com.anonymous.ecofit&clientid=DevLauncherBridgelessDevSupportManager
Nov 05, 2025 12:17:18 AM io.gapi.emulators.netty.NotFoundHandler handleRequest
INFO: Unknown request URI: /message?device=sdk_gphone64_x86_64%20-%2016%20-%20API%2036&app=com.anonymous.ecofit&clientid=DevLauncherBridgelessDevSupportManager
Nov 05, 2025 12:17:20 AM io.gapi.emulators.netty.NotFoundHandler handleRequest
INFO: Unknown request URI: /message?device=sdk_gphone64_x86_64%20-%2016%20-%20API%2036&app=com.anonymous.ecofit&clientid=DevLauncherBridgelessDevSupportManager
Nov 05, 2025 12:17:22 AM io.gapi.emulators.netty.NotFoundHandler handleRequest
INFO: Unknown request URI: /message?device=sdk_gphone64_x86_64%20-%2016%20-%20API%2036&app=com.anonymous.ecofit&clientid=DevLauncherBridgelessDevSupportManager
Nov 05, 2025 12:17:24 AM io.gapi.emulators.netty.NotFoundHandler handleRequest
INFO: Unknown request URI: /message?device=sdk_gphone64_x86_64%20-%2016%20-%20API%2036&app=com.anonymous.ecofit&clientid=DevLauncherBridgelessDevSupportManager
Nov 05, 2025 12:17:26 AM io.gapi.emulators.netty.NotFoundHandler handleRequest
INFO: Unknown request URI: /message?device=sdk_gphone64_x86_64%20-%2016%20-%20API%2036&app=com.anonymous.ecofit&clientid=DevLauncherBridgelessDevSupportManager
Nov 05, 2025 12:17:28 AM io.gapi.emulators.netty.NotFoundHandler handleRequest
INFO: Unknown request URI: /message?device=sdk_gphone64_x86_64%20-%2016%20-%20API%2036&app=com.anonymous.ecofit&clientid=DevLauncherBridgelessDevSupportManager
Nov 05, 2025 12:17:30 AM io.gapi.emulators.netty.NotFoundHandler handleRequest
INFO: Unknown request URI: /message?device=sdk_gphone64_x86_64%20-%2016%20-%20API%2036&app=com.anonymous.ecofit&clientid=DevLauncherBridgelessDevSupportManager
Nov 05, 2025 12:17:32 AM io.gapi.emulators.netty.NotFoundHandler handleRequest
INFO: Unknown request URI: /message?device=sdk_gphone64_x86_64%20-%2016%20-%20API%2036&app=com.anonymous.ecofit&clientid=DevLauncherBridgelessDevSupportManager
Nov 05, 2025 12:17:34 AM io.gapi.emulators.netty.NotFoundHandler handleRequest
INFO: Unknown request URI: /message?device=sdk_gphone64_x86_64%20-%2016%20-%20API%2036&app=com.anonymous.ecofit&clientid=DevLauncherBridgelessDevSupportManager
Nov 05, 2025 12:17:36 AM io.gapi.emulators.netty.NotFoundHandler handleRequest
INFO: Unknown request URI: /message?device=sdk_gphone64_x86_64%20-%2016%20-%20API%2036&app=com.anonymous.ecofit&clientid=DevLauncherBridgelessDevSupportManager
Nov 05, 2025 12:17:38 AM io.gapi.emulators.netty.NotFoundHandler handleRequest
INFO: Unknown request URI: /message?device=sdk_gphone64_x86_64%20-%2016%20-%20API%2036&app=com.anonymous.ecofit&clientid=DevLauncherBridgelessDevSupportManager
Nov 05, 2025 12:17:41 AM io.gapi.emulators.netty.NotFoundHandler handleRequest
INFO: Unknown request URI: /message?device=sdk_gphone64_x86_64%20-%2016%20-%20API%2036&app=com.anonymous.ecofit&clientid=DevLauncherBridgelessDevSupportManager
Nov 05, 2025 12:17:43 AM io.gapi.emulators.netty.NotFoundHandler handleRequest
INFO: Unknown request URI: /message?device=sdk_gphone64_x86_64%20-%2016%20-%20API%2036&app=com.anonymous.ecofit&clientid=DevLauncherBridgelessDevSupportManager
Nov 05, 2025 12:17:45 AM io.gapi.emulators.netty.NotFoundHandler handleRequest
INFO: Unknown request URI: /message?device=sdk_gphone64_x86_64%20-%2016%20-%20API%2036&app=com.anonymous.ecofit&clientid=DevLauncherBridgelessDevSupportManager
Nov 05, 2025 12:17:47 AM io.gapi.emulators.netty.NotFoundHandler handleRequest
INFO: Unknown request URI: /message?device=sdk_gphone64_x86_64%20-%2016%20-%20API%2036&app=com.anonymous.ecofit&clientid=DevLauncherBridgelessDevSupportManager
Nov 05, 2025 12:17:49 AM io.gapi.emulators.netty.NotFoundHandler handleRequest
INFO: Unknown request URI: /message?device=sdk_gphone64_x86_64%20-%2016%20-%20API%2036&app=com.anonymous.ecofit&clientid=DevLauncherBridgelessDevSupportManager
Nov 05, 2025 12:17:51 AM io.gapi.emulators.netty.NotFoundHandler handleRequest
INFO: Unknown request URI: /message?device=sdk_gphone64_x86_64%20-%2016%20-%20API%2036&app=com.anonymous.ecofit&clientid=DevLauncherBridgelessDevSupportManager
Nov 05, 2025 12:17:53 AM io.gapi.emulators.netty.NotFoundHandler handleRequest
INFO: Unknown request URI: /message?device=sdk_gphone64_x86_64%20-%2016%20-%20API%2036&app=com.anonymous.ecofit&clientid=DevLauncherBridgelessDevSupportManager
Nov 05, 2025 12:17:55 AM io.gapi.emulators.netty.NotFoundHandler handleRequest
INFO: Unknown request URI: /message?device=sdk_gphone64_x86_64%20-%2016%20-%20API%2036&app=com.anonymous.ecofit&clientid=DevLauncherBridgelessDevSupportManager
Nov 05, 2025 12:17:57 AM io.gapi.emulators.netty.NotFoundHandler handleRequest
INFO: Unknown request URI: /message?device=sdk_gphone64_x86_64%20-%2016%20-%20API%2036&app=com.anonymous.ecofit&clientid=DevLauncherBridgelessDevSupportManager
Nov 05, 2025 12:17:59 AM io.gapi.emulators.netty.NotFoundHandler handleRequest
INFO: Unknown request URI: /message?device=sdk_gphone64_x86_64%20-%2016%20-%20API%2036&app=com.anonymous.ecofit&clientid=DevLauncherBridgelessDevSupportManager
Nov 05, 2025 12:18:01 AM io.gapi.emulators.netty.NotFoundHandler handleRequest
INFO: Unknown request URI: /message?device=sdk_gphone64_x86_64%20-%2016%20-%20API%2036&app=com.anonymous.ecofit&clientid=DevLauncherBridgelessDevSupportManager
Nov 05, 2025 12:18:03 AM io.gapi.emulators.netty.NotFoundHandler handleRequest
INFO: Unknown request URI: /message?device=sdk_gphone64_x86_64%20-%2016%20-%20API%2036&app=com.anonymous.ecofit&clientid=DevLauncherBridgelessDevSupportManager
Nov 05, 2025 12:18:05 AM io.gapi.emulators.netty.NotFoundHandler handleRequest
INFO: Unknown request URI: /message?device=sdk_gphone64_x86_64%20-%2016%20-%20API%2036&app=com.anonymous.ecofit&clientid=DevLauncherBridgelessDevSupportManager
Nov 05, 2025 12:18:07 AM io.gapi.emulators.netty.NotFoundHandler handleRequest
INFO: Unknown request URI: /message?device=sdk_gphone64_x86_64%20-%2016%20-%20API%2036&app=com.anonymous.ecofit&clientid=DevLauncherBridgelessDevSupportManager
Nov 05, 2025 12:18:09 AM io.gapi.emulators.netty.NotFoundHandler handleRequest
INFO: Unknown request URI: /message?device=sdk_gphone64_x86_64%20-%2016%20-%20API%2036&app=com.anonymous.ecofit&clientid=DevLauncherBridgelessDevSupportManager
Nov 05, 2025 12:18:11 AM io.gapi.emulators.netty.NotFoundHandler handleRequest
INFO: Unknown request URI: /message?device=sdk_gphone64_x86_64%20-%2016%20-%20API%2036&app=com.anonymous.ecofit&clientid=DevLauncherBridgelessDevSupportManager
Nov 05, 2025 12:18:13 AM io.gapi.emulators.netty.NotFoundHandler handleRequest
INFO: Unknown request URI: /message?device=sdk_gphone64_x86_64%20-%2016%20-%20API%2036&app=com.anonymous.ecofit&clientid=DevLauncherBridgelessDevSupportManager
Nov 05, 2025 12:18:15 AM io.gapi.emulators.netty.NotFoundHandler handleRequest
INFO: Unknown request URI: /message?device=sdk_gphone64_x86_64%20-%2016%20-%20API%2036&app=com.anonymous.ecofit&clientid=DevLauncherBridgelessDevSupportManager
Nov 05, 2025 12:18:17 AM io.gapi.emulators.netty.NotFoundHandler handleRequest
INFO: Unknown request URI: /message?device=sdk_gphone64_x86_64%20-%2016%20-%20API%2036&app=com.anonymous.ecofit&clientid=DevLauncherBridgelessDevSupportManager
Nov 05, 2025 12:18:19 AM io.gapi.emulators.netty.NotFoundHandler handleRequest
INFO: Unknown request URI: /message?device=sdk_gphone64_x86_64%20-%2016%20-%20API%2036&app=com.anonymous.ecofit&clientid=DevLauncherBridgelessDevSupportManager
Nov 05, 2025 12:18:21 AM io.gapi.emulators.netty.NotFoundHandler handleRequest
INFO: Unknown request URI: /message?device=sdk_gphone64_x86_64%20-%2016%20-%20API%2036&app=com.anonymous.ecofit&clientid=DevLauncherBridgelessDevSupportManager
Nov 05, 2025 12:18:23 AM io.gapi.emulators.netty.NotFoundHandler handleRequest
INFO: Unknown request URI: /message?device=sdk_gphone64_x86_64%20-%2016%20-%20API%2036&app=com.anonymous.ecofit&clientid=DevLauncherBridgelessDevSupportManager
Nov 05, 2025 12:18:25 AM io.gapi.emulators.netty.NotFoundHandler handleRequest
INFO: Unknown request URI: /message?device=sdk_gphone64_x86_64%20-%2016%20-%20API%2036&app=com.anonymous.ecofit&clientid=DevLauncherBridgelessDevSupportManager
Nov 05, 2025 12:18:27 AM io.gapi.emulators.netty.NotFoundHandler handleRequest
INFO: Unknown request URI: /message?device=sdk_gphone64_x86_64%20-%2016%20-%20API%2036&app=com.anonymous.ecofit&clientid=DevLauncherBridgelessDevSupportManager
Nov 05, 2025 12:18:29 AM io.gapi.emulators.netty.NotFoundHandler handleRequest
INFO: Unknown request URI: /message?device=sdk_gphone64_x86_64%20-%2016%20-%20API%2036&app=com.anonymous.ecofit&clientid=DevLauncherBridgelessDevSupportManager
Nov 05, 2025 12:18:31 AM io.gapi.emulators.netty.NotFoundHandler handleRequest
INFO: Unknown request URI: /message?device=sdk_gphone64_x86_64%20-%2016%20-%20API%2036&app=com.anonymous.ecofit&clientid=DevLauncherBridgelessDevSupportManager
Nov 05, 2025 12:18:33 AM io.gapi.emulators.netty.NotFoundHandler handleRequest
INFO: Unknown request URI: /message?device=sdk_gphone64_x86_64%20-%2016%20-%20API%2036&app=com.anonymous.ecofit&clientid=DevLauncherBridgelessDevSupportManager
Nov 05, 2025 12:18:35 AM io.gapi.emulators.netty.NotFoundHandler handleRequest
INFO: Unknown request URI: /message?device=sdk_gphone64_x86_64%20-%2016%20-%20API%2036&app=com.anonymous.ecofit&clientid=DevLauncherBridgelessDevSupportManager
Nov 05, 2025 12:18:37 AM io.gapi.emulators.netty.NotFoundHandler handleRequest
INFO: Unknown request URI: /message?device=sdk_gphone64_x86_64%20-%2016%20-%20API%2036&app=com.anonymous.ecofit&clientid=DevLauncherBridgelessDevSupportManager
Nov 05, 2025 12:18:39 AM io.gapi.emulators.netty.NotFoundHandler handleRequest
INFO: Unknown request URI: /message?device=sdk_gphone64_x86_64%20-%2016%20-%20API%2036&app=com.anonymous.ecofit&clientid=DevLauncherBridgelessDevSupportManager
Nov 05, 2025 12:18:41 AM io.gapi.emulators.netty.NotFoundHandler handleRequest
INFO: Unknown request URI: /message?device=sdk_gphone64_x86_64%20-%2016%20-%20API%2036&app=com.anonymous.ecofit&clientid=DevLauncherBridgelessDevSupportManager
Nov 05, 2025 12:18:43 AM io.gapi.emulators.netty.NotFoundHandler handleRequest
INFO: Unknown request URI: /message?device=sdk_gphone64_x86_64%20-%2016%20-%20API%2036&app=com.anonymous.ecofit&clientid=DevLauncherBridgelessDevSupportManager
Nov 05, 2025 12:18:45 AM io.gapi.emulators.netty.NotFoundHandler handleRequest
INFO: Unknown request URI: /message?device=sdk_gphone64_x86_64%20-%2016%20-%20API%2036&app=com.anonymous.ecofit&clientid=DevLauncherBridgelessDevSupportManager
Nov 05, 2025 12:18:47 AM io.gapi.emulators.netty.NotFoundHandler handleRequest
INFO: Unknown request URI: /message?device=sdk_gphone64_x86_64%20-%2016%20-%20API%2036&app=com.anonymous.ecofit&clientid=DevLauncherBridgelessDevSupportManager
Nov 05, 2025 12:18:49 AM io.gapi.emulators.netty.NotFoundHandler handleRequest
INFO: Unknown request URI: /message?device=sdk_gphone64_x86_64%20-%2016%20-%20API%2036&app=com.anonymous.ecofit&clientid=DevLauncherBridgelessDevSupportManager
Nov 05, 2025 12:18:51 AM io.gapi.emulators.netty.NotFoundHandler handleRequest
INFO: Unknown request URI: /message?device=sdk_gphone64_x86_64%20-%2016%20-%20API%2036&app=com.anonymous.ecofit&clientid=DevLauncherBridgelessDevSupportManager
Nov 05, 2025 12:18:53 AM io.gapi.emulators.netty.NotFoundHandler handleRequest
INFO: Unknown request URI: /message?device=sdk_gphone64_x86_64%20-%2016%20-%20API%2036&app=com.anonymous.ecofit&clientid=DevLauncherBridgelessDevSupportManager
Nov 05, 2025 12:18:55 AM io.gapi.emulators.netty.NotFoundHandler handleRequest
INFO: Unknown request URI: /message?device=sdk_gphone64_x86_64%20-%2016%20-%20API%2036&app=com.anonymous.ecofit&clientid=DevLauncherBridgelessDevSupportManager
Nov 05, 2025 12:18:57 AM io.gapi.emulators.netty.NotFoundHandler handleRequest
INFO: Unknown request URI: /message?device=sdk_gphone64_x86_64%20-%2016%20-%20API%2036&app=com.anonymous.ecofit&clientid=DevLauncherBridgelessDevSupportManager
Nov 05, 2025 12:18:59 AM io.gapi.emulators.netty.NotFoundHandler handleRequest
INFO: Unknown request URI: /message?device=sdk_gphone64_x86_64%20-%2016%20-%20API%2036&app=com.anonymous.ecofit&clientid=DevLauncherBridgelessDevSupportManager
Nov 05, 2025 12:19:01 AM io.gapi.emulators.netty.NotFoundHandler handleRequest
INFO: Unknown request URI: /message?device=sdk_gphone64_x86_64%20-%2016%20-%20API%2036&app=com.anonymous.ecofit&clientid=DevLauncherBridgelessDevSupportManager
Nov 05, 2025 12:19:03 AM io.gapi.emulators.netty.NotFoundHandler handleRequest
INFO: Unknown request URI: /message?device=sdk_gphone64_x86_64%20-%2016%20-%20API%2036&app=com.anonymous.ecofit&clientid=DevLauncherBridgelessDevSupportManager
Nov 05, 2025 12:19:05 AM io.gapi.emulators.netty.NotFoundHandler handleRequest
INFO: Unknown request URI: /message?device=sdk_gphone64_x86_64%20-%2016%20-%20API%2036&app=com.anonymous.ecofit&clientid=DevLauncherBridgelessDevSupportManager
Nov 05, 2025 12:19:07 AM io.gapi.emulators.netty.NotFoundHandler handleRequest
INFO: Unknown request URI: /message?device=sdk_gphone64_x86_64%20-%2016%20-%20API%2036&app=com.anonymous.ecofit&clientid=DevLauncherBridgelessDevSupportManager
Nov 05, 2025 12:19:09 AM io.gapi.emulators.netty.NotFoundHandler handleRequest
INFO: Unknown request URI: /message?device=sdk_gphone64_x86_64%20-%2016%20-%20API%2036&app=com.anonymous.ecofit&clientid=DevLauncherBridgelessDevSupportManager
Nov 05, 2025 12:19:11 AM io.gapi.emulators.netty.NotFoundHandler handleRequest
INFO: Unknown request URI: /message?device=sdk_gphone64_x86_64%20-%2016%20-%20API%2036&app=com.anonymous.ecofit&clientid=DevLauncherBridgelessDevSupportManager
Nov 05, 2025 12:19:13 AM io.gapi.emulators.netty.NotFoundHandler handleRequest
INFO: Unknown request URI: /message?device=sdk_gphone64_x86_64%20-%2016%20-%20API%2036&app=com.anonymous.ecofit&clientid=DevLauncherBridgelessDevSupportManager
Nov 05, 2025 12:19:15 AM io.gapi.emulators.netty.NotFoundHandler handleRequest
INFO: Unknown request URI: /message?device=sdk_gphone64_x86_64%20-%2016%20-%20API%2036&app=com.anonymous.ecofit&clientid=DevLauncherBridgelessDevSupportManager
Nov 05, 2025 12:19:17 AM io.gapi.emulators.netty.NotFoundHandler handleRequest
INFO: Unknown request URI: /message?device=sdk_gphone64_x86_64%20-%2016%20-%20API%2036&app=com.anonymous.ecofit&clientid=DevLauncherBridgelessDevSupportManager
Nov 05, 2025 12:19:19 AM io.gapi.emulators.netty.NotFoundHandler handleRequest
INFO: Unknown request URI: /message?device=sdk_gphone64_x86_64%20-%2016%20-%20API%2036&app=com.anonymous.ecofit&clientid=DevLauncherBridgelessDevSupportManager
Nov 05, 2025 12:19:21 AM io.gapi.emulators.netty.NotFoundHandler handleRequest
INFO: Unknown request URI: /message?device=sdk_gphone64_x86_64%20-%2016%20-%20API%2036&app=com.anonymous.ecofit&clientid=DevLauncherBridgelessDevSupportManager
Nov 05, 2025 12:19:23 AM io.gapi.emulators.netty.NotFoundHandler handleRequest
INFO: Unknown request URI: /message?device=sdk_gphone64_x86_64%20-%2016%20-%20API%2036&app=com.anonymous.ecofit&clientid=DevLauncherBridgelessDevSupportManager
Nov 05, 2025 12:19:25 AM io.gapi.emulators.netty.NotFoundHandler handleRequest
INFO: Unknown request URI: /message?device=sdk_gphone64_x86_64%20-%2016%20-%20API%2036&app=com.anonymous.ecofit&clientid=DevLauncherBridgelessDevSupportManager
Nov 05, 2025 12:19:27 AM io.gapi.emulators.netty.NotFoundHandler handleRequest
INFO: Unknown request URI: /message?device=sdk_gphone64_x86_64%20-%2016%20-%20API%2036&app=com.anonymous.ecofit&clientid=DevLauncherBridgelessDevSupportManager
Nov 05, 2025 12:19:29 AM io.gapi.emulators.netty.NotFoundHandler handleRequest
INFO: Unknown request URI: /message?device=sdk_gphone64_x86_64%20-%2016%20-%20API%2036&app=com.anonymous.ecofit&clientid=DevLauncherBridgelessDevSupportManager
Nov 05, 2025 12:19:31 AM io.gapi.emulators.netty.NotFoundHandler handleRequest
INFO: Unknown request URI: /message?device=sdk_gphone64_x86_64%20-%2016%20-%20API%2036&app=com.anonymous.ecofit&clientid=DevLauncherBridgelessDevSupportManager
Nov 05, 2025 12:19:33 AM io.gapi.emulators.netty.NotFoundHandler handleRequest
INFO: Unknown request URI: /message?device=sdk_gphone64_x86_64%20-%2016%20-%20API%2036&app=com.anonymous.ecofit&clientid=DevLauncherBridgelessDevSupportManager
Nov 05, 2025 12:19:35 AM io.gapi.emulators.netty.NotFoundHandler handleRequest
INFO: Unknown request URI: /message?device=sdk_gphone64_x86_64%20-%2016%20-%20API%2036&app=com.anonymous.ecofit&clientid=DevLauncherBridgelessDevSupportManager
Nov 05, 2025 12:19:37 AM io.gapi.emulators.netty.NotFoundHandler handleRequest
INFO: Unknown request URI: /message?device=sdk_gphone64_x86_64%20-%2016%20-%20API%2036&app=com.anonymous.ecofit&clientid=DevLauncherBridgelessDevSupportManager
Nov 05, 2025 12:19:39 AM io.gapi.emulators.netty.NotFoundHandler handleRequest
INFO: Unknown request URI: /message?device=sdk_gphone64_x86_64%20-%2016%20-%20API%2036&app=com.anonymous.ecofit&clientid=DevLauncherBridgelessDevSupportManager
Nov 05, 2025 12:19:41 AM io.gapi.emulators.netty.NotFoundHandler handleRequest
INFO: Unknown request URI: /message?device=sdk_gphone64_x86_64%20-%2016%20-%20API%2036&app=com.anonymous.ecofit&clientid=DevLauncherBridgelessDevSupportManager
Nov 05, 2025 12:19:43 AM io.gapi.emulators.netty.NotFoundHandler handleRequest
INFO: Unknown request URI: /message?device=sdk_gphone64_x86_64%20-%2016%20-%20API%2036&app=com.anonymous.ecofit&clientid=DevLauncherBridgelessDevSupportManager
Nov 05, 2025 12:19:45 AM io.gapi.emulators.netty.NotFoundHandler handleRequest
INFO: Unknown request URI: /message?device=sdk_gphone64_x86_64%20-%2016%20-%20API%2036&app=com.anonymous.ecofit&clientid=DevLauncherBridgelessDevSupportManager
Nov 05, 2025 12:19:47 AM io.gapi.emulators.netty.NotFoundHandler handleRequest
INFO: Unknown request URI: /message?device=sdk_gphone64_x86_64%20-%2016%20-%20API%2036&app=com.anonymous.ecofit&clientid=DevLauncherBridgelessDevSupportManager
Nov 05, 2025 12:19:49 AM io.gapi.emulators.netty.NotFoundHandler handleRequest
INFO: Unknown request URI: /message?device=sdk_gphone64_x86_64%20-%2016%20-%20API%2036&app=com.anonymous.ecofit&clientid=DevLauncherBridgelessDevSupportManager
Nov 05, 2025 12:19:51 AM io.gapi.emulators.netty.NotFoundHandler handleRequest
INFO: Unknown request URI: /message?device=sdk_gphone64_x86_64%20-%2016%20-%20API%2036&app=com.anonymous.ecofit&clientid=DevLauncherBridgelessDevSupportManager
Nov 05, 2025 12:19:53 AM io.gapi.emulators.netty.NotFoundHandler handleRequest
INFO: Unknown request URI: /message?device=sdk_gphone64_x86_64%20-%2016%20-%20API%2036&app=com.anonymous.ecofit&clientid=DevLauncherBridgelessDevSupportManager
Nov 05, 2025 12:19:55 AM io.gapi.emulators.netty.NotFoundHandler handleRequest
INFO: Unknown request URI: /message?device=sdk_gphone64_x86_64%20-%2016%20-%20API%2036&app=com.anonymous.ecofit&clientid=DevLauncherBridgelessDevSupportManager
Nov 05, 2025 12:19:57 AM io.gapi.emulators.netty.NotFoundHandler handleRequest
INFO: Unknown request URI: /message?device=sdk_gphone64_x86_64%20-%2016%20-%20API%2036&app=com.anonymous.ecofit&clientid=DevLauncherBridgelessDevSupportManager
Nov 05, 2025 12:19:59 AM io.gapi.emulators.netty.NotFoundHandler handleRequest
INFO: Unknown request URI: /message?device=sdk_gphone64_x86_64%20-%2016%20-%20API%2036&app=com.anonymous.ecofit&clientid=DevLauncherBridgelessDevSupportManager
Nov 05, 2025 12:20:01 AM io.gapi.emulators.netty.NotFoundHandler handleRequest
INFO: Unknown request URI: /message?device=sdk_gphone64_x86_64%20-%2016%20-%20API%2036&app=com.anonymous.ecofit&clientid=DevLauncherBridgelessDevSupportManager
Nov 05, 2025 12:20:03 AM io.gapi.emulators.netty.NotFoundHandler handleRequest
INFO: Unknown request URI: /message?device=sdk_gphone64_x86_64%20-%2016%20-%20API%2036&app=com.anonymous.ecofit&clientid=DevLauncherBridgelessDevSupportManager
Nov 05, 2025 12:20:05 AM io.gapi.emulators.netty.NotFoundHandler handleRequest
INFO: Unknown request URI: /message?device=sdk_gphone64_x86_64%20-%2016%20-%20API%2036&app=com.anonymous.ecofit&clientid=DevLauncherBridgelessDevSupportManager
Nov 05, 2025 12:20:07 AM io.gapi.emulators.netty.NotFoundHandler handleRequest
INFO: Unknown request URI: /message?device=sdk_gphone64_x86_64%20-%2016%20-%20API%2036&app=com.anonymous.ecofit&clientid=DevLauncherBridgelessDevSupportManager
Nov 05, 2025 12:20:09 AM io.gapi.emulators.netty.NotFoundHandler handleRequest
INFO: Unknown request URI: /message?device=sdk_gphone64_x86_64%20-%2016%20-%20API%2036&app=com.anonymous.ecofit&clientid=DevLauncherBridgelessDevSupportManager
Nov 05, 2025 12:20:11 AM io.gapi.emulators.netty.NotFoundHandler handleRequest
INFO: Unknown request URI: /message?device=sdk_gphone64_x86_64%20-%2016%20-%20API%2036&app=com.anonymous.ecofit&clientid=DevLauncherBridgelessDevSupportManager
Nov 05, 2025 12:20:13 AM io.gapi.emulators.netty.NotFoundHandler handleRequest
INFO: Unknown request URI: /message?device=sdk_gphone64_x86_64%20-%2016%20-%20API%2036&app=com.anonymous.ecofit&clientid=DevLauncherBridgelessDevSupportManager
Nov 05, 2025 12:20:15 AM io.gapi.emulators.netty.NotFoundHandler handleRequest
INFO: Unknown request URI: /message?device=sdk_gphone64_x86_64%20-%2016%20-%20API%2036&app=com.anonymous.ecofit&clientid=DevLauncherBridgelessDevSupportManager
Nov 05, 2025 12:20:17 AM io.gapi.emulators.netty.NotFoundHandler handleRequest
INFO: Unknown request URI: /message?device=sdk_gphone64_x86_64%20-%2016%20-%20API%2036&app=com.anonymous.ecofit&clientid=DevLauncherBridgelessDevSupportManager
Nov 05, 2025 12:20:19 AM io.gapi.emulators.netty.NotFoundHandler handleRequest
INFO: Unknown request URI: /message?device=sdk_gphone64_x86_64%20-%2016%20-%20API%2036&app=com.anonymous.ecofit&clientid=DevLauncherBridgelessDevSupportManager
Nov 05, 2025 12:20:21 AM io.gapi.emulators.netty.NotFoundHandler handleRequest
INFO: Unknown request URI: /message?device=sdk_gphone64_x86_64%20-%2016%20-%20API%2036&app=com.anonymous.ecofit&clientid=DevLauncherBridgelessDevSupportManager
Nov 05, 2025 12:20:23 AM io.gapi.emulators.netty.NotFoundHandler handleRequest
INFO: Unknown request URI: /message?device=sdk_gphone64_x86_64%20-%2016%20-%20API%2036&app=com.anonymous.ecofit&clientid=DevLauncherBridgelessDevSupportManager
Nov 05, 2025 12:20:25 AM io.gapi.emulators.netty.NotFoundHandler handleRequest
INFO: Unknown request URI: /message?device=sdk_gphone64_x86_64%20-%2016%20-%20API%2036&app=com.anonymous.ecofit&clientid=DevLauncherBridgelessDevSupportManager
Nov 05, 2025 12:20:27 AM io.gapi.emulators.netty.NotFoundHandler handleRequest
INFO: Unknown request URI: /message?device=sdk_gphone64_x86_64%20-%2016%20-%20API%2036&app=com.anonymous.ecofit&clientid=DevLauncherBridgelessDevSupportManager
Nov 05, 2025 12:20:29 AM io.gapi.emulators.netty.NotFoundHandler handleRequest
INFO: Unknown request URI: /message?device=sdk_gphone64_x86_64%20-%2016%20-%20API%2036&app=com.anonymous.ecofit&clientid=DevLauncherBridgelessDevSupportManager
Nov 05, 2025 12:20:31 AM io.gapi.emulators.netty.NotFoundHandler handleRequest
INFO: Unknown request URI: /message?device=sdk_gphone64_x86_64%20-%2016%20-%20API%2036&app=com.anonymous.ecofit&clientid=DevLauncherBridgelessDevSupportManager
Nov 05, 2025 12:20:33 AM io.gapi.emulators.netty.NotFoundHandler handleRequest
INFO: Unknown request URI: /message?device=sdk_gphone64_x86_64%20-%2016%20-%20API%2036&app=com.anonymous.ecofit&clientid=DevLauncherBridgelessDevSupportManager
Nov 05, 2025 12:20:35 AM io.gapi.emulators.netty.NotFoundHandler handleRequest
INFO: Unknown request URI: /message?device=sdk_gphone64_x86_64%20-%2016%20-%20API%2036&app=com.anonymous.ecofit&clientid=DevLauncherBridgelessDevSupportManager
Nov 05, 2025 12:20:37 AM io.gapi.emulators.netty.NotFoundHandler handleRequest
INFO: Unknown request URI: /message?device=sdk_gphone64_x86_64%20-%2016%20-%20API%2036&app=com.anonymous.ecofit&clientid=DevLauncherBridgelessDevSupportManager
Nov 05, 2025 12:20:39 AM io.gapi.emulators.netty.NotFoundHandler handleRequest
INFO: Unknown request URI: /message?device=sdk_gphone64_x86_64%20-%2016%20-%20API%2036&app=com.anonymous.ecofit&clientid=DevLauncherBridgelessDevSupportManager
Nov 05, 2025 12:20:41 AM io.gapi.emulators.netty.NotFoundHandler handleRequest
INFO: Unknown request URI: /message?device=sdk_gphone64_x86_64%20-%2016%20-%20API%2036&app=com.anonymous.ecofit&clientid=DevLauncherBridgelessDevSupportManager
Nov 05, 2025 12:20:43 AM io.gapi.emulators.netty.NotFoundHandler handleRequest
INFO: Unknown request URI: /message?device=sdk_gphone64_x86_64%20-%2016%20-%20API%2036&app=com.anonymous.ecofit&clientid=DevLauncherBridgelessDevSupportManager
Nov 05, 2025 12:20:45 AM io.gapi.emulators.netty.NotFoundHandler handleRequest
INFO: Unknown request URI: /message?device=sdk_gphone64_x86_64%20-%2016%20-%20API%2036&app=com.anonymous.ecofit&clientid=DevLauncherBridgelessDevSupportManager
Nov 05, 2025 12:20:47 AM io.gapi.emulators.netty.NotFoundHandler handleRequest
INFO: Unknown request URI: /message?device=sdk_gphone64_x86_64%20-%2016%20-%20API%2036&app=com.anonymous.ecofit&clientid=DevLauncherBridgelessDevSupportManager
Nov 05, 2025 12:20:49 AM io.gapi.emulators.netty.NotFoundHandler handleRequest
INFO: Unknown request URI: /message?device=sdk_gphone64_x86_64%20-%2016%20-%20API%2036&app=com.anonymous.ecofit&clientid=DevLauncherBridgelessDevSupportManager
Nov 05, 2025 12:20:51 AM io.gapi.emulators.netty.NotFoundHandler handleRequest
INFO: Unknown request URI: /message?device=sdk_gphone64_x86_64%20-%2016%20-%20API%2036&app=com.anonymous.ecofit&clientid=DevLauncherBridgelessDevSupportManager
Nov 05, 2025 12:20:53 AM io.gapi.emulators.netty.NotFoundHandler handleRequest
INFO: Unknown request URI: /message?device=sdk_gphone64_x86_64%20-%2016%20-%20API%2036&app=com.anonymous.ecofit&clientid=DevLauncherBridgelessDevSupportManager
Nov 05, 2025 12:20:55 AM io.gapi.emulators.netty.NotFoundHandler handleRequest
INFO: Unknown request URI: /message?device=sdk_gphone64_x86_64%20-%2016%20-%20API%2036&app=com.anonymous.ecofit&clientid=DevLauncherBridgelessDevSupportManager
Nov 05, 2025 12:20:57 AM io.gapi.emulators.netty.NotFoundHandler handleRequest
INFO: Unknown request URI: /message?device=sdk_gphone64_x86_64%20-%2016%20-%20API%2036&app=com.anonymous.ecofit&clientid=DevLauncherBridgelessDevSupportManager
Nov 05, 2025 12:20:59 AM io.gapi.emulators.netty.NotFoundHandler handleRequest
INFO: Unknown request URI: /message?device=sdk_gphone64_x86_64%20-%2016%20-%20API%2036&app=com.anonymous.ecofit&clientid=DevLauncherBridgelessDevSupportManager
Nov 05, 2025 12:21:01 AM io.gapi.emulators.netty.NotFoundHandler handleRequest
INFO: Unknown request URI: /message?device=sdk_gphone64_x86_64%20-%2016%20-%20API%2036&app=com.anonymous.ecofit&clientid=DevLauncherBridgelessDevSupportManager
Nov 05, 2025 12:21:03 AM io.gapi.emulators.netty.NotFoundHandler handleRequest
INFO: Unknown request URI: /message?device=sdk_gphone64_x86_64%20-%2016%20-%20API%2036&app=com.anonymous.ecofit&clientid=DevLauncherBridgelessDevSupportManager
Nov 05, 2025 12:21:05 AM io.gapi.emulators.netty.NotFoundHandler handleRequest
INFO: Unknown request URI: /message?device=sdk_gphone64_x86_64%20-%2016%20-%20API%2036&app=com.anonymous.ecofit&clientid=DevLauncherBridgelessDevSupportManager
Nov 05, 2025 12:21:07 AM io.gapi.emulators.netty.NotFoundHandler handleRequest
INFO: Unknown request URI: /message?device=sdk_gphone64_x86_64%20-%2016%20-%20API%2036&app=com.anonymous.ecofit&clientid=DevLauncherBridgelessDevSupportManager
Nov 05, 2025 12:21:09 AM io.gapi.emulators.netty.NotFoundHandler handleRequest
INFO: Unknown request URI: /message?device=sdk_gphone64_x86_64%20-%2016%20-%20API%2036&app=com.anonymous.ecofit&clientid=DevLauncherBridgelessDevSupportManager
Nov 05, 2025 12:21:11 AM io.gapi.emulators.netty.NotFoundHandler handleRequest
INFO: Unknown request URI: /message?device=sdk_gphone64_x86_64%20-%2016%20-%20API%2036&app=com.anonymous.ecofit&clientid=DevLauncherBridgelessDevSupportManager
Nov 05, 2025 12:21:13 AM io.gapi.emulators.netty.NotFoundHandler handleRequest
INFO: Unknown request URI: /message?device=sdk_gphone64_x86_64%20-%2016%20-%20API%2036&app=com.anonymous.ecofit&clientid=DevLauncherBridgelessDevSupportManager
Nov 05, 2025 12:21:15 AM io.gapi.emulators.netty.NotFoundHandler handleRequest
INFO: Unknown request URI: /message?device=sdk_gphone64_x86_64%20-%2016%20-%20API%2036&app=com.anonymous.ecofit&clientid=DevLauncherBridgelessDevSupportManager
Nov 05, 2025 12:21:17 AM io.gapi.emulators.netty.NotFoundHandler handleRequest
INFO: Unknown request URI: /message?device=sdk_gphone64_x86_64%20-%2016%20-%20API%2036&app=com.anonymous.ecofit&clientid=DevLauncherBridgelessDevSupportManager
Nov 05, 2025 12:21:19 AM io.gapi.emulators.netty.NotFoundHandler handleRequest
INFO: Unknown request URI: /message?device=sdk_gphone64_x86_64%20-%2016%20-%20API%2036&app=com.anonymous.ecofit&clientid=DevLauncherBridgelessDevSupportManager
Nov 05, 2025 12:21:21 AM io.gapi.emulators.netty.NotFoundHandler handleRequest
INFO: Unknown request URI: /message?device=sdk_gphone64_x86_64%20-%2016%20-%20API%2036&app=com.anonymous.ecofit&clientid=DevLauncherBridgelessDevSupportManager
Nov 05, 2025 12:21:23 AM io.gapi.emulators.netty.NotFoundHandler handleRequest
INFO: Unknown request URI: /message?device=sdk_gphone64_x86_64%20-%2016%20-%20API%2036&app=com.anonymous.ecofit&clientid=DevLauncherBridgelessDevSupportManager
Nov 05, 2025 12:21:25 AM io.gapi.emulators.netty.NotFoundHandler handleRequest
INFO: Unknown request URI: /message?device=sdk_gphone64_x86_64%20-%2016%20-%20API%2036&app=com.anonymous.ecofit&clientid=DevLauncherBridgelessDevSupportManager
Nov 05, 2025 12:21:27 AM io.gapi.emulators.netty.NotFoundHandler handleRequest
INFO: Unknown request URI: /message?device=sdk_gphone64_x86_64%20-%2016%20-%20API%2036&app=com.anonymous.ecofit&clientid=DevLauncherBridgelessDevSupportManager
Nov 05, 2025 12:21:29 AM io.gapi.emulators.netty.NotFoundHandler handleRequest
INFO: Unknown request URI: /message?device=sdk_gphone64_x86_64%20-%2016%20-%20API%2036&app=com.anonymous.ecofit&clientid=DevLauncherBridgelessDevSupportManager
Nov 05, 2025 12:21:31 AM io.gapi.emulators.netty.NotFoundHandler handleRequest
INFO: Unknown request URI: /message?device=sdk_gphone64_x86_64%20-%2016%20-%20API%2036&app=com.anonymous.ecofit&clientid=DevLauncherBridgelessDevSupportManager
Nov 05, 2025 12:21:33 AM io.gapi.emulators.netty.NotFoundHandler handleRequest
INFO: Unknown request URI: /message?device=sdk_gphone64_x86_64%20-%2016%20-%20API%2036&app=com.anonymous.ecofit&clientid=DevLauncherBridgelessDevSupportManager
Nov 05, 2025 12:21:35 AM io.gapi.emulators.netty.NotFoundHandler handleRequest
INFO: Unknown request URI: /message?device=sdk_gphone64_x86_64%20-%2016%20-%20API%2036&app=com.anonymous.ecofit&clientid=DevLauncherBridgelessDevSupportManager
Nov 05, 2025 12:21:37 AM io.gapi.emulators.netty.NotFoundHandler handleRequest
INFO: Unknown request URI: /message?device=sdk_gphone64_x86_64%20-%2016%20-%20API%2036&app=com.anonymous.ecofit&clientid=DevLauncherBridgelessDevSupportManager
Nov 05, 2025 12:21:39 AM io.gapi.emulators.netty.NotFoundHandler handleRequest
INFO: Unknown request URI: /message?device=sdk_gphone64_x86_64%20-%2016%20-%20API%2036&app=com.anonymous.ecofit&clientid=DevLauncherBridgelessDevSupportManager
Nov 05, 2025 12:21:41 AM io.gapi.emulators.netty.NotFoundHandler handleRequest
INFO: Unknown request URI: /message?device=sdk_gphone64_x86_64%20-%2016%20-%20API%2036&app=com.anonymous.ecofit&clientid=DevLauncherBridgelessDevSupportManager
Nov 05, 2025 12:21:43 AM io.gapi.emulators.netty.NotFoundHandler handleRequest
INFO: Unknown request URI: /message?device=sdk_gphone64_x86_64%20-%2016%20-%20API%2036&app=com.anonymous.ecofit&clientid=DevLauncherBridgelessDevSupportManager
Nov 05, 2025 12:21:45 AM io.gapi.emulators.netty.NotFoundHandler handleRequest
INFO: Unknown request URI: /message?device=sdk_gphone64_x86_64%20-%2016%20-%20API%2036&app=com.anonymous.ecofit&clientid=DevLauncherBridgelessDevSupportManager
Nov 05, 2025 12:21:47 AM io.gapi.emulators.netty.NotFoundHandler handleRequest
INFO: Unknown request URI: /message?device=sdk_gphone64_x86_64%20-%2016%20-%20API%2036&app=com.anonymous.ecofit&clientid=DevLauncherBridgelessDevSupportManager
Nov 05, 2025 12:21:49 AM io.gapi.emulators.netty.NotFoundHandler handleRequest
INFO: Unknown request URI: /message?device=sdk_gphone64_x86_64%20-%2016%20-%20API%2036&app=com.anonymous.ecofit&clientid=DevLauncherBridgelessDevSupportManager
Nov 05, 2025 12:21:51 AM io.gapi.emulators.netty.NotFoundHandler handleRequest
INFO: Unknown request URI: /message?device=sdk_gphone64_x86_64%20-%2016%20-%20API%2036&app=com.anonymous.ecofit&clientid=DevLauncherBridgelessDevSupportManager
Nov 05, 2025 12:21:53 AM io.gapi.emulators.netty.NotFoundHandler handleRequest
INFO: Unknown request URI: /message?device=sdk_gphone64_x86_64%20-%2016%20-%20API%2036&app=com.anonymous.ecofit&clientid=DevLauncherBridgelessDevSupportManager
Nov 05, 2025 12:21:55 AM io.gapi.emulators.netty.NotFoundHandler handleRequest
INFO: Unknown request URI: /message?device=sdk_gphone64_x86_64%20-%2016%20-%20API%2036&app=com.anonymous.ecofit&clientid=DevLauncherBridgelessDevSupportManager
Nov 05, 2025 12:21:57 AM io.gapi.emulators.netty.NotFoundHandler handleRequest
INFO: Unknown request URI: /message?device=sdk_gphone64_x86_64%20-%2016%20-%20API%2036&app=com.anonymous.ecofit&clientid=DevLauncherBridgelessDevSupportManager
Nov 05, 2025 12:21:59 AM io.gapi.emulators.netty.NotFoundHandler handleRequest
INFO: Unknown request URI: /message?device=sdk_gphone64_x86_64%20-%2016%20-%20API%2036&app=com.anonymous.ecofit&clientid=DevLauncherBridgelessDevSupportManager
Nov 05, 2025 12:22:01 AM io.gapi.emulators.netty.NotFoundHandler handleRequest
INFO: Unknown request URI: /message?device=sdk_gphone64_x86_64%20-%2016%20-%20API%2036&app=com.anonymous.ecofit&clientid=DevLauncherBridgelessDevSupportManager
Nov 05, 2025 12:22:03 AM io.gapi.emulators.netty.NotFoundHandler handleRequest
INFO: Unknown request URI: /message?device=sdk_gphone64_x86_64%20-%2016%20-%20API%2036&app=com.anonymous.ecofit&clientid=DevLauncherBridgelessDevSupportManager
Nov 05, 2025 12:22:05 AM io.gapi.emulators.netty.NotFoundHandler handleRequest
INFO: Unknown request URI: /message?device=sdk_gphone64_x86_64%20-%2016%20-%20API%2036&app=com.anonymous.ecofit&clientid=DevLauncherBridgelessDevSupportManager
Nov 05, 2025 12:22:07 AM io.gapi.emulators.netty.NotFoundHandler handleRequest
INFO: Unknown request URI: /message?device=sdk_gphone64_x86_64%20-%2016%20-%20API%2036&app=com.anonymous.ecofit&clientid=DevLauncherBridgelessDevSupportManager
Nov 05, 2025 12:22:09 AM io.gapi.emulators.netty.NotFoundHandler handleRequest
INFO: Unknown request URI: /message?device=sdk_gphone64_x86_64%20-%2016%20-%20API%2036&app=com.anonymous.ecofit&clientid=DevLauncherBridgelessDevSupportManager
Nov 05, 2025 12:22:11 AM io.gapi.emulators.netty.NotFoundHandler handleRequest
INFO: Unknown request URI: /message?device=sdk_gphone64_x86_64%20-%2016%20-%20API%2036&app=com.anonymous.ecofit&clientid=DevLauncherBridgelessDevSupportManager
Nov 05, 2025 12:22:13 AM io.gapi.emulators.netty.NotFoundHandler handleRequest
INFO: Unknown request URI: /message?device=sdk_gphone64_x86_64%20-%2016%20-%20API%2036&app=com.anonymous.ecofit&clientid=DevLauncherBridgelessDevSupportManager
Nov 05, 2025 12:22:15 AM io.gapi.emulators.netty.NotFoundHandler handleRequest
INFO: Unknown request URI: /message?device=sdk_gphone64_x86_64%20-%2016%20-%20API%2036&app=com.anonymous.ecofit&clientid=DevLauncherBridgelessDevSupportManager
Nov 05, 2025 12:22:17 AM io.gapi.emulators.netty.NotFoundHandler handleRequest
INFO: Unknown request URI: /message?device=sdk_gphone64_x86_64%20-%2016%20-%20API%2036&app=com.anonymous.ecofit&clientid=DevLauncherBridgelessDevSupportManager
Nov 05, 2025 12:22:19 AM io.gapi.emulators.netty.NotFoundHandler handleRequest
INFO: Unknown request URI: /message?device=sdk_gphone64_x86_64%20-%2016%20-%20API%2036&app=com.anonymous.ecofit&clientid=DevLauncherBridgelessDevSupportManager
Nov 05, 2025 12:22:21 AM io.gapi.emulators.netty.NotFoundHandler handleRequest
INFO: Unknown request URI: /message?device=sdk_gphone64_x86_64%20-%2016%20-%20API%2036&app=com.anonymous.ecofit&clientid=DevLauncherBridgelessDevSupportManager
Nov 05, 2025 12:22:23 AM io.gapi.emulators.netty.NotFoundHandler handleRequest
INFO: Unknown request URI: /message?device=sdk_gphone64_x86_64%20-%2016%20-%20API%2036&app=com.anonymous.ecofit&clientid=DevLauncherBridgelessDevSupportManager
Nov 05, 2025 12:22:25 AM io.gapi.emulators.netty.NotFoundHandler handleRequest
INFO: Unknown request URI: /message?device=sdk_gphone64_x86_64%20-%2016%20-%20API%2036&app=com.anonymous.ecofit&clientid=DevLauncherBridgelessDevSupportManager
Nov 05, 2025 12:22:27 AM io.gapi.emulators.netty.NotFoundHandler handleRequest
INFO: Unknown request URI: /message?device=sdk_gphone64_x86_64%20-%2016%20-%20API%2036&app=com.anonymous.ecofit&clientid=DevLauncherBridgelessDevSupportManager
Nov 05, 2025 12:22:29 AM io.gapi.emulators.netty.NotFoundHandler handleRequest
INFO: Unknown request URI: /message?device=sdk_gphone64_x86_64%20-%2016%20-%20API%2036&app=com.anonymous.ecofit&clientid=DevLauncherBridgelessDevSupportManager
Nov 05, 2025 12:22:31 AM io.gapi.emulators.netty.NotFoundHandler handleRequest
INFO: Unknown request URI: /message?device=sdk_gphone64_x86_64%20-%2016%20-%20API%2036&app=com.anonymous.ecofit&clientid=DevLauncherBridgelessDevSupportManager
Nov 05, 2025 12:22:33 AM io.gapi.emulators.netty.NotFoundHandler handleRequest
INFO: Unknown request URI: /message?device=sdk_gphone64_x86_64%20-%2016%20-%20API%2036&app=com.anonymous.ecofit&clientid=DevLauncherBridgelessDevSupportManager
Nov 05, 2025 12:22:35 AM io.gapi.emulators.netty.NotFoundHandler handleRequest
INFO: Unknown request URI: /message?device=sdk_gphone64_x86_64%20-%2016%20-%20API%2036&app=com.anonymous.ecofit&clientid=DevLauncherBridgelessDevSupportManager
Nov 05, 2025 12:22:37 AM io.gapi.emulators.netty.NotFoundHandler handleRequest
INFO: Unknown request URI: /message?device=sdk_gphone64_x86_64%20-%2016%20-%20API%2036&app=com.anonymous.ecofit&clientid=DevLauncherBridgelessDevSupportManager
Nov 05, 2025 12:22:39 AM io.gapi.emulators.netty.NotFoundHandler handleRequest
INFO: Unknown request URI: /message?device=sdk_gphone64_x86_64%20-%2016%20-%20API%2036&app=com.anonymous.ecofit&clientid=DevLauncherBridgelessDevSupportManager
Nov 05, 2025 12:22:41 AM io.gapi.emulators.netty.NotFoundHandler handleRequest
INFO: Unknown request URI: /message?device=sdk_gphone64_x86_64%20-%2016%20-%20API%2036&app=com.anonymous.ecofit&clientid=DevLauncherBridgelessDevSupportManager
Nov 05, 2025 12:22:43 AM io.gapi.emulators.netty.NotFoundHandler handleRequest
INFO: Unknown request URI: /message?device=sdk_gphone64_x86_64%20-%2016%20-%20API%2036&app=com.anonymous.ecofit&clientid=DevLauncherBridgelessDevSupportManager
Nov 05, 2025 12:22:45 AM io.gapi.emulators.netty.NotFoundHandler handleRequest
INFO: Unknown request URI: /message?device=sdk_gphone64_x86_64%20-%2016%20-%20API%2036&app=com.anonymous.ecofit&clientid=DevLauncherBridgelessDevSupportManager
Nov 05, 2025 12:22:47 AM io.gapi.emulators.netty.NotFoundHandler handleRequest
INFO: Unknown request URI: /message?device=sdk_gphone64_x86_64%20-%2016%20-%20API%2036&app=com.anonymous.ecofit&clientid=DevLauncherBridgelessDevSupportManager
Nov 05, 2025 12:22:49 AM io.gapi.emulators.netty.NotFoundHandler handleRequest
INFO: Unknown request URI: /message?device=sdk_gphone64_x86_64%20-%2016%20-%20API%2036&app=com.anonymous.ecofit&clientid=DevLauncherBridgelessDevSupportManager
Nov 05, 2025 12:22:51 AM io.gapi.emulators.netty.NotFoundHandler handleRequest
INFO: Unknown request URI: /message?device=sdk_gphone64_x86_64%20-%2016%20-%20API%2036&app=com.anonymous.ecofit&clientid=DevLauncherBridgelessDevSupportManager
Nov 05, 2025 12:22:53 AM io.gapi.emulators.netty.NotFoundHandler handleRequest
INFO: Unknown request URI: /message?device=sdk_gphone64_x86_64%20-%2016%20-%20API%2036&app=com.anonymous.ecofit&clientid=DevLauncherBridgelessDevSupportManager
Nov 05, 2025 12:22:55 AM io.gapi.emulators.netty.NotFoundHandler handleRequest
INFO: Unknown request URI: /message?device=sdk_gphone64_x86_64%20-%2016%20-%20API%2036&app=com.anonymous.ecofit&clientid=DevLauncherBridgelessDevSupportManager
Nov 05, 2025 12:22:57 AM io.gapi.emulators.netty.NotFoundHandler handleRequest
INFO: Unknown request URI: /message?device=sdk_gphone64_x86_64%20-%2016%20-%20API%2036&app=com.anonymous.ecofit&clientid=DevLauncherBridgelessDevSupportManager
Nov 05, 2025 12:22:59 AM io.gapi.emulators.netty.NotFoundHandler handleRequest
INFO: Unknown request URI: /message?device=sdk_gphone64_x86_64%20-%2016%20-%20API%2036&app=com.anonymous.ecofit&clientid=DevLauncherBridgelessDevSupportManager
Nov 05, 2025 12:23:01 AM io.gapi.emulators.netty.NotFoundHandler handleRequest
INFO: Unknown request URI: /message?device=sdk_gphone64_x86_64%20-%2016%20-%20API%2036&app=com.anonymous.ecofit&clientid=DevLauncherBridgelessDevSupportManager
Nov 05, 2025 12:23:03 AM io.gapi.emulators.netty.NotFoundHandler handleRequest
INFO: Unknown request URI: /message?device=sdk_gphone64_x86_64%20-%2016%20-%20API%2036&app=com.anonymous.ecofit&clientid=DevLauncherBridgelessDevSupportManager
Nov 05, 2025 12:23:05 AM io.gapi.emulators.netty.NotFoundHandler handleRequest
INFO: Unknown request URI: /message?device=sdk_gphone64_x86_64%20-%2016%20-%20API%2036&app=com.anonymous.ecofit&clientid=DevLauncherBridgelessDevSupportManager
Nov 05, 2025 12:23:07 AM io.gapi.emulators.netty.NotFoundHandler handleRequest
INFO: Unknown request URI: /message?device=sdk_gphone64_x86_64%20-%2016%20-%20API%2036&app=com.anonymous.ecofit&clientid=DevLauncherBridgelessDevSupportManager
Nov 05, 2025 12:23:09 AM io.gapi.emulators.netty.NotFoundHandler handleRequest
INFO: Unknown request URI: /message?device=sdk_gphone64_x86_64%20-%2016%20-%20API%2036&app=com.anonymous.ecofit&clientid=DevLauncherBridgelessDevSupportManager
Nov 05, 2025 12:23:11 AM io.gapi.emulators.netty.NotFoundHandler handleRequest
INFO: Unknown request URI: /message?device=sdk_gphone64_x86_64%20-%2016%20-%20API%2036&app=com.anonymous.ecofit&clientid=DevLauncherBridgelessDevSupportManager
Nov 05, 2025 12:23:13 AM io.gapi.emulators.netty.NotFoundHandler handleRequest
INFO: Unknown request URI: /message?device=sdk_gphone64_x86_64%20-%2016%20-%20API%2036&app=com.anonymous.ecofit&clientid=DevLauncherBridgelessDevSupportManager
Nov 05, 2025 12:23:15 AM io.gapi.emulators.netty.NotFoundHandler handleRequest
INFO: Unknown request URI: /message?device=sdk_gphone64_x86_64%20-%2016%20-%20API%2036&app=com.anonymous.ecofit&clientid=DevLauncherBridgelessDevSupportManager
Nov 05, 2025 12:23:17 AM io.gapi.emulators.netty.NotFoundHandler handleRequest
INFO: Unknown request URI: /message?device=sdk_gphone64_x86_64%20-%2016%20-%20API%2036&app=com.anonymous.ecofit&clientid=DevLauncherBridgelessDevSupportManager
Nov 05, 2025 12:23:19 AM io.gapi.emulators.netty.NotFoundHandler handleRequest
INFO: Unknown request URI: /message?device=sdk_gphone64_x86_64%20-%2016%20-%20API%2036&app=com.anonymous.ecofit&clientid=DevLauncherBridgelessDevSupportManager
Nov 05, 2025 12:23:21 AM io.gapi.emulators.netty.NotFoundHandler handleRequest
INFO: Unknown request URI: /message?device=sdk_gphone64_x86_64%20-%2016%20-%20API%2036&app=com.anonymous.ecofit&clientid=DevLauncherBridgelessDevSupportManager
Nov 05, 2025 12:23:23 AM io.gapi.emulators.netty.NotFoundHandler handleRequest
INFO: Unknown request URI: /message?device=sdk_gphone64_x86_64%20-%2016%20-%20API%2036&app=com.anonymous.ecofit&clientid=DevLauncherBridgelessDevSupportManager
Nov 05, 2025 12:23:25 AM io.gapi.emulators.netty.NotFoundHandler handleRequest
INFO: Unknown request URI: /message?device=sdk_gphone64_x86_64%20-%2016%20-%20API%2036&app=com.anonymous.ecofit&clientid=DevLauncherBridgelessDevSupportManager
Nov 05, 2025 12:23:27 AM io.gapi.emulators.netty.NotFoundHandler handleRequest
INFO: Unknown request URI: /message?device=sdk_gphone64_x86_64%20-%2016%20-%20API%2036&app=com.anonymous.ecofit&clientid=DevLauncherBridgelessDevSupportManager
Nov 05, 2025 12:23:29 AM io.gapi.emulators.netty.NotFoundHandler handleRequest
INFO: Unknown request URI: /message?device=sdk_gphone64_x86_64%20-%2016%20-%20API%2036&app=com.anonymous.ecofit&clientid=DevLauncherBridgelessDevSupportManager
Nov 05, 2025 12:23:31 AM io.gapi.emulators.netty.NotFoundHandler handleRequest
INFO: Unknown request URI: /message?device=sdk_gphone64_x86_64%20-%2016%20-%20API%2036&app=com.anonymous.ecofit&clientid=DevLauncherBridgelessDevSupportManager
Nov 05, 2025 12:23:33 AM io.gapi.emulators.netty.NotFoundHandler handleRequest
INFO: Unknown request URI: /message?device=sdk_gphone64_x86_64%20-%2016%20-%20API%2036&app=com.anonymous.ecofit&clientid=DevLauncherBridgelessDevSupportManager
Nov 05, 2025 12:23:35 AM io.gapi.emulators.netty.NotFoundHandler handleRequest
INFO: Unknown request URI: /message?device=sdk_gphone64_x86_64%20-%2016%20-%20API%2036&app=com.anonymous.ecofit&clientid=DevLauncherBridgelessDevSupportManager
Nov 05, 2025 12:23:37 AM io.gapi.emulators.netty.NotFoundHandler handleRequest
INFO: Unknown request URI: /message?device=sdk_gphone64_x86_64%20-%2016%20-%20API%2036&app=com.anonymous.ecofit&clientid=DevLauncherBridgelessDevSupportManager
Nov 05, 2025 12:23:39 AM io.gapi.emulators.netty.NotFoundHandler handleRequest
INFO: Unknown request URI: /message?device=sdk_gphone64_x86_64%20-%2016%20-%20API%2036&app=com.anonymous.ecofit&clientid=DevLauncherBridgelessDevSupportManager
Nov 05, 2025 12:23:41 AM io.gapi.emulators.netty.NotFoundHandler handleRequest
INFO: Unknown request URI: /message?device=sdk_gphone64_x86_64%20-%2016%20-%20API%2036&app=com.anonymous.ecofit&clientid=DevLauncherBridgelessDevSupportManager
Nov 05, 2025 12:23:43 AM io.gapi.emulators.netty.NotFoundHandler handleRequest
INFO: Unknown request URI: /message?device=sdk_gphone64_x86_64%20-%2016%20-%20API%2036&app=com.anonymous.ecofit&clientid=DevLauncherBridgelessDevSupportManager
Nov 05, 2025 12:23:45 AM io.gapi.emulators.netty.NotFoundHandler handleRequest
INFO: Unknown request URI: /message?device=sdk_gphone64_x86_64%20-%2016%20-%20API%2036&app=com.anonymous.ecofit&clientid=DevLauncherBridgelessDevSupportManager
Nov 05, 2025 12:23:47 AM io.gapi.emulators.netty.NotFoundHandler handleRequest
INFO: Unknown request URI: /message?device=sdk_gphone64_x86_64%20-%2016%20-%20API%2036&app=com.anonymous.ecofit&clientid=DevLauncherBridgelessDevSupportManager
Nov 05, 2025 12:23:49 AM io.gapi.emulators.netty.NotFoundHandler handleRequest
INFO: Unknown request URI: /message?device=sdk_gphone64_x86_64%20-%2016%20-%20API%2036&app=com.anonymous.ecofit&clientid=DevLauncherBridgelessDevSupportManager
Nov 05, 2025 12:23:51 AM io.gapi.emulators.netty.NotFoundHandler handleRequest
INFO: Unknown request URI: /message?device=sdk_gphone64_x86_64%20-%2016%20-%20API%2036&app=com.anonymous.ecofit&clientid=DevLauncherBridgelessDevSupportManager
Nov 05, 2025 12:23:53 AM io.gapi.emulators.netty.NotFoundHandler handleRequest
INFO: Unknown request URI: /message?device=sdk_gphone64_x86_64%20-%2016%20-%20API%2036&app=com.anonymous.ecofit&clientid=DevLauncherBridgelessDevSupportManager
Nov 05, 2025 12:23:55 AM io.gapi.emulators.netty.NotFoundHandler handleRequest
INFO: Unknown request URI: /message?device=sdk_gphone64_x86_64%20-%2016%20-%20API%2036&app=com.anonymous.ecofit&clientid=DevLauncherBridgelessDevSupportManager
Nov 05, 2025 12:23:57 AM io.gapi.emulators.netty.NotFoundHandler handleRequest
INFO: Unknown request URI: /message?device=sdk_gphone64_x86_64%20-%2016%20-%20API%2036&app=com.anonymous.ecofit&clientid=DevLauncherBridgelessDevSupportManager
Nov 05, 2025 12:23:59 AM io.gapi.emulators.netty.NotFoundHandler handleRequest
INFO: Unknown request URI: /message?device=sdk_gphone64_x86_64%20-%2016%20-%20API%2036&app=com.anonymous.ecofit&clientid=DevLauncherBridgelessDevSupportManager
Nov 05, 2025 12:24:01 AM io.gapi.emulators.netty.NotFoundHandler handleRequest
INFO: Unknown request URI: /message?device=sdk_gphone64_x86_64%20-%2016%20-%20API%2036&app=com.anonymous.ecofit&clientid=DevLauncherBridgelessDevSupportManager
Nov 05, 2025 12:24:03 AM io.gapi.emulators.netty.NotFoundHandler handleRequest
INFO: Unknown request URI: /message?device=sdk_gphone64_x86_64%20-%2016%20-%20API%2036&app=com.anonymous.ecofit&clientid=DevLauncherBridgelessDevSupportManager
Nov 05, 2025 12:24:05 AM io.gapi.emulators.netty.NotFoundHandler handleRequest
INFO: Unknown request URI: /message?device=sdk_gphone64_x86_64%20-%2016%20-%20API%2036&app=com.anonymous.ecofit&clientid=DevLauncherBridgelessDevSupportManager
Nov 05, 2025 12:24:07 AM io.gapi.emulators.netty.NotFoundHandler handleRequest
INFO: Unknown request URI: /message?device=sdk_gphone64_x86_64%20-%2016%20-%20API%2036&app=com.anonymous.ecofit&clientid=DevLauncherBridgelessDevSupportManager
Nov 05, 2025 12:24:09 AM io.gapi.emulators.netty.NotFoundHandler handleRequest
INFO: Unknown request URI: /message?device=sdk_gphone64_x86_64%20-%2016%20-%20API%2036&app=com.anonymous.ecofit&clientid=DevLauncherBridgelessDevSupportManager
Nov 05, 2025 12:24:11 AM io.gapi.emulators.netty.NotFoundHandler handleRequest
INFO: Unknown request URI: /message?device=sdk_gphone64_x86_64%20-%2016%20-%20API%2036&app=com.anonymous.ecofit&clientid=DevLauncherBridgelessDevSupportManager
Nov 05, 2025 12:24:14 AM io.gapi.emulators.netty.NotFoundHandler handleRequest
INFO: Unknown request URI: /message?device=sdk_gphone64_x86_64%20-%2016%20-%20API%2036&app=com.anonymous.ecofit&clientid=DevLauncherBridgelessDevSupportManager
Nov 05, 2025 12:24:16 AM io.gapi.emulators.netty.NotFoundHandler handleRequest
INFO: Unknown request URI: /message?device=sdk_gphone64_x86_64%20-%2016%20-%20API%2036&app=com.anonymous.ecofit&clientid=DevLauncherBridgelessDevSupportManager
Nov 05, 2025 12:24:18 AM io.gapi.emulators.netty.NotFoundHandler handleRequest
INFO: Unknown request URI: /message?device=sdk_gphone64_x86_64%20-%2016%20-%20API%2036&app=com.anonymous.ecofit&clientid=DevLauncherBridgelessDevSupportManager
Nov 05, 2025 12:24:20 AM io.gapi.emulators.netty.NotFoundHandler handleRequest
INFO: Unknown request URI: /message?device=sdk_gphone64_x86_64%20-%2016%20-%20API%2036&app=com.anonymous.ecofit&clientid=DevLauncherBridgelessDevSupportManager
Nov 05, 2025 12:24:22 AM io.gapi.emulators.netty.NotFoundHandler handleRequest
INFO: Unknown request URI: /message?device=sdk_gphone64_x86_64%20-%2016%20-%20API%2036&app=com.anonymous.ecofit&clientid=DevLauncherBridgelessDevSupportManager
Nov 05, 2025 12:24:24 AM io.gapi.emulators.netty.NotFoundHandler handleRequest
INFO: Unknown request URI: /message?device=sdk_gphone64_x86_64%20-%2016%20-%20API%2036&app=com.anonymous.ecofit&clientid=DevLauncherBridgelessDevSupportManager
Nov 05, 2025 12:24:26 AM io.gapi.emulators.netty.NotFoundHandler handleRequest
INFO: Unknown request URI: /message?device=sdk_gphone64_x86_64%20-%2016%20-%20API%2036&app=com.anonymous.ecofit&clientid=DevLauncherBridgelessDevSupportManager
Nov 05, 2025 12:24:28 AM io.gapi.emulators.netty.NotFoundHandler handleRequest
INFO: Unknown request URI: /message?device=sdk_gphone64_x86_64%20-%2016%20-%20API%2036&app=com.anonymous.ecofit&clientid=DevLauncherBridgelessDevSupportManager
Nov 05, 2025 12:24:30 AM io.gapi.emulators.netty.NotFoundHandler handleRequest
INFO: Unknown request URI: /message?device=sdk_gphone64_x86_64%20-%2016%20-%20API%2036&app=com.anonymous.ecofit&clientid=DevLauncherBridgelessDevSupportManager
Nov 05, 2025 12:24:32 AM io.gapi.emulators.netty.NotFoundHandler handleRequest
INFO: Unknown request URI: /message?device=sdk_gphone64_x86_64%20-%2016%20-%20API%2036&app=com.anonymous.ecofit&clientid=DevLauncherBridgelessDevSupportManager
Nov 05, 2025 12:24:34 AM io.gapi.emulators.netty.NotFoundHandler handleRequest
INFO: Unknown request URI: /message?device=sdk_gphone64_x86_64%20-%2016%20-%20API%2036&app=com.anonymous.ecofit&clientid=DevLauncherBridgelessDevSupportManager
Nov 05, 2025 12:24:36 AM io.gapi.emulators.netty.NotFoundHandler handleRequest
INFO: Unknown request URI: /message?device=sdk_gphone64_x86_64%20-%2016%20-%20API%2036&app=com.anonymous.ecofit&clientid=DevLauncherBridgelessDevSupportManager
Nov 05, 2025 12:24:38 AM io.gapi.emulators.netty.NotFoundHandler handleRequest
INFO: Unknown request URI: /message?device=sdk_gphone64_x86_64%20-%2016%20-%20API%2036&app=com.anonymous.ecofit&clientid=DevLauncherBridgelessDevSupportManager
Nov 05, 2025 12:24:40 AM io.gapi.emulators.netty.NotFoundHandler handleRequest
INFO: Unknown request URI: /message?device=sdk_gphone64_x86_64%20-%2016%20-%20API%2036&app=com.anonymous.ecofit&clientid=DevLauncherBridgelessDevSupportManager
Nov 05, 2025 12:24:42 AM io.gapi.emulators.netty.NotFoundHandler handleRequest
INFO: Unknown request URI: /message?device=sdk_gphone64_x86_64%20-%2016%20-%20API%2036&app=com.anonymous.ecofit&clientid=DevLauncherBridgelessDevSupportManager
Nov 05, 2025 12:24:44 AM io.gapi.emulators.netty.NotFoundHandler handleRequest
INFO: Unknown request URI: /message?device=sdk_gphone64_x86_64%20-%2016%20-%20API%2036&app=com.anonymous.ecofit&clientid=DevLauncherBridgelessDevSupportManager
Nov 05, 2025 12:24:46 AM io.gapi.emulators.netty.NotFoundHandler handleRequest
INFO: Unknown request URI: /message?device=sdk_gphone64_x86_64%20-%2016%20-%20API%2036&app=com.anonymous.ecofit&clientid=DevLauncherBridgelessDevSupportManager
Nov 05, 2025 12:24:48 AM io.gapi.emulators.netty.NotFoundHandler handleRequest
INFO: Unknown request URI: /message?device=sdk_gphone64_x86_64%20-%2016%20-%20API%2036&app=com.anonymous.ecofit&clientid=DevLauncherBridgelessDevSupportManager
Nov 05, 2025 12:24:50 AM io.gapi.emulators.netty.NotFoundHandler handleRequest
INFO: Unknown request URI: /message?device=sdk_gphone64_x86_64%20-%2016%20-%20API%2036&app=com.anonymous.ecofit&clientid=DevLauncherBridgelessDevSupportManager
Nov 05, 2025 12:24:52 AM io.gapi.emulators.netty.NotFoundHandler handleRequest
INFO: Unknown request URI: /message?device=sdk_gphone64_x86_64%20-%2016%20-%20API%2036&app=com.anonymous.ecofit&clientid=DevLauncherBridgelessDevSupportManager
Nov 05, 2025 12:24:54 AM io.gapi.emulators.netty.NotFoundHandler handleRequest
INFO: Unknown request URI: /message?device=sdk_gphone64_x86_64%20-%2016%20-%20API%2036&app=com.anonymous.ecofit&clientid=DevLauncherBridgelessDevSupportManager
Nov 05, 2025 12:24:56 AM io.gapi.emulators.netty.NotFoundHandler handleRequest
INFO: Unknown request URI: /message?device=sdk_gphone64_x86_64%20-%2016%20-%20API%2036&app=com.anonymous.ecofit&clientid=DevLauncherBridgelessDevSupportManager
Nov 05, 2025 12:24:58 AM io.gapi.emulators.netty.NotFoundHandler handleRequest
INFO: Unknown request URI: /message?device=sdk_gphone64_x86_64%20-%2016%20-%20API%2036&app=com.anonymous.ecofit&clientid=DevLauncherBridgelessDevSupportManager
Nov 05, 2025 12:25:00 AM io.gapi.emulators.netty.NotFoundHandler handleRequest
INFO: Unknown request URI: /message?device=sdk_gphone64_x86_64%20-%2016%20-%20API%2036&app=com.anonymous.ecofit&clientid=DevLauncherBridgelessDevSupportManager
Nov 05, 2025 12:25:02 AM io.gapi.emulators.netty.NotFoundHandler handleRequest
INFO: Unknown request URI: /message?device=sdk_gphone64_x86_64%20-%2016%20-%20API%2036&app=com.anonymous.ecofit&clientid=DevLauncherBridgelessDevSupportManager
Nov 05, 2025 12:25:04 AM io.gapi.emulators.netty.NotFoundHandler handleRequest
INFO: Unknown request URI: /message?device=sdk_gphone64_x86_64%20-%2016%20-%20API%2036&app=com.anonymous.ecofit&clientid=DevLauncherBridgelessDevSupportManager
Nov 05, 2025 12:25:06 AM io.gapi.emulators.netty.NotFoundHandler handleRequest
INFO: Unknown request URI: /message?device=sdk_gphone64_x86_64%20-%2016%20-%20API%2036&app=com.anonymous.ecofit&clientid=DevLauncherBridgelessDevSupportManager
Nov 05, 2025 12:25:08 AM io.gapi.emulators.netty.NotFoundHandler handleRequest
INFO: Unknown request URI: /message?device=sdk_gphone64_x86_64%20-%2016%20-%20API%2036&app=com.anonymous.ecofit&clientid=DevLauncherBridgelessDevSupportManager
Nov 05, 2025 12:25:10 AM io.gapi.emulators.netty.NotFoundHandler handleRequest
INFO: Unknown request URI: /message?device=sdk_gphone64_x86_64%20-%2016%20-%20API%2036&app=com.anonymous.ecofit&clientid=DevLauncherBridgelessDevSupportManager
Nov 05, 2025 12:25:12 AM io.gapi.emulators.netty.NotFoundHandler handleRequest
INFO: Unknown request URI: /message?device=sdk_gphone64_x86_64%20-%2016%20-%20API%2036&app=com.anonymous.ecofit&clientid=DevLauncherBridgelessDevSupportManager
Nov 05, 2025 12:25:14 AM io.gapi.emulators.netty.NotFoundHandler handleRequest
INFO: Unknown request URI: /message?device=sdk_gphone64_x86_64%20-%2016%20-%20API%2036&app=com.anonymous.ecofit&clientid=DevLauncherBridgelessDevSupportManager
Nov 05, 2025 12:25:16 AM io.gapi.emulators.netty.NotFoundHandler handleRequest
INFO: Unknown request URI: /message?device=sdk_gphone64_x86_64%20-%2016%20-%20API%2036&app=com.anonymous.ecofit&clientid=DevLauncherBridgelessDevSupportManager
Nov 05, 2025 12:25:18 AM io.gapi.emulators.netty.NotFoundHandler handleRequest
INFO: Unknown request URI: /message?device=sdk_gphone64_x86_64%20-%2016%20-%20API%2036&app=com.anonymous.ecofit&clientid=DevLauncherBridgelessDevSupportManager
Nov 05, 2025 12:25:20 AM io.gapi.emulators.netty.NotFoundHandler handleRequest
INFO: Unknown request URI: /message?device=sdk_gphone64_x86_64%20-%2016%20-%20API%2036&app=com.anonymous.ecofit&clientid=DevLauncherBridgelessDevSupportManager
Nov 05, 2025 12:25:22 AM io.gapi.emulators.netty.NotFoundHandler handleRequest
INFO: Unknown request URI: /message?device=sdk_gphone64_x86_64%20-%2016%20-%20API%2036&app=com.anonymous.ecofit&clientid=DevLauncherBridgelessDevSupportManager
Nov 05, 2025 12:25:24 AM io.gapi.emulators.netty.NotFoundHandler handleRequest
INFO: Unknown request URI: /message?device=sdk_gphone64_x86_64%20-%2016%20-%20API%2036&app=com.anonymous.ecofit&clientid=DevLauncherBridgelessDevSupportManager
Nov 05, 2025 12:25:26 AM io.gapi.emulators.netty.NotFoundHandler handleRequest
INFO: Unknown request URI: /message?device=sdk_gphone64_x86_64%20-%2016%20-%20API%2036&app=com.anonymous.ecofit&clientid=DevLauncherBridgelessDevSupportManager
Nov 05, 2025 12:25:28 AM io.gapi.emulators.netty.NotFoundHandler handleRequest
INFO: Unknown request URI: /message?device=sdk_gphone64_x86_64%20-%2016%20-%20API%2036&app=com.anonymous.ecofit&clientid=DevLauncherBridgelessDevSupportManager
Nov 05, 2025 12:25:30 AM io.gapi.emulators.netty.NotFoundHandler handleRequest
INFO: Unknown request URI: /message?device=sdk_gphone64_x86_64%20-%2016%20-%20API%2036&app=com.anonymous.ecofit&clientid=DevLauncherBridgelessDevSupportManager
Nov 05, 2025 12:25:32 AM io.gapi.emulators.netty.NotFoundHandler handleRequest
INFO: Unknown request URI: /message?device=sdk_gphone64_x86_64%20-%2016%20-%20API%2036&app=com.anonymous.ecofit&clientid=DevLauncherBridgelessDevSupportManager
Nov 05, 2025 12:25:34 AM io.gapi.emulators.netty.NotFoundHandler handleRequest
INFO: Unknown request URI: /message?device=sdk_gphone64_x86_64%20-%2016%20-%20API%2036&app=com.anonymous.ecofit&clientid=DevLauncherBridgelessDevSupportManager
Nov 05, 2025 12:25:36 AM io.gapi.emulators.netty.NotFoundHandler handleRequest
INFO: Unknown request URI: /message?device=sdk_gphone64_x86_64%20-%2016%20-%20API%2036&app=com.anonymous.ecofit&clientid=DevLauncherBridgelessDevSupportManager
Nov 05, 2025 12:25:38 AM io.gapi.emulators.netty.NotFoundHandler handleRequest
INFO: Unknown request URI: /message?device=sdk_gphone64_x86_64%20-%2016%20-%20API%2036&app=com.anonymous.ecofit&clientid=DevLauncherBridgelessDevSupportManager
Nov 05, 2025 12:25:40 AM io.gapi.emulators.netty.NotFoundHandler handleRequest
INFO: Unknown request URI: /message?device=sdk_gphone64_x86_64%20-%2016%20-%20API%2036&app=com.anonymous.ecofit&clientid=DevLauncherBridgelessDevSupportManager
Nov 05, 2025 12:25:42 AM io.gapi.emulators.netty.NotFoundHandler handleRequest
INFO: Unknown request URI: /message?device=sdk_gphone64_x86_64%20-%2016%20-%20API%2036&app=com.anonymous.ecofit&clientid=DevLauncherBridgelessDevSupportManager
Nov 05, 2025 12:25:44 AM io.gapi.emulators.netty.NotFoundHandler handleRequest
INFO: Unknown request URI: /message?device=sdk_gphone64_x86_64%20-%2016%20-%20API%2036&app=com.anonymous.ecofit&clientid=DevLauncherBridgelessDevSupportManager
Nov 05, 2025 12:25:46 AM io.gapi.emulators.netty.NotFoundHandler handleRequest
INFO: Unknown request URI: /message?device=sdk_gphone64_x86_64%20-%2016%20-%20API%2036&app=com.anonymous.ecofit&clientid=DevLauncherBridgelessDevSupportManager
Nov 05, 2025 12:25:48 AM io.gapi.emulators.netty.NotFoundHandler handleRequest
INFO: Unknown request URI: /message?device=sdk_gphone64_x86_64%20-%2016%20-%20API%2036&app=com.anonymous.ecofit&clientid=DevLauncherBridgelessDevSupportManager
Nov 05, 2025 12:25:50 AM io.gapi.emulators.netty.NotFoundHandler handleRequest
INFO: Unknown request URI: /message?device=sdk_gphone64_x86_64%20-%2016%20-%20API%2036&app=com.anonymous.ecofit&clientid=DevLauncherBridgelessDevSupportManager
Nov 05, 2025 12:25:52 AM io.gapi.emulators.netty.NotFoundHandler handleRequest
INFO: Unknown request URI: /message?device=sdk_gphone64_x86_64%20-%2016%20-%20API%2036&app=com.anonymous.ecofit&clientid=DevLauncherBridgelessDevSupportManager
Nov 05, 2025 12:25:54 AM io.gapi.emulators.netty.NotFoundHandler handleRequest
INFO: Unknown request URI: /message?device=sdk_gphone64_x86_64%20-%2016%20-%20API%2036&app=com.anonymous.ecofit&clientid=DevLauncherBridgelessDevSupportManager
Nov 05, 2025 12:25:56 AM io.gapi.emulators.netty.NotFoundHandler handleRequest
INFO: Unknown request URI: /message?device=sdk_gphone64_x86_64%20-%2016%20-%20API%2036&app=com.anonymous.ecofit&clientid=DevLauncherBridgelessDevSupportManager
Nov 05, 2025 12:25:58 AM io.gapi.emulators.netty.NotFoundHandler handleRequest
INFO: Unknown request URI: /message?device=sdk_gphone64_x86_64%20-%2016%20-%20API%2036&app=com.anonymous.ecofit&clientid=DevLauncherBridgelessDevSupportManager
Nov 05, 2025 12:26:00 AM io.gapi.emulators.netty.NotFoundHandler handleRequest
INFO: Unknown request URI: /message?device=sdk_gphone64_x86_64%20-%2016%20-%20API%2036&app=com.anonymous.ecofit&clientid=DevLauncherBridgelessDevSupportManager
Nov 05, 2025 12:26:02 AM io.gapi.emulators.netty.NotFoundHandler handleRequest
INFO: Unknown request URI: /message?device=sdk_gphone64_x86_64%20-%2016%20-%20API%2036&app=com.anonymous.ecofit&clientid=DevLauncherBridgelessDevSupportManager
Nov 05, 2025 12:26:04 AM io.gapi.emulators.netty.NotFoundHandler handleRequest
INFO: Unknown request URI: /message?device=sdk_gphone64_x86_64%20-%2016%20-%20API%2036&app=com.anonymous.ecofit&clientid=DevLauncherBridgelessDevSupportManager
Nov 05, 2025 12:26:06 AM io.gapi.emulators.netty.NotFoundHandler handleRequest
INFO: Unknown request URI: /message?device=sdk_gphone64_x86_64%20-%2016%20-%20API%2036&app=com.anonymous.ecofit&clientid=DevLauncherBridgelessDevSupportManager
Nov 05, 2025 12:26:08 AM io.gapi.emulators.netty.NotFoundHandler handleRequest
INFO: Unknown request URI: /message?device=sdk_gphone64_x86_64%20-%2016%20-%20API%2036&app=com.anonymous.ecofit&clientid=DevLauncherBridgelessDevSupportManager
Nov 05, 2025 12:26:10 AM io.gapi.emulators.netty.NotFoundHandler handleRequest
INFO: Unknown request URI: /message?device=sdk_gphone64_x86_64%20-%2016%20-%20API%2036&app=com.anonymous.ecofit&clientid=DevLauncherBridgelessDevSupportManager
Nov 05, 2025 12:26:12 AM io.gapi.emulators.netty.NotFoundHandler handleRequest
INFO: Unknown request URI: /message?device=sdk_gphone64_x86_64%20-%2016%20-%20API%2036&app=com.anonymous.ecofit&clientid=DevLauncherBridgelessDevSupportManager
Nov 05, 2025 12:26:14 AM io.gapi.emulators.netty.NotFoundHandler handleRequest
INFO: Unknown request URI: /message?device=sdk_gphone64_x86_64%20-%2016%20-%20API%2036&app=com.anonymous.ecofit&clientid=DevLauncherBridgelessDevSupportManager
Nov 05, 2025 12:26:16 AM io.gapi.emulators.netty.NotFoundHandler handleRequest
INFO: Unknown request URI: /message?device=sdk_gphone64_x86_64%20-%2016%20-%20API%2036&app=com.anonymous.ecofit&clientid=DevLauncherBridgelessDevSupportManager
Nov 05, 2025 12:26:18 AM io.gapi.emulators.netty.NotFoundHandler handleRequest
INFO: Unknown request URI: /message?device=sdk_gphone64_x86_64%20-%2016%20-%20API%2036&app=com.anonymous.ecofit&clientid=DevLauncherBridgelessDevSupportManager
Nov 05, 2025 12:26:20 AM io.gapi.emulators.netty.NotFoundHandler handleRequest
INFO: Unknown request URI: /message?device=sdk_gphone64_x86_64%20-%2016%20-%20API%2036&app=com.anonymous.ecofit&clientid=DevLauncherBridgelessDevSupportManager
Nov 05, 2025 12:26:22 AM io.gapi.emulators.netty.NotFoundHandler handleRequest
INFO: Unknown request URI: /message?device=sdk_gphone64_x86_64%20-%2016%20-%20API%2036&app=com.anonymous.ecofit&clientid=DevLauncherBridgelessDevSupportManager
Nov 05, 2025 12:26:24 AM io.gapi.emulators.netty.NotFoundHandler handleRequest
INFO: Unknown request URI: /message?device=sdk_gphone64_x86_64%20-%2016%20-%20API%2036&app=com.anonymous.ecofit&clientid=DevLauncherBridgelessDevSupportManager
Nov 05, 2025 12:26:26 AM io.gapi.emulators.netty.NotFoundHandler handleRequest
INFO: Unknown request URI: /message?device=sdk_gphone64_x86_64%20-%2016%20-%20API%2036&app=com.anonymous.ecofit&clientid=DevLauncherBridgelessDevSupportManager
Nov 05, 2025 12:26:28 AM io.gapi.emulators.netty.NotFoundHandler handleRequest
INFO: Unknown request URI: /message?device=sdk_gphone64_x86_64%20-%2016%20-%20API%2036&app=com.anonymous.ecofit&clientid=DevLauncherBridgelessDevSupportManager
Nov 05, 2025 12:26:30 AM io.gapi.emulators.netty.NotFoundHandler handleRequest
INFO: Unknown request URI: /message?device=sdk_gphone64_x86_64%20-%2016%20-%20API%2036&app=com.anonymous.ecofit&clientid=DevLauncherBridgelessDevSupportManager
Nov 05, 2025 12:26:32 AM io.gapi.emulators.netty.NotFoundHandler handleRequest
INFO: Unknown request URI: /message?device=sdk_gphone64_x86_64%20-%2016%20-%20API%2036&app=com.anonymous.ecofit&clientid=DevLauncherBridgelessDevSupportManager
Nov 05, 2025 12:26:34 AM io.gapi.emulators.netty.NotFoundHandler handleRequest
INFO: Unknown request URI: /message?device=sdk_gphone64_x86_64%20-%2016%20-%20API%2036&app=com.anonymous.ecofit&clientid=DevLauncherBridgelessDevSupportManager
Nov 05, 2025 12:26:36 AM io.gapi.emulators.netty.NotFoundHandler handleRequest
INFO: Unknown request URI: /message?device=sdk_gphone64_x86_64%20-%2016%20-%20API%2036&app=com.anonymous.ecofit&clientid=DevLauncherBridgelessDevSupportManager
Nov 05, 2025 12:26:38 AM io.gapi.emulators.netty.NotFoundHandler handleRequest
INFO: Unknown request URI: /message?device=sdk_gphone64_x86_64%20-%2016%20-%20API%2036&app=com.anonymous.ecofit&clientid=DevLauncherBridgelessDevSupportManager
Nov 05, 2025 12:26:40 AM io.gapi.emulators.netty.NotFoundHandler handleRequest
INFO: Unknown request URI: /message?device=sdk_gphone64_x86_64%20-%2016%20-%20API%2036&app=com.anonymous.ecofit&clientid=DevLauncherBridgelessDevSupportManager
Nov 05, 2025 12:26:42 AM io.gapi.emulators.netty.NotFoundHandler handleRequest
INFO: Unknown request URI: /message?device=sdk_gphone64_x86_64%20-%2016%20-%20API%2036&app=com.anonymous.ecofit&clientid=DevLauncherBridgelessDevSupportManager
Nov 05, 2025 12:26:44 AM io.gapi.emulators.netty.NotFoundHandler handleRequest
INFO: Unknown request URI: /message?device=sdk_gphone64_x86_64%20-%2016%20-%20API%2036&app=com.anonymous.ecofit&clientid=DevLauncherBridgelessDevSupportManager
Nov 05, 2025 12:26:46 AM io.gapi.emulators.netty.NotFoundHandler handleRequest
INFO: Unknown request URI: /message?device=sdk_gphone64_x86_64%20-%2016%20-%20API%2036&app=com.anonymous.ecofit&clientid=DevLauncherBridgelessDevSupportManager
Nov 05, 2025 12:26:48 AM io.gapi.emulators.netty.NotFoundHandler handleRequest
INFO: Unknown request URI: /message?device=sdk_gphone64_x86_64%20-%2016%20-%20API%2036&app=com.anonymous.ecofit&clientid=DevLauncherBridgelessDevSupportManager
Nov 05, 2025 12:26:50 AM io.gapi.emulators.netty.NotFoundHandler handleRequest
INFO: Unknown request URI: /message?device=sdk_gphone64_x86_64%20-%2016%20-%20API%2036&app=com.anonymous.ecofit&clientid=DevLauncherBridgelessDevSupportManager
Nov 05, 2025 12:26:52 AM io.gapi.emulators.netty.NotFoundHandler handleRequest
INFO: Unknown request URI: /message?device=sdk_gphone64_x86_64%20-%2016%20-%20API%2036&app=com.anonymous.ecofit&clientid=DevLauncherBridgelessDevSupportManager
Nov 05, 2025 12:26:54 AM io.gapi.emulators.netty.NotFoundHandler handleRequest
INFO: Unknown request URI: /message?device=sdk_gphone64_x86_64%20-%2016%20-%20API%2036&app=com.anonymous.ecofit&clientid=DevLauncherBridgelessDevSupportManager
Nov 05, 2025 12:26:56 AM io.gapi.emulators.netty.NotFoundHandler handleRequest
INFO: Unknown request URI: /message?device=sdk_gphone64_x86_64%20-%2016%20-%20API%2036&app=com.anonymous.ecofit&clientid=DevLauncherBridgelessDevSupportManager
Nov 05, 2025 12:26:58 AM io.gapi.emulators.netty.NotFoundHandler handleRequest
INFO: Unknown request URI: /message?device=sdk_gphone64_x86_64%20-%2016%20-%20API%2036&app=com.anonymous.ecofit&clientid=DevLauncherBridgelessDevSupportManager
Nov 05, 2025 12:27:00 AM io.gapi.emulators.netty.NotFoundHandler handleRequest
INFO: Unknown request URI: /message?device=sdk_gphone64_x86_64%20-%2016%20-%20API%2036&app=com.anonymous.ecofit&clientid=DevLauncherBridgelessDevSupportManager
Nov 05, 2025 12:27:02 AM io.gapi.emulators.netty.NotFoundHandler handleRequest
INFO: Unknown request URI: /message?device=sdk_gphone64_x86_64%20-%2016%20-%20API%2036&app=com.anonymous.ecofit&clientid=DevLauncherBridgelessDevSupportManager
Nov 05, 2025 12:27:04 AM io.gapi.emulators.netty.NotFoundHandler handleRequest
INFO: Unknown request URI: /message?device=sdk_gphone64_x86_64%20-%2016%20-%20API%2036&app=com.anonymous.ecofit&clientid=DevLauncherBridgelessDevSupportManager
Nov 05, 2025 12:27:06 AM io.gapi.emulators.netty.NotFoundHandler handleRequest
INFO: Unknown request URI: /message?device=sdk_gphone64_x86_64%20-%2016%20-%20API%2036&app=com.anonymous.ecofit&clientid=DevLauncherBridgelessDevSupportManager
Nov 05, 2025 12:27:08 AM io.gapi.emulators.netty.NotFoundHandler handleRequest
INFO: Unknown request URI: /message?device=sdk_gphone64_x86_64%20-%2016%20-%20API%2036&app=com.anonymous.ecofit&clientid=DevLauncherBridgelessDevSupportManager
Nov 05, 2025 12:27:10 AM io.gapi.emulators.netty.NotFoundHandler handleRequest
INFO: Unknown request URI: /message?device=sdk_gphone64_x86_64%20-%2016%20-%20API%2036&app=com.anonymous.ecofit&clientid=DevLauncherBridgelessDevSupportManager
Nov 05, 2025 12:27:12 AM io.gapi.emulators.netty.NotFoundHandler handleRequest
INFO: Unknown request URI: /message?device=sdk_gphone64_x86_64%20-%2016%20-%20API%2036&app=com.anonymous.ecofit&clientid=DevLauncherBridgelessDevSupportManager
Nov 05, 2025 12:27:14 AM io.gapi.emulators.netty.NotFoundHandler handleRequest
INFO: Unknown request URI: /message?device=sdk_gphone64_x86_64%20-%2016%20-%20API%2036&app=com.anonymous.ecofit&clientid=DevLauncherBridgelessDevSupportManager
Nov 05, 2025 12:27:16 AM io.gapi.emulators.netty.NotFoundHandler handleRequest
INFO: Unknown request URI: /message?device=sdk_gphone64_x86_64%20-%2016%20-%20API%2036&app=com.anonymous.ecofit&clientid=DevLauncherBridgelessDevSupportManager
Nov 05, 2025 12:27:18 AM io.gapi.emulators.netty.NotFoundHandler handleRequest
INFO: Unknown request URI: /message?device=sdk_gphone64_x86_64%20-%2016%20-%20API%2036&app=com.anonymous.ecofit&clientid=DevLauncherBridgelessDevSupportManager
Nov 05, 2025 12:27:20 AM io.gapi.emulators.netty.NotFoundHandler handleRequest
INFO: Unknown request URI: /message?device=sdk_gphone64_x86_64%20-%2016%20-%20API%2036&app=com.anonymous.ecofit&clientid=DevLauncherBridgelessDevSupportManager
Nov 05, 2025 12:27:22 AM io.gapi.emulators.netty.NotFoundHandler handleRequest
INFO: Unknown request URI: /message?device=sdk_gphone64_x86_64%20-%2016%20-%20API%2036&app=com.anonymous.ecofit&clientid=DevLauncherBridgelessDevSupportManager
Nov 05, 2025 12:27:24 AM io.gapi.emulators.netty.NotFoundHandler handleRequest
INFO: Unknown request URI: /message?device=sdk_gphone64_x86_64%20-%2016%20-%20API%2036&app=com.anonymous.ecofit&clientid=DevLauncherBridgelessDevSupportManager
Nov 05, 2025 12:27:26 AM io.gapi.emulators.netty.NotFoundHandler handleRequest
INFO: Unknown request URI: /message?device=sdk_gphone64_x86_64%20-%2016%20-%20API%2036&app=com.anonymous.ecofit&clientid=DevLauncherBridgelessDevSupportManager
Nov 05, 2025 12:27:28 AM io.gapi.emulators.netty.NotFoundHandler handleRequest
INFO: Unknown request URI: /message?device=sdk_gphone64_x86_64%20-%2016%20-%20API%2036&app=com.anonymous.ecofit&clientid=DevLauncherBridgelessDevSupportManager
Nov 05, 2025 12:27:30 AM io.gapi.emulators.netty.NotFoundHandler handleRequest
INFO: Unknown request URI: /message?device=sdk_gphone64_x86_64%20-%2016%20-%20API%2036&app=com.anonymous.ecofit&clientid=DevLauncherBridgelessDevSupportManager
Nov 05, 2025 12:27:32 AM io.gapi.emulators.netty.NotFoundHandler handleRequest
INFO: Unknown request URI: /message?device=sdk_gphone64_x86_64%20-%2016%20-%20API%2036&app=com.anonymous.ecofit&clientid=DevLauncherBridgelessDevSupportManager
Nov 05, 2025 12:27:34 AM io.gapi.emulators.netty.NotFoundHandler handleRequest
INFO: Unknown request URI: /message?device=sdk_gphone64_x86_64%20-%2016%20-%20API%2036&app=com.anonymous.ecofit&clientid=DevLauncherBridgelessDevSupportManager
Nov 05, 2025 12:27:36 AM io.gapi.emulators.netty.NotFoundHandler handleRequest
INFO: Unknown request URI: /message?device=sdk_gphone64_x86_64%20-%2016%20-%20API%2036&app=com.anonymous.ecofit&clientid=DevLauncherBridgelessDevSupportManager
Nov 05, 2025 12:27:38 AM io.gapi.emulators.netty.NotFoundHandler handleRequest
INFO: Unknown request URI: /message?device=sdk_gphone64_x86_64%20-%2016%20-%20API%2036&app=com.anonymous.ecofit&clientid=DevLauncherBridgelessDevSupportManager
Nov 05, 2025 12:27:40 AM io.gapi.emulators.netty.NotFoundHandler handleRequest
INFO: Unknown request URI: /message?device=sdk_gphone64_x86_64%20-%2016%20-%20API%2036&app=com.anonymous.ecofit&clientid=DevLauncherBridgelessDevSupportManager
Nov 05, 2025 12:27:42 AM io.gapi.emulators.netty.NotFoundHandler handleRequest
INFO: Unknown request URI: /message?device=sdk_gphone64_x86_64%20-%2016%20-%20API%2036&app=com.anonymous.ecofit&clientid=DevLauncherBridgelessDevSupportManager
Nov 05, 2025 12:27:44 AM io.gapi.emulators.netty.NotFoundHandler handleRequest
INFO: Unknown request URI: /message?device=sdk_gphone64_x86_64%20-%2016%20-%20API%2036&app=com.anonymous.ecofit&clientid=DevLauncherBridgelessDevSupportManager
Nov 05, 2025 12:27:46 AM io.gapi.emulators.netty.NotFoundHandler handleRequest
INFO: Unknown request URI: /message?device=sdk_gphone64_x86_64%20-%2016%20-%20API%2036&app=com.anonymous.ecofit&clientid=DevLauncherBridgelessDevSupportManager
Nov 05, 2025 12:27:48 AM io.gapi.emulators.netty.NotFoundHandler handleRequest
INFO: Unknown request URI: /message?device=sdk_gphone64_x86_64%20-%2016%20-%20API%2036&app=com.anonymous.ecofit&clientid=DevLauncherBridgelessDevSupportManager
Nov 05, 2025 12:27:50 AM io.gapi.emulators.netty.NotFoundHandler handleRequest
INFO: Unknown request URI: /message?device=sdk_gphone64_x86_64%20-%2016%20-%20API%2036&app=com.anonymous.ecofit&clientid=DevLauncherBridgelessDevSupportManager
Nov 05, 2025 12:27:52 AM io.gapi.emulators.netty.NotFoundHandler handleRequest
INFO: Unknown request URI: /message?device=sdk_gphone64_x86_64%20-%2016%20-%20API%2036&app=com.anonymous.ecofit&clientid=DevLauncherBridgelessDevSupportManager
Nov 05, 2025 12:27:54 AM io.gapi.emulators.netty.NotFoundHandler handleRequest
INFO: Unknown request URI: /message?device=sdk_gphone64_x86_64%20-%2016%20-%20API%2036&app=com.anonymous.ecofit&clientid=DevLauncherBridgelessDevSupportManager
Nov 05, 2025 12:27:56 AM io.gapi.emulators.netty.NotFoundHandler handleRequest
INFO: Unknown request URI: /message?device=sdk_gphone64_x86_64%20-%2016%20-%20API%2036&app=com.anonymous.ecofit&clientid=DevLauncherBridgelessDevSupportManager
Nov 05, 2025 12:27:58 AM io.gapi.emulators.netty.NotFoundHandler handleRequest
INFO: Unknown request URI: /message?device=sdk_gphone64_x86_64%20-%2016%20-%20API%2036&app=com.anonymous.ecofit&clientid=DevLauncherBridgelessDevSupportManager
Nov 05, 2025 12:28:00 AM io.gapi.emulators.netty.NotFoundHandler handleRequest
INFO: Unknown request URI: /message?device=sdk_gphone64_x86_64%20-%2016%20-%20API%2036&app=com.anonymous.ecofit&clientid=DevLauncherBridgelessDevSupportManager
Nov 05, 2025 12:28:02 AM io.gapi.emulators.netty.NotFoundHandler handleRequest
INFO: Unknown request URI: /message?device=sdk_gphone64_x86_64%20-%2016%20-%20API%2036&app=com.anonymous.ecofit&clientid=DevLauncherBridgelessDevSupportManager
Nov 05, 2025 12:28:04 AM io.gapi.emulators.netty.NotFoundHandler handleRequest
INFO: Unknown request URI: /message?device=sdk_gphone64_x86_64%20-%2016%20-%20API%2036&app=com.anonymous.ecofit&clientid=DevLauncherBridgelessDevSupportManager
Nov 05, 2025 12:28:06 AM io.gapi.emulators.netty.NotFoundHandler handleRequest
INFO: Unknown request URI: /message?device=sdk_gphone64_x86_64%20-%2016%20-%20API%2036&app=com.anonymous.ecofit&clientid=DevLauncherBridgelessDevSupportManager
Nov 05, 2025 12:28:08 AM io.gapi.emulators.netty.NotFoundHandler handleRequest
INFO: Unknown request URI: /message?device=sdk_gphone64_x86_64%20-%2016%20-%20API%2036&app=com.anonymous.ecofit&clientid=DevLauncherBridgelessDevSupportManager
Nov 05, 2025 12:28:10 AM io.gapi.emulators.netty.NotFoundHandler handleRequest
INFO: Unknown request URI: /message?device=sdk_gphone64_x86_64%20-%2016%20-%20API%2036&app=com.anonymous.ecofit&clientid=DevLauncherBridgelessDevSupportManager
Nov 05, 2025 12:28:12 AM io.gapi.emulators.netty.NotFoundHandler handleRequest
INFO: Unknown request URI: /message?device=sdk_gphone64_x86_64%20-%2016%20-%20API%2036&app=com.anonymous.ecofit&clientid=DevLauncherBridgelessDevSupportManager
Nov 05, 2025 12:28:14 AM io.gapi.emulators.netty.NotFoundHandler handleRequest
INFO: Unknown request URI: /message?device=sdk_gphone64_x86_64%20-%2016%20-%20API%2036&app=com.anonymous.ecofit&clientid=DevLauncherBridgelessDevSupportManager
Nov 05, 2025 12:28:16 AM io.gapi.emulators.netty.NotFoundHandler handleRequest
INFO: Unknown request URI: /message?device=sdk_gphone64_x86_64%20-%2016%20-%20API%2036&app=com.anonymous.ecofit&clientid=DevLauncherBridgelessDevSupportManager
Nov 05, 2025 12:28:18 AM io.gapi.emulators.netty.NotFoundHandler handleRequest
INFO: Unknown request URI: /message?device=sdk_gphone64_x86_64%20-%2016%20-%20API%2036&app=com.anonymous.ecofit&clientid=DevLauncherBridgelessDevSupportManager
Nov 05, 2025 12:28:20 AM io.gapi.emulators.netty.NotFoundHandler handleRequest
INFO: Unknown request URI: /message?device=sdk_gphone64_x86_64%20-%2016%20-%20API%2036&app=com.anonymous.ecofit&clientid=DevLauncherBridgelessDevSupportManager
Nov 05, 2025 12:28:22 AM io.gapi.emulators.netty.NotFoundHandler handleRequest
INFO: Unknown request URI: /message?device=sdk_gphone64_x86_64%20-%2016%20-%20API%2036&app=com.anonymous.ecofit&clientid=DevLauncherBridgelessDevSupportManager
Nov 05, 2025 12:28:24 AM io.gapi.emulators.netty.NotFoundHandler handleRequest
INFO: Unknown request URI: /message?device=sdk_gphone64_x86_64%20-%2016%20-%20API%2036&app=com.anonymous.ecofit&clientid=DevLauncherBridgelessDevSupportManager
Nov 05, 2025 12:28:26 AM io.gapi.emulators.netty.NotFoundHandler handleRequest
INFO: Unknown request URI: /message?device=sdk_gphone64_x86_64%20-%2016%20-%20API%2036&app=com.anonymous.ecofit&clientid=DevLauncherBridgelessDevSupportManager
Nov 05, 2025 12:28:28 AM io.gapi.emulators.netty.NotFoundHandler handleRequest
INFO: Unknown request URI: /message?device=sdk_gphone64_x86_64%20-%2016%20-%20API%2036&app=com.anonymous.ecofit&clientid=DevLauncherBridgelessDevSupportManager
Nov 05, 2025 12:28:30 AM io.gapi.emulators.netty.NotFoundHandler handleRequest
INFO: Unknown request URI: /message?device=sdk_gphone64_x86_64%20-%2016%20-%20API%2036&app=com.anonymous.ecofit&clientid=DevLauncherBridgelessDevSupportManager
Nov 05, 2025 12:28:32 AM io.gapi.emulators.netty.NotFoundHandler handleRequest
INFO: Unknown request URI: /message?device=sdk_gphone64_x86_64%20-%2016%20-%20API%2036&app=com.anonymous.ecofit&clientid=DevLauncherBridgelessDevSupportManager
Nov 05, 2025 12:28:34 AM io.gapi.emulators.netty.NotFoundHandler handleRequest
INFO: Unknown request URI: /message?device=sdk_gphone64_x86_64%20-%2016%20-%20API%2036&app=com.anonymous.ecofit&clientid=DevLauncherBridgelessDevSupportManager
Nov 05, 2025 12:28:36 AM io.gapi.emulators.netty.NotFoundHandler handleRequest
INFO: Unknown request URI: /message?device=sdk_gphone64_x86_64%20-%2016%20-%20API%2036&app=com.anonymous.ecofit&clientid=DevLauncherBridgelessDevSupportManager
Nov 05, 2025 12:28:38 AM io.gapi.emulators.netty.NotFoundHandler handleRequest
INFO: Unknown request URI: /message?device=sdk_gphone64_x86_64%20-%2016%20-%20API%2036&app=com.anonymous.ecofit&clientid=DevLauncherBridgelessDevSupportManager
Nov 05, 2025 12:28:40 AM io.gapi.emulators.netty.NotFoundHandler handleRequest
INFO: Unknown request URI: /message?device=sdk_gphone64_x86_64%20-%2016%20-%20API%2036&app=com.anonymous.ecofit&clientid=DevLauncherBridgelessDevSupportManager
Nov 05, 2025 12:28:42 AM io.gapi.emulators.netty.NotFoundHandler handleRequest
INFO: Unknown request URI: /message?device=sdk_gphone64_x86_64%20-%2016%20-%20API%2036&app=com.anonymous.ecofit&clientid=DevLauncherBridgelessDevSupportManager
Nov 05, 2025 12:28:44 AM io.gapi.emulators.netty.NotFoundHandler handleRequest
INFO: Unknown request URI: /message?device=sdk_gphone64_x86_64%20-%2016%20-%20API%2036&app=com.anonymous.ecofit&clientid=DevLauncherBridgelessDevSupportManager
Nov 05, 2025 12:28:46 AM io.gapi.emulators.netty.NotFoundHandler handleRequest
INFO: Unknown request URI: /message?device=sdk_gphone64_x86_64%20-%2016%20-%20API%2036&app=com.anonymous.ecofit&clientid=DevLauncherBridgelessDevSupportManager
Nov 05, 2025 12:28:48 AM io.gapi.emulators.netty.NotFoundHandler handleRequest
INFO: Unknown request URI: /message?device=sdk_gphone64_x86_64%20-%2016%20-%20API%2036&app=com.anonymous.ecofit&clientid=DevLauncherBridgelessDevSupportManager
Nov 05, 2025 12:28:50 AM io.gapi.emulators.netty.NotFoundHandler handleRequest
INFO: Unknown request URI: /message?device=sdk_gphone64_x86_64%20-%2016%20-%20API%2036&app=com.anonymous.ecofit&clientid=DevLauncherBridgelessDevSupportManager
Nov 05, 2025 12:28:52 AM io.gapi.emulators.netty.NotFoundHandler handleRequest
INFO: Unknown request URI: /message?device=sdk_gphone64_x86_64%20-%2016%20-%20API%2036&app=com.anonymous.ecofit&clientid=DevLauncherBridgelessDevSupportManager
Nov 05, 2025 12:28:54 AM io.gapi.emulators.netty.NotFoundHandler handleRequest
INFO: Unknown request URI: /message?device=sdk_gphone64_x86_64%20-%2016%20-%20API%2036&app=com.anonymous.ecofit&clientid=DevLauncherBridgelessDevSupportManager
Nov 05, 2025 12:28:56 AM io.gapi.emulators.netty.NotFoundHandler handleRequest
INFO: Unknown request URI: /message?device=sdk_gphone64_x86_64%20-%2016%20-%20API%2036&app=com.anonymous.ecofit&clientid=DevLauncherBridgelessDevSupportManager
Nov 05, 2025 12:28:58 AM io.gapi.emulators.netty.NotFoundHandler handleRequest
INFO: Unknown request URI: /message?device=sdk_gphone64_x86_64%20-%2016%20-%20API%2036&app=com.anonymous.ecofit&clientid=DevLauncherBridgelessDevSupportManager
Nov 05, 2025 12:29:00 AM io.gapi.emulators.netty.NotFoundHandler handleRequest
INFO: Unknown request URI: /message?device=sdk_gphone64_x86_64%20-%2016%20-%20API%2036&app=com.anonymous.ecofit&clientid=DevLauncherBridgelessDevSupportManager
Nov 05, 2025 12:29:02 AM io.gapi.emulators.netty.NotFoundHandler handleRequest
INFO: Unknown request URI: /message?device=sdk_gphone64_x86_64%20-%2016%20-%20API%2036&app=com.anonymous.ecofit&clientid=DevLauncherBridgelessDevSupportManager
Nov 05, 2025 12:29:04 AM io.gapi.emulators.netty.NotFoundHandler handleRequest
INFO: Unknown request URI: /message?device=sdk_gphone64_x86_64%20-%2016%20-%20API%2036&app=com.anonymous.ecofit&clientid=DevLauncherBridgelessDevSupportManager
Nov 05, 2025 12:29:06 AM io.gapi.emulators.netty.NotFoundHandler handleRequest
INFO: Unknown request URI: /message?device=sdk_gphone64_x86_64%20-%2016%20-%20API%2036&app=com.anonymous.ecofit&clientid=DevLauncherBridgelessDevSupportManager
Nov 05, 2025 12:29:08 AM io.gapi.emulators.netty.NotFoundHandler handleRequest
INFO: Unknown request URI: /message?device=sdk_gphone64_x86_64%20-%2016%20-%20API%2036&app=com.anonymous.ecofit&clientid=DevLauncherBridgelessDevSupportManager
Nov 05, 2025 12:29:10 AM io.gapi.emulators.netty.NotFoundHandler handleRequest
INFO: Unknown request URI: /message?device=sdk_gphone64_x86_64%20-%2016%20-%20API%2036&app=com.anonymous.ecofit&clientid=DevLauncherBridgelessDevSupportManager
Nov 05, 2025 12:29:12 AM io.gapi.emulators.netty.NotFoundHandler handleRequest
INFO: Unknown request URI: /message?device=sdk_gphone64_x86_64%20-%2016%20-%20API%2036&app=com.anonymous.ecofit&clientid=DevLauncherBridgelessDevSupportManager
Nov 05, 2025 12:29:14 AM io.gapi.emulators.netty.NotFoundHandler handleRequest
INFO: Unknown request URI: /message?device=sdk_gphone64_x86_64%20-%2016%20-%20API%2036&app=com.anonymous.ecofit&clientid=DevLauncherBridgelessDevSupportManager
Nov 05, 2025 12:29:16 AM io.gapi.emulators.netty.NotFoundHandler handleRequest
INFO: Unknown request URI: /message?device=sdk_gphone64_x86_64%20-%2016%20-%20API%2036&app=com.anonymous.ecofit&clientid=DevLauncherBridgelessDevSupportManager
Nov 05, 2025 12:29:18 AM io.gapi.emulators.netty.NotFoundHandler handleRequest
INFO: Unknown request URI: /message?device=sdk_gphone64_x86_64%20-%2016%20-%20API%2036&app=com.anonymous.ecofit&clientid=DevLauncherBridgelessDevSupportManager
Nov 05, 2025 12:29:20 AM io.gapi.emulators.netty.NotFoundHandler handleRequest
INFO: Unknown request URI: /message?device=sdk_gphone64_x86_64%20-%2016%20-%20API%2036&app=com.anonymous.ecofit&clientid=DevLauncherBridgelessDevSupportManager
Nov 05, 2025 12:29:22 AM io.gapi.emulators.netty.NotFoundHandler handleRequest
INFO: Unknown request URI: /message?device=sdk_gphone64_x86_64%20-%2016%20-%20API%2036&app=com.anonymous.ecofit&clientid=DevLauncherBridgelessDevSupportManager
Nov 05, 2025 12:29:24 AM io.gapi.emulators.netty.NotFoundHandler handleRequest
INFO: Unknown request URI: /message?device=sdk_gphone64_x86_64%20-%2016%20-%20API%2036&app=com.anonymous.ecofit&clientid=DevLauncherBridgelessDevSupportManager
Nov 05, 2025 12:29:26 AM io.gapi.emulators.netty.NotFoundHandler handleRequest
INFO: Unknown request URI: /message?device=sdk_gphone64_x86_64%20-%2016%20-%20API%2036&app=com.anonymous.ecofit&clientid=DevLauncherBridgelessDevSupportManager
Nov 05, 2025 12:29:28 AM io.gapi.emulators.netty.NotFoundHandler handleRequest
INFO: Unknown request URI: /message?device=sdk_gphone64_x86_64%20-%2016%20-%20API%2036&app=com.anonymous.ecofit&clientid=DevLauncherBridgelessDevSupportManager
Nov 05, 2025 12:29:30 AM io.gapi.emulators.netty.NotFoundHandler handleRequest
INFO: Unknown request URI: /message?device=sdk_gphone64_x86_64%20-%2016%20-%20API%2036&app=com.anonymous.ecofit&clientid=DevLauncherBridgelessDevSupportManager
Nov 05, 2025 12:29:32 AM io.gapi.emulators.netty.NotFoundHandler handleRequest
INFO: Unknown request URI: /message?device=sdk_gphone64_x86_64%20-%2016%20-%20API%2036&app=com.anonymous.ecofit&clientid=DevLauncherBridgelessDevSupportManager
Nov 05, 2025 12:29:34 AM io.gapi.emulators.netty.NotFoundHandler handleRequest
INFO: Unknown request URI: /message?device=sdk_gphone64_x86_64%20-%2016%20-%20API%2036&app=com.anonymous.ecofit&clientid=DevLauncherBridgelessDevSupportManager
Nov 05, 2025 12:29:36 AM io.gapi.emulators.netty.NotFoundHandler handleRequest
INFO: Unknown request URI: /message?device=sdk_gphone64_x86_64%20-%2016%20-%20API%2036&app=com.anonymous.ecofit&clientid=DevLauncherBridgelessDevSupportManager
Nov 05, 2025 12:29:38 AM io.gapi.emulators.netty.NotFoundHandler handleRequest
INFO: Unknown request URI: /message?device=sdk_gphone64_x86_64%20-%2016%20-%20API%2036&app=com.anonymous.ecofit&clientid=DevLauncherBridgelessDevSupportManager
Nov 05, 2025 12:29:40 AM io.gapi.emulators.netty.NotFoundHandler handleRequest
INFO: Unknown request URI: /message?device=sdk_gphone64_x86_64%20-%2016%20-%20API%2036&app=com.anonymous.ecofit&clientid=DevLauncherBridgelessDevSupportManager
Nov 05, 2025 12:29:42 AM io.gapi.emulators.netty.NotFoundHandler handleRequest
INFO: Unknown request URI: /message?device=sdk_gphone64_x86_64%20-%2016%20-%20API%2036&app=com.anonymous.ecofit&clientid=DevLauncherBridgelessDevSupportManager
Nov 05, 2025 12:29:44 AM io.gapi.emulators.netty.NotFoundHandler handleRequest
INFO: Unknown request URI: /message?device=sdk_gphone64_x86_64%20-%2016%20-%20API%2036&app=com.anonymous.ecofit&clientid=DevLauncherBridgelessDevSupportManager
Nov 05, 2025 12:29:46 AM io.gapi.emulators.netty.NotFoundHandler handleRequest
INFO: Unknown request URI: /message?device=sdk_gphone64_x86_64%20-%2016%20-%20API%2036&app=com.anonymous.ecofit&clientid=DevLauncherBridgelessDevSupportManager
Nov 05, 2025 12:29:48 AM io.gapi.emulators.netty.NotFoundHandler handleRequest
INFO: Unknown request URI: /message?device=sdk_gphone64_x86_64%20-%2016%20-%20API%2036&app=com.anonymous.ecofit&clientid=DevLauncherBridgelessDevSupportManager
Nov 05, 2025 12:29:50 AM io.gapi.emulators.netty.NotFoundHandler handleRequest
INFO: Unknown request URI: /message?device=sdk_gphone64_x86_64%20-%2016%20-%20API%2036&app=com.anonymous.ecofit&clientid=DevLauncherBridgelessDevSupportManager
Nov 05, 2025 12:29:52 AM io.gapi.emulators.netty.NotFoundHandler handleRequest
INFO: Unknown request URI: /message?device=sdk_gphone64_x86_64%20-%2016%20-%20API%2036&app=com.anonymous.ecofit&clientid=DevLauncherBridgelessDevSupportManager
Nov 05, 2025 12:29:54 AM io.gapi.emulators.netty.NotFoundHandler handleRequest
INFO: Unknown request URI: /message?device=sdk_gphone64_x86_64%20-%2016%20-%20API%2036&app=com.anonymous.ecofit&clientid=DevLauncherBridgelessDevSupportManager
Nov 05, 2025 12:29:56 AM io.gapi.emulators.netty.NotFoundHandler handleRequest
INFO: Unknown request URI: /message?device=sdk_gphone64_x86_64%20-%2016%20-%20API%2036&app=com.anonymous.ecofit&clientid=DevLauncherBridgelessDevSupportManager
Nov 05, 2025 12:29:58 AM io.gapi.emulators.netty.NotFoundHandler handleRequest
INFO: Unknown request URI: /message?device=sdk_gphone64_x86_64%20-%2016%20-%20API%2036&app=com.anonymous.ecofit&clientid=DevLauncherBridgelessDevSupportManager
Nov 05, 2025 12:30:00 AM io.gapi.emulators.netty.NotFoundHandler handleRequest
INFO: Unknown request URI: /message?device=sdk_gphone64_x86_64%20-%2016%20-%20API%2036&app=com.anonymous.ecofit&clientid=DevLauncherBridgelessDevSupportManager
Nov 05, 2025 12:30:02 AM io.gapi.emulators.netty.NotFoundHandler handleRequest
INFO: Unknown request URI: /message?device=sdk_gphone64_x86_64%20-%2016%20-%20API%2036&app=com.anonymous.ecofit&clientid=DevLauncherBridgelessDevSupportManager
Nov 05, 2025 12:30:04 AM io.gapi.emulators.netty.NotFoundHandler handleRequest
INFO: Unknown request URI: /message?device=sdk_gphone64_x86_64%20-%2016%20-%20API%2036&app=com.anonymous.ecofit&clientid=DevLauncherBridgelessDevSupportManager
Nov 05, 2025 12:30:06 AM io.gapi.emulators.netty.NotFoundHandler handleRequest
INFO: Unknown request URI: /message?device=sdk_gphone64_x86_64%20-%2016%20-%20API%2036&app=com.anonymous.ecofit&clientid=DevLauncherBridgelessDevSupportManager
Nov 05, 2025 12:30:08 AM io.gapi.emulators.netty.NotFoundHandler handleRequest
INFO: Unknown request URI: /message?device=sdk_gphone64_x86_64%20-%2016%20-%20API%2036&app=com.anonymous.ecofit&clientid=DevLauncherBridgelessDevSupportManager
Nov 05, 2025 12:30:10 AM io.gapi.emulators.netty.NotFoundHandler handleRequest
INFO: Unknown request URI: /message?device=sdk_gphone64_x86_64%20-%2016%20-%20API%2036&app=com.anonymous.ecofit&clientid=DevLauncherBridgelessDevSupportManager
Nov 05, 2025 12:30:12 AM io.gapi.emulators.netty.NotFoundHandler handleRequest
INFO: Unknown request URI: /message?device=sdk_gphone64_x86_64%20-%2016%20-%20API%2036&app=com.anonymous.ecofit&clientid=DevLauncherBridgelessDevSupportManager
Nov 05, 2025 12:30:14 AM io.gapi.emulators.netty.NotFoundHandler handleRequest
INFO: Unknown request URI: /message?device=sdk_gphone64_x86_64%20-%2016%20-%20API%2036&app=com.anonymous.ecofit&clientid=DevLauncherBridgelessDevSupportManager
Nov 05, 2025 12:30:16 AM io.gapi.emulators.netty.NotFoundHandler handleRequest
INFO: Unknown request URI: /message?device=sdk_gphone64_x86_64%20-%2016%20-%20API%2036&app=com.anonymous.ecofit&clientid=DevLauncherBridgelessDevSupportManager
Nov 05, 2025 12:30:19 AM io.gapi.emulators.netty.NotFoundHandler handleRequest
INFO: Unknown request URI: /message?device=sdk_gphone64_x86_64%20-%2016%20-%20API%2036&app=com.anonymous.ecofit&clientid=DevLauncherBridgelessDevSupportManager
Nov 05, 2025 12:30:21 AM io.gapi.emulators.netty.NotFoundHandler handleRequest
INFO: Unknown request URI: /message?device=sdk_gphone64_x86_64%20-%2016%20-%20API%2036&app=com.anonymous.ecofit&clientid=DevLauncherBridgelessDevSupportManager
Nov 05, 2025 12:30:23 AM io.gapi.emulators.netty.NotFoundHandler handleRequest
INFO: Unknown request URI: /message?device=sdk_gphone64_x86_64%20-%2016%20-%20API%2036&app=com.anonymous.ecofit&clientid=DevLauncherBridgelessDevSupportManager
Nov 05, 2025 12:30:25 AM io.gapi.emulators.netty.NotFoundHandler handleRequest
INFO: Unknown request URI: /message?device=sdk_gphone64_x86_64%20-%2016%20-%20API%2036&app=com.anonymous.ecofit&clientid=DevLauncherBridgelessDevSupportManager
Nov 05, 2025 12:30:27 AM io.gapi.emulators.netty.NotFoundHandler handleRequest
INFO: Unknown request URI: /message?device=sdk_gphone64_x86_64%20-%2016%20-%20API%2036&app=com.anonymous.ecofit&clientid=DevLauncherBridgelessDevSupportManager
Nov 05, 2025 12:30:29 AM io.gapi.emulators.netty.NotFoundHandler handleRequest
INFO: Unknown request URI: /message?device=sdk_gphone64_x86_64%20-%2016%20-%20API%2036&app=com.anonymous.ecofit&clientid=DevLauncherBridgelessDevSupportManager
Nov 05, 2025 12:30:31 AM io.gapi.emulators.netty.NotFoundHandler handleRequest
INFO: Unknown request URI: /message?device=sdk_gphone64_x86_64%20-%2016%20-%20API%2036&app=com.anonymous.ecofit&clientid=DevLauncherBridgelessDevSupportManager
Nov 05, 2025 12:30:33 AM io.gapi.emulators.netty.NotFoundHandler handleRequest
INFO: Unknown request URI: /message?device=sdk_gphone64_x86_64%20-%2016%20-%20API%2036&app=com.anonymous.ecofit&clientid=DevLauncherBridgelessDevSupportManager
Nov 05, 2025 12:30:35 AM io.gapi.emulators.netty.NotFoundHandler handleRequest
INFO: Unknown request URI: /message?device=sdk_gphone64_x86_64%20-%2016%20-%20API%2036&app=com.anonymous.ecofit&clientid=DevLauncherBridgelessDevSupportManager
Nov 05, 2025 12:30:37 AM io.gapi.emulators.netty.NotFoundHandler handleRequest
INFO: Unknown request URI: /message?device=sdk_gphone64_x86_64%20-%2016%20-%20API%2036&app=com.anonymous.ecofit&clientid=DevLauncherBridgelessDevSupportManager
Nov 05, 2025 12:30:39 AM io.gapi.emulators.netty.NotFoundHandler handleRequest
INFO: Unknown request URI: /message?device=sdk_gphone64_x86_64%20-%2016%20-%20API%2036&app=com.anonymous.ecofit&clientid=DevLauncherBridgelessDevSupportManager
Nov 05, 2025 12:30:41 AM io.gapi.emulators.netty.NotFoundHandler handleRequest
INFO: Unknown request URI: /message?device=sdk_gphone64_x86_64%20-%2016%20-%20API%2036&app=com.anonymous.ecofit&clientid=DevLauncherBridgelessDevSupportManager
Nov 05, 2025 12:30:43 AM io.gapi.emulators.netty.NotFoundHandler handleRequest
INFO: Unknown request URI: /message?device=sdk_gphone64_x86_64%20-%2016%20-%20API%2036&app=com.anonymous.ecofit&clientid=DevLauncherBridgelessDevSupportManager
Nov 05, 2025 12:30:45 AM io.gapi.emulators.netty.NotFoundHandler handleRequest
INFO: Unknown request URI: /message?device=sdk_gphone64_x86_64%20-%2016%20-%20API%2036&app=com.anonymous.ecofit&clientid=DevLauncherBridgelessDevSupportManager
Nov 05, 2025 12:30:47 AM io.gapi.emulators.netty.NotFoundHandler handleRequest
INFO: Unknown request URI: /message?device=sdk_gphone64_x86_64%20-%2016%20-%20API%2036&app=com.anonymous.ecofit&clientid=DevLauncherBridgelessDevSupportManager
Nov 05, 2025 12:30:49 AM io.gapi.emulators.netty.NotFoundHandler handleRequest
INFO: Unknown request URI: /message?device=sdk_gphone64_x86_64%20-%2016%20-%20API%2036&app=com.anonymous.ecofit&clientid=DevLauncherBridgelessDevSupportManager
Nov 05, 2025 12:30:51 AM io.gapi.emulators.netty.NotFoundHandler handleRequest
INFO: Unknown request URI: /message?device=sdk_gphone64_x86_64%20-%2016%20-%20API%2036&app=com.anonymous.ecofit&clientid=DevLauncherBridgelessDevSupportManager
Nov 05, 2025 12:30:53 AM io.gapi.emulators.netty.NotFoundHandler handleRequest
INFO: Unknown request URI: /message?device=sdk_gphone64_x86_64%20-%2016%20-%20API%2036&app=com.anonymous.ecofit&clientid=DevLauncherBridgelessDevSupportManager
Nov 05, 2025 12:30:55 AM io.gapi.emulators.netty.NotFoundHandler handleRequest
INFO: Unknown request URI: /message?device=sdk_gphone64_x86_64%20-%2016%20-%20API%2036&app=com.anonymous.ecofit&clientid=DevLauncherBridgelessDevSupportManager
Nov 05, 2025 12:30:57 AM io.gapi.emulators.netty.NotFoundHandler handleRequest
INFO: Unknown request URI: /message?device=sdk_gphone64_x86_64%20-%2016%20-%20API%2036&app=com.anonymous.ecofit&clientid=DevLauncherBridgelessDevSupportManager
Nov 05, 2025 12:30:59 AM io.gapi.emulators.netty.NotFoundHandler handleRequest
INFO: Unknown request URI: /message?device=sdk_gphone64_x86_64%20-%2016%20-%20API%2036&app=com.anonymous.ecofit&clientid=DevLauncherBridgelessDevSupportManager
Nov 05, 2025 12:31:01 AM io.gapi.emulators.netty.NotFoundHandler handleRequest
INFO: Unknown request URI: /message?device=sdk_gphone64_x86_64%20-%2016%20-%20API%2036&app=com.anonymous.ecofit&clientid=DevLauncherBridgelessDevSupportManager
Nov 05, 2025 12:31:03 AM io.gapi.emulators.netty.NotFoundHandler handleRequest
INFO: Unknown request URI: /message?device=sdk_gphone64_x86_64%20-%2016%20-%20API%2036&app=com.anonymous.ecofit&clientid=DevLauncherBridgelessDevSupportManager
Nov 05, 2025 12:31:05 AM io.gapi.emulators.netty.NotFoundHandler handleRequest
INFO: Unknown request URI: /message?device=sdk_gphone64_x86_64%20-%2016%20-%20API%2036&app=com.anonymous.ecofit&clientid=DevLauncherBridgelessDevSupportManager
Nov 05, 2025 12:31:07 AM io.gapi.emulators.netty.NotFoundHandler handleRequest
INFO: Unknown request URI: /message?device=sdk_gphone64_x86_64%20-%2016%20-%20API%2036&app=com.anonymous.ecofit&clientid=DevLauncherBridgelessDevSupportManager
Nov 05, 2025 12:31:09 AM io.gapi.emulators.netty.NotFoundHandler handleRequest
INFO: Unknown request URI: /message?device=sdk_gphone64_x86_64%20-%2016%20-%20API%2036&app=com.anonymous.ecofit&clientid=DevLauncherBridgelessDevSupportManager
Nov 05, 2025 12:31:11 AM io.gapi.emulators.netty.NotFoundHandler handleRequest
INFO: Unknown request URI: /message?device=sdk_gphone64_x86_64%20-%2016%20-%20API%2036&app=com.anonymous.ecofit&clientid=DevLauncherBridgelessDevSupportManager
Nov 05, 2025 12:31:13 AM io.gapi.emulators.netty.NotFoundHandler handleRequest
INFO: Unknown request URI: /message?device=sdk_gphone64_x86_64%20-%2016%20-%20API%2036&app=com.anonymous.ecofit&clientid=DevLauncherBridgelessDevSupportManager
Nov 05, 2025 12:31:15 AM io.gapi.emulators.netty.NotFoundHandler handleRequest
INFO: Unknown request URI: /message?device=sdk_gphone64_x86_64%20-%2016%20-%20API%2036&app=com.anonymous.ecofit&clientid=DevLauncherBridgelessDevSupportManager
Nov 05, 2025 12:31:17 AM io.gapi.emulators.netty.NotFoundHandler handleRequest
INFO: Unknown request URI: /message?device=sdk_gphone64_x86_64%20-%2016%20-%20API%2036&app=com.anonymous.ecofit&clientid=DevLauncherBridgelessDevSupportManager
Nov 05, 2025 12:31:19 AM io.gapi.emulators.netty.NotFoundHandler handleRequest
INFO: Unknown request URI: /message?device=sdk_gphone64_x86_64%20-%2016%20-%20API%2036&app=com.anonymous.ecofit&clientid=DevLauncherBridgelessDevSupportManager
Nov 05, 2025 12:31:21 AM io.gapi.emulators.netty.NotFoundHandler handleRequest
INFO: Unknown request URI: /message?device=sdk_gphone64_x86_64%20-%2016%20-%20API%2036&app=com.anonymous.ecofit&clientid=DevLauncherBridgelessDevSupportManager
Nov 05, 2025 12:31:23 AM io.gapi.emulators.netty.NotFoundHandler handleRequest
INFO: Unknown request URI: /message?device=sdk_gphone64_x86_64%20-%2016%20-%20API%2036&app=com.anonymous.ecofit&clientid=DevLauncherBridgelessDevSupportManager
Nov 05, 2025 12:31:25 AM io.gapi.emulators.netty.NotFoundHandler handleRequest
INFO: Unknown request URI: /message?device=sdk_gphone64_x86_64%20-%2016%20-%20API%2036&app=com.anonymous.ecofit&clientid=DevLauncherBridgelessDevSupportManager
Nov 05, 2025 12:31:27 AM io.gapi.emulators.netty.NotFoundHandler handleRequest
INFO: Unknown request URI: /message?device=sdk_gphone64_x86_64%20-%2016%20-%20API%2036&app=com.anonymous.ecofit&clientid=DevLauncherBridgelessDevSupportManager
Nov 05, 2025 12:31:29 AM io.gapi.emulators.netty.NotFoundHandler handleRequest
INFO: Unknown request URI: /message?device=sdk_gphone64_x86_64%20-%2016%20-%20API%2036&app=com.anonymous.ecofit&clientid=DevLauncherBridgelessDevSupportManager
Nov 05, 2025 12:31:31 AM io.gapi.emulators.netty.NotFoundHandler handleRequest
INFO: Unknown request URI: /message?device=sdk_gphone64_x86_64%20-%2016%20-%20API%2036&app=com.anonymous.ecofit&clientid=DevLauncherBridgelessDevSupportManager
Nov 05, 2025 12:31:33 AM io.gapi.emulators.netty.NotFoundHandler handleRequest
INFO: Unknown request URI: /message?device=sdk_gphone64_x86_64%20-%2016%20-%20API%2036&app=com.anonymous.ecofit&clientid=DevLauncherBridgelessDevSupportManager
Nov 05, 2025 12:31:35 AM io.gapi.emulators.netty.NotFoundHandler handleRequest
INFO: Unknown request URI: /message?device=sdk_gphone64_x86_64%20-%2016%20-%20API%2036&app=com.anonymous.ecofit&clientid=DevLauncherBridgelessDevSupportManager
Nov 05, 2025 12:31:37 AM io.gapi.emulators.netty.NotFoundHandler handleRequest
INFO: Unknown request URI: /message?device=sdk_gphone64_x86_64%20-%2016%20-%20API%2036&app=com.anonymous.ecofit&clientid=DevLauncherBridgelessDevSupportManager
Nov 05, 2025 12:31:39 AM io.gapi.emulators.netty.NotFoundHandler handleRequest
INFO: Unknown request URI: /message?device=sdk_gphone64_x86_64%20-%2016%20-%20API%2036&app=com.anonymous.ecofit&clientid=DevLauncherBridgelessDevSupportManager
Nov 05, 2025 12:31:41 AM io.gapi.emulators.netty.NotFoundHandler handleRequest
INFO: Unknown request URI: /message?device=sdk_gphone64_x86_64%20-%2016%20-%20API%2036&app=com.anonymous.ecofit&clientid=DevLauncherBridgelessDevSupportManager
Nov 05, 2025 12:31:43 AM io.gapi.emulators.netty.NotFoundHandler handleRequest
INFO: Unknown request URI: /message?device=sdk_gphone64_x86_64%20-%2016%20-%20API%2036&app=com.anonymous.ecofit&clientid=DevLauncherBridgelessDevSupportManager
Nov 05, 2025 12:31:45 AM io.gapi.emulators.netty.NotFoundHandler handleRequest
INFO: Unknown request URI: /message?device=sdk_gphone64_x86_64%20-%2016%20-%20API%2036&app=com.anonymous.ecofit&clientid=DevLauncherBridgelessDevSupportManager
Nov 05, 2025 12:31:47 AM io.gapi.emulators.netty.NotFoundHandler handleRequest
INFO: Unknown request URI: /message?device=sdk_gphone64_x86_64%20-%2016%20-%20API%2036&app=com.anonymous.ecofit&clientid=DevLauncherBridgelessDevSupportManager
Nov 05, 2025 12:31:49 AM io.gapi.emulators.netty.NotFoundHandler handleRequest
INFO: Unknown request URI: /message?device=sdk_gphone64_x86_64%20-%2016%20-%20API%2036&app=com.anonymous.ecofit&clientid=DevLauncherBridgelessDevSupportManager
Nov 05, 2025 12:31:51 AM io.gapi.emulators.netty.NotFoundHandler handleRequest
INFO: Unknown request URI: /message?device=sdk_gphone64_x86_64%20-%2016%20-%20API%2036&app=com.anonymous.ecofit&clientid=DevLauncherBridgelessDevSupportManager
Nov 05, 2025 12:31:53 AM io.gapi.emulators.netty.NotFoundHandler handleRequest
INFO: Unknown request URI: /message?device=sdk_gphone64_x86_64%20-%2016%20-%20API%2036&app=com.anonymous.ecofit&clientid=DevLauncherBridgelessDevSupportManager
Nov 05, 2025 12:31:55 AM io.gapi.emulators.netty.NotFoundHandler handleRequest
INFO: Unknown request URI: /message?device=sdk_gphone64_x86_64%20-%2016%20-%20API%2036&app=com.anonymous.ecofit&clientid=DevLauncherBridgelessDevSupportManager
Nov 05, 2025 12:31:57 AM io.gapi.emulators.netty.NotFoundHandler handleRequest
INFO: Unknown request URI: /message?device=sdk_gphone64_x86_64%20-%2016%20-%20API%2036&app=com.anonymous.ecofit&clientid=DevLauncherBridgelessDevSupportManager
Nov 05, 2025 12:31:59 AM io.gapi.emulators.netty.NotFoundHandler handleRequest
INFO: Unknown request URI: /message?device=sdk_gphone64_x86_64%20-%2016%20-%20API%2036&app=com.anonymous.ecofit&clientid=DevLauncherBridgelessDevSupportManager
Nov 05, 2025 12:32:01 AM io.gapi.emulators.netty.NotFoundHandler handleRequest
INFO: Unknown request URI: /message?device=sdk_gphone64_x86_64%20-%2016%20-%20API%2036&app=com.anonymous.ecofit&clientid=DevLauncherBridgelessDevSupportManager
Nov 05, 2025 12:32:03 AM io.gapi.emulators.netty.NotFoundHandler handleRequest
INFO: Unknown request URI: /message?device=sdk_gphone64_x86_64%20-%2016%20-%20API%2036&app=com.anonymous.ecofit&clientid=DevLauncherBridgelessDevSupportManager
Nov 05, 2025 12:32:05 AM io.gapi.emulators.netty.NotFoundHandler handleRequest
INFO: Unknown request URI: /message?device=sdk_gphone64_x86_64%20-%2016%20-%20API%2036&app=com.anonymous.ecofit&clientid=DevLauncherBridgelessDevSupportManager
Nov 05, 2025 12:32:07 AM io.gapi.emulators.netty.NotFoundHandler handleRequest
INFO: Unknown request URI: /message?device=sdk_gphone64_x86_64%20-%2016%20-%20API%2036&app=com.anonymous.ecofit&clientid=DevLauncherBridgelessDevSupportManager
Nov 05, 2025 12:32:09 AM io.gapi.emulators.netty.NotFoundHandler handleRequest
INFO: Unknown request URI: /message?device=sdk_gphone64_x86_64%20-%2016%20-%20API%2036&app=com.anonymous.ecofit&clientid=DevLauncherBridgelessDevSupportManager
Nov 05, 2025 12:32:11 AM io.gapi.emulators.netty.NotFoundHandler handleRequest
INFO: Unknown request URI: /message?device=sdk_gphone64_x86_64%20-%2016%20-%20API%2036&app=com.anonymous.ecofit&clientid=DevLauncherBridgelessDevSupportManager
Nov 05, 2025 12:32:13 AM io.gapi.emulators.netty.NotFoundHandler handleRequest
INFO: Unknown request URI: /message?device=sdk_gphone64_x86_64%20-%2016%20-%20API%2036&app=com.anonymous.ecofit&clientid=DevLauncherBridgelessDevSupportManager
Nov 05, 2025 12:32:15 AM io.gapi.emulators.netty.NotFoundHandler handleRequest
INFO: Unknown request URI: /message?device=sdk_gphone64_x86_64%20-%2016%20-%20API%2036&app=com.anonymous.ecofit&clientid=DevLauncherBridgelessDevSupportManager
Nov 05, 2025 12:32:17 AM io.gapi.emulators.netty.NotFoundHandler handleRequest
INFO: Unknown request URI: /message?device=sdk_gphone64_x86_64%20-%2016%20-%20API%2036&app=com.anonymous.ecofit&clientid=DevLauncherBridgelessDevSupportManager
Nov 05, 2025 12:32:19 AM io.gapi.emulators.netty.NotFoundHandler handleRequest
INFO: Unknown request URI: /message?device=sdk_gphone64_x86_64%20-%2016%20-%20API%2036&app=com.anonymous.ecofit&clientid=DevLauncherBridgelessDevSupportManager
Nov 05, 2025 12:32:21 AM io.gapi.emulators.netty.NotFoundHandler handleRequest
INFO: Unknown request URI: /message?device=sdk_gphone64_x86_64%20-%2016%20-%20API%2036&app=com.anonymous.ecofit&clientid=DevLauncherBridgelessDevSupportManager
Nov 05, 2025 12:32:23 AM io.gapi.emulators.netty.NotFoundHandler handleRequest
INFO: Unknown request URI: /message?device=sdk_gphone64_x86_64%20-%2016%20-%20API%2036&app=com.anonymous.ecofit&clientid=DevLauncherBridgelessDevSupportManager
Nov 05, 2025 12:32:25 AM io.gapi.emulators.netty.NotFoundHandler handleRequest
INFO: Unknown request URI: /message?device=sdk_gphone64_x86_64%20-%2016%20-%20API%2036&app=com.anonymous.ecofit&clientid=DevLauncherBridgelessDevSupportManager
Nov 05, 2025 12:32:27 AM io.gapi.emulators.netty.NotFoundHandler handleRequest
INFO: Unknown request URI: /message?device=sdk_gphone64_x86_64%20-%2016%20-%20API%2036&app=com.anonymous.ecofit&clientid=DevLauncherBridgelessDevSupportManager
Nov 05, 2025 12:32:29 AM io.gapi.emulators.netty.NotFoundHandler handleRequest
INFO: Unknown request URI: /message?device=sdk_gphone64_x86_64%20-%2016%20-%20API%2036&app=com.anonymous.ecofit&clientid=DevLauncherBridgelessDevSupportManager
Nov 05, 2025 12:32:31 AM io.gapi.emulators.netty.NotFoundHandler handleRequest
INFO: Unknown request URI: /message?device=sdk_gphone64_x86_64%20-%2016%20-%20API%2036&app=com.anonymous.ecofit&clientid=DevLauncherBridgelessDevSupportManager
Nov 05, 2025 12:32:33 AM io.gapi.emulators.netty.NotFoundHandler handleRequest
INFO: Unknown request URI: /message?device=sdk_gphone64_x86_64%20-%2016%20-%20API%2036&app=com.anonymous.ecofit&clientid=DevLauncherBridgelessDevSupportManager
Nov 05, 2025 12:32:35 AM io.gapi.emulators.netty.NotFoundHandler handleRequest
INFO: Unknown request URI: /message?device=sdk_gphone64_x86_64%20-%2016%20-%20API%2036&app=com.anonymous.ecofit&clientid=DevLauncherBridgelessDevSupportManager
Nov 05, 2025 12:32:37 AM io.gapi.emulators.netty.NotFoundHandler handleRequest
INFO: Unknown request URI: /message?device=sdk_gphone64_x86_64%20-%2016%20-%20API%2036&app=com.anonymous.ecofit&clientid=DevLauncherBridgelessDevSupportManager
Nov 05, 2025 12:32:39 AM io.gapi.emulators.netty.NotFoundHandler handleRequest
INFO: Unknown request URI: /message?device=sdk_gphone64_x86_64%20-%2016%20-%20API%2036&app=com.anonymous.ecofit&clientid=DevLauncherBridgelessDevSupportManager
Nov 05, 2025 12:32:41 AM io.gapi.emulators.netty.NotFoundHandler handleRequest
INFO: Unknown request URI: /message?device=sdk_gphone64_x86_64%20-%2016%20-%20API%2036&app=com.anonymous.ecofit&clientid=DevLauncherBridgelessDevSupportManager
Nov 05, 2025 12:32:43 AM io.gapi.emulators.netty.NotFoundHandler handleRequest
INFO: Unknown request URI: /message?device=sdk_gphone64_x86_64%20-%2016%20-%20API%2036&app=com.anonymous.ecofit&clientid=DevLauncherBridgelessDevSupportManager
Nov 05, 2025 12:32:45 AM io.gapi.emulators.netty.NotFoundHandler handleRequest
INFO: Unknown request URI: /message?device=sdk_gphone64_x86_64%20-%2016%20-%20API%2036&app=com.anonymous.ecofit&clientid=DevLauncherBridgelessDevSupportManager
Nov 05, 2025 12:32:47 AM io.gapi.emulators.netty.NotFoundHandler handleRequest
INFO: Unknown request URI: /message?device=sdk_gphone64_x86_64%20-%2016%20-%20API%2036&app=com.anonymous.ecofit&clientid=DevLauncherBridgelessDevSupportManager
Nov 05, 2025 12:32:49 AM io.gapi.emulators.netty.NotFoundHandler handleRequest
INFO: Unknown request URI: /message?device=sdk_gphone64_x86_64%20-%2016%20-%20API%2036&app=com.anonymous.ecofit&clientid=DevLauncherBridgelessDevSupportManager
Nov 05, 2025 12:32:51 AM io.gapi.emulators.netty.NotFoundHandler handleRequest
INFO: Unknown request URI: /message?device=sdk_gphone64_x86_64%20-%2016%20-%20API%2036&app=com.anonymous.ecofit&clientid=DevLauncherBridgelessDevSupportManager
Nov 05, 2025 12:32:53 AM io.gapi.emulators.netty.NotFoundHandler handleRequest
INFO: Unknown request URI: /message?device=sdk_gphone64_x86_64%20-%2016%20-%20API%2036&app=com.anonymous.ecofit&clientid=DevLauncherBridgelessDevSupportManager
Nov 05, 2025 12:32:55 AM io.gapi.emulators.netty.NotFoundHandler handleRequest
INFO: Unknown request URI: /message?device=sdk_gphone64_x86_64%20-%2016%20-%20API%2036&app=com.anonymous.ecofit&clientid=DevLauncherBridgelessDevSupportManager
Nov 05, 2025 12:32:57 AM io.gapi.emulators.netty.NotFoundHandler handleRequest
INFO: Unknown request URI: /message?device=sdk_gphone64_x86_64%20-%2016%20-%20API%2036&app=com.anonymous.ecofit&clientid=DevLauncherBridgelessDevSupportManager
Nov 05, 2025 12:32:59 AM io.gapi.emulators.netty.NotFoundHandler handleRequest
INFO: Unknown request URI: /message?device=sdk_gphone64_x86_64%20-%2016%20-%20API%2036&app=com.anonymous.ecofit&clientid=DevLauncherBridgelessDevSupportManager
Nov 05, 2025 12:33:01 AM io.gapi.emulators.netty.NotFoundHandler handleRequest
INFO: Unknown request URI: /message?device=sdk_gphone64_x86_64%20-%2016%20-%20API%2036&app=com.anonymous.ecofit&clientid=DevLauncherBridgelessDevSupportManager
Nov 05, 2025 12:33:03 AM io.gapi.emulators.netty.NotFoundHandler handleRequest
INFO: Unknown request URI: /message?device=sdk_gphone64_x86_64%20-%2016%20-%20API%2036&app=com.anonymous.ecofit&clientid=DevLauncherBridgelessDevSupportManager
Nov 05, 2025 12:33:05 AM io.gapi.emulators.netty.NotFoundHandler handleRequest
INFO: Unknown request URI: /message?device=sdk_gphone64_x86_64%20-%2016%20-%20API%2036&app=com.anonymous.ecofit&clientid=DevLauncherBridgelessDevSupportManager
Nov 05, 2025 12:33:07 AM io.gapi.emulators.netty.NotFoundHandler handleRequest
INFO: Unknown request URI: /message?device=sdk_gphone64_x86_64%20-%2016%20-%20API%2036&app=com.anonymous.ecofit&clientid=DevLauncherBridgelessDevSupportManager
Nov 05, 2025 12:33:09 AM io.gapi.emulators.netty.NotFoundHandler handleRequest
INFO: Unknown request URI: /message?device=sdk_gphone64_x86_64%20-%2016%20-%20API%2036&app=com.anonymous.ecofit&clientid=DevLauncherBridgelessDevSupportManager
Nov 05, 2025 12:33:11 AM io.gapi.emulators.netty.NotFoundHandler handleRequest
INFO: Unknown request URI: /message?device=sdk_gphone64_x86_64%20-%2016%20-%20API%2036&app=com.anonymous.ecofit&clientid=DevLauncherBridgelessDevSupportManager
Nov 05, 2025 12:33:13 AM io.gapi.emulators.netty.NotFoundHandler handleRequest
INFO: Unknown request URI: /message?device=sdk_gphone64_x86_64%20-%2016%20-%20API%2036&app=com.anonymous.ecofit&clientid=DevLauncherBridgelessDevSupportManager
Nov 05, 2025 12:33:15 AM io.gapi.emulators.netty.NotFoundHandler handleRequest
INFO: Unknown request URI: /message?device=sdk_gphone64_x86_64%20-%2016%20-%20API%2036&app=com.anonymous.ecofit&clientid=DevLauncherBridgelessDevSupportManager
Nov 05, 2025 12:33:17 AM io.gapi.emulators.netty.NotFoundHandler handleRequest
INFO: Unknown request URI: /message?device=sdk_gphone64_x86_64%20-%2016%20-%20API%2036&app=com.anonymous.ecofit&clientid=DevLauncherBridgelessDevSupportManager
Nov 05, 2025 12:33:19 AM io.gapi.emulators.netty.NotFoundHandler handleRequest
INFO: Unknown request URI: /message?device=sdk_gphone64_x86_64%20-%2016%20-%20API%2036&app=com.anonymous.ecofit&clientid=DevLauncherBridgelessDevSupportManager
Nov 05, 2025 12:33:21 AM io.gapi.emulators.netty.NotFoundHandler handleRequest
INFO: Unknown request URI: /message?device=sdk_gphone64_x86_64%20-%2016%20-%20API%2036&app=com.anonymous.ecofit&clientid=DevLauncherBridgelessDevSupportManager
Nov 05, 2025 12:33:23 AM io.gapi.emulators.netty.NotFoundHandler handleRequest
INFO: Unknown request URI: /message?device=sdk_gphone64_x86_64%20-%2016%20-%20API%2036&app=com.anonymous.ecofit&clientid=DevLauncherBridgelessDevSupportManager
Nov 05, 2025 12:33:25 AM io.gapi.emulators.netty.NotFoundHandler handleRequest
INFO: Unknown request URI: /message?device=sdk_gphone64_x86_64%20-%2016%20-%20API%2036&app=com.anonymous.ecofit&clientid=DevLauncherBridgelessDevSupportManager
Nov 05, 2025 12:33:27 AM io.gapi.emulators.netty.NotFoundHandler handleRequest
INFO: Unknown request URI: /message?device=sdk_gphone64_x86_64%20-%2016%20-%20API%2036&app=com.anonymous.ecofit&clientid=DevLauncherBridgelessDevSupportManager
Nov 05, 2025 12:33:29 AM io.gapi.emulators.netty.NotFoundHandler handleRequest
INFO: Unknown request URI: /message?device=sdk_gphone64_x86_64%20-%2016%20-%20API%2036&app=com.anonymous.ecofit&clientid=DevLauncherBridgelessDevSupportManager
Nov 05, 2025 12:33:31 AM io.gapi.emulators.netty.NotFoundHandler handleRequest
INFO: Unknown request URI: /message?device=sdk_gphone64_x86_64%20-%2016%20-%20API%2036&app=com.anonymous.ecofit&clientid=DevLauncherBridgelessDevSupportManager
Nov 05, 2025 12:33:33 AM io.gapi.emulators.netty.NotFoundHandler handleRequest
INFO: Unknown request URI: /message?device=sdk_gphone64_x86_64%20-%2016%20-%20API%2036&app=com.anonymous.ecofit&clientid=DevLauncherBridgelessDevSupportManager
Nov 05, 2025 12:33:35 AM io.gapi.emulators.netty.NotFoundHandler handleRequest
INFO: Unknown request URI: /message?device=sdk_gphone64_x86_64%20-%2016%20-%20API%2036&app=com.anonymous.ecofit&clientid=DevLauncherBridgelessDevSupportManager
Nov 05, 2025 12:33:37 AM io.gapi.emulators.netty.NotFoundHandler handleRequest
INFO: Unknown request URI: /message?device=sdk_gphone64_x86_64%20-%2016%20-%20API%2036&app=com.anonymous.ecofit&clientid=DevLauncherBridgelessDevSupportManager
Nov 05, 2025 12:33:39 AM io.gapi.emulators.netty.NotFoundHandler handleRequest
INFO: Unknown request URI: /message?device=sdk_gphone64_x86_64%20-%2016%20-%20API%2036&app=com.anonymous.ecofit&clientid=DevLauncherBridgelessDevSupportManager
Nov 05, 2025 12:33:41 AM io.gapi.emulators.netty.NotFoundHandler handleRequest
INFO: Unknown request URI: /message?device=sdk_gphone64_x86_64%20-%2016%20-%20API%2036&app=com.anonymous.ecofit&clientid=DevLauncherBridgelessDevSupportManager
Nov 05, 2025 12:33:43 AM io.gapi.emulators.netty.NotFoundHandler handleRequest
INFO: Unknown request URI: /message?device=sdk_gphone64_x86_64%20-%2016%20-%20API%2036&app=com.anonymous.ecofit&clientid=DevLauncherBridgelessDevSupportManager
Nov 05, 2025 12:33:45 AM io.gapi.emulators.netty.NotFoundHandler handleRequest
INFO: Unknown request URI: /message?device=sdk_gphone64_x86_64%20-%2016%20-%20API%2036&app=com.anonymous.ecofit&clientid=DevLauncherBridgelessDevSupportManager
Nov 05, 2025 12:33:47 AM io.gapi.emulators.netty.NotFoundHandler handleRequest
INFO: Unknown request URI: /message?device=sdk_gphone64_x86_64%20-%2016%20-%20API%2036&app=com.anonymous.ecofit&clientid=DevLauncherBridgelessDevSupportManager
Nov 05, 2025 12:33:49 AM io.gapi.emulators.netty.NotFoundHandler handleRequest
INFO: Unknown request URI: /message?device=sdk_gphone64_x86_64%20-%2016%20-%20API%2036&app=com.anonymous.ecofit&clientid=DevLauncherBridgelessDevSupportManager
Nov 05, 2025 12:33:51 AM io.gapi.emulators.netty.NotFoundHandler handleRequest
INFO: Unknown request URI: /message?device=sdk_gphone64_x86_64%20-%2016%20-%20API%2036&app=com.anonymous.ecofit&clientid=DevLauncherBridgelessDevSupportManager
Nov 05, 2025 12:33:53 AM io.gapi.emulators.netty.NotFoundHandler handleRequest
INFO: Unknown request URI: /message?device=sdk_gphone64_x86_64%20-%2016%20-%20API%2036&app=com.anonymous.ecofit&clientid=DevLauncherBridgelessDevSupportManager
Nov 05, 2025 12:33:55 AM io.gapi.emulators.netty.NotFoundHandler handleRequest
INFO: Unknown request URI: /message?device=sdk_gphone64_x86_64%20-%2016%20-%20API%2036&app=com.anonymous.ecofit&clientid=DevLauncherBridgelessDevSupportManager
Nov 05, 2025 12:33:57 AM io.gapi.emulators.netty.NotFoundHandler handleRequest
INFO: Unknown request URI: /message?device=sdk_gphone64_x86_64%20-%2016%20-%20API%2036&app=com.anonymous.ecofit&clientid=DevLauncherBridgelessDevSupportManager
Nov 05, 2025 12:33:59 AM io.gapi.emulators.netty.NotFoundHandler handleRequest
INFO: Unknown request URI: /message?device=sdk_gphone64_x86_64%20-%2016%20-%20API%2036&app=com.anonymous.ecofit&clientid=DevLauncherBridgelessDevSupportManager
Nov 05, 2025 12:34:01 AM io.gapi.emulators.netty.NotFoundHandler handleRequest
INFO: Unknown request URI: /message?device=sdk_gphone64_x86_64%20-%2016%20-%20API%2036&app=com.anonymous.ecofit&clientid=DevLauncherBridgelessDevSupportManager
Nov 05, 2025 12:34:03 AM io.gapi.emulators.netty.NotFoundHandler handleRequest
INFO: Unknown request URI: /message?device=sdk_gphone64_x86_64%20-%2016%20-%20API%2036&app=com.anonymous.ecofit&clientid=DevLauncherBridgelessDevSupportManager
Nov 05, 2025 12:34:05 AM io.gapi.emulators.netty.NotFoundHandler handleRequest
INFO: Unknown request URI: /message?device=sdk_gphone64_x86_64%20-%2016%20-%20API%2036&app=com.anonymous.ecofit&clientid=DevLauncherBridgelessDevSupportManager
Nov 05, 2025 12:34:07 AM io.gapi.emulators.netty.NotFoundHandler handleRequest
INFO: Unknown request URI: /message?device=sdk_gphone64_x86_64%20-%2016%20-%20API%2036&app=com.anonymous.ecofit&clientid=DevLauncherBridgelessDevSupportManager
Nov 05, 2025 12:34:09 AM io.gapi.emulators.netty.NotFoundHandler handleRequest
INFO: Unknown request URI: /message?device=sdk_gphone64_x86_64%20-%2016%20-%20API%2036&app=com.anonymous.ecofit&clientid=DevLauncherBridgelessDevSupportManager
Nov 05, 2025 12:34:11 AM io.gapi.emulators.netty.NotFoundHandler handleRequest
INFO: Unknown request URI: /message?device=sdk_gphone64_x86_64%20-%2016%20-%20API%2036&app=com.anonymous.ecofit&clientid=DevLauncherBridgelessDevSupportManager
Nov 05, 2025 12:34:13 AM io.gapi.emulators.netty.NotFoundHandler handleRequest
INFO: Unknown request URI: /message?device=sdk_gphone64_x86_64%20-%2016%20-%20API%2036&app=com.anonymous.ecofit&clientid=DevLauncherBridgelessDevSupportManager
Nov 05, 2025 12:34:15 AM io.gapi.emulators.netty.NotFoundHandler handleRequest
INFO: Unknown request URI: /message?device=sdk_gphone64_x86_64%20-%2016%20-%20API%2036&app=com.anonymous.ecofit&clientid=DevLauncherBridgelessDevSupportManager
Nov 05, 2025 12:34:17 AM io.gapi.emulators.netty.NotFoundHandler handleRequest
INFO: Unknown request URI: /message?device=sdk_gphone64_x86_64%20-%2016%20-%20API%2036&app=com.anonymous.ecofit&clientid=DevLauncherBridgelessDevSupportManager
Nov 05, 2025 12:34:19 AM io.gapi.emulators.netty.NotFoundHandler handleRequest
INFO: Unknown request URI: /message?device=sdk_gphone64_x86_64%20-%2016%20-%20API%2036&app=com.anonymous.ecofit&clientid=DevLauncherBridgelessDevSupportManager
Nov 05, 2025 12:34:21 AM io.gapi.emulators.netty.NotFoundHandler handleRequest
INFO: Unknown request URI: /message?device=sdk_gphone64_x86_64%20-%2016%20-%20API%2036&app=com.anonymous.ecofit&clientid=DevLauncherBridgelessDevSupportManager
Nov 05, 2025 12:34:23 AM io.gapi.emulators.netty.NotFoundHandler handleRequest
INFO: Unknown request URI: /message?device=sdk_gphone64_x86_64%20-%2016%20-%20API%2036&app=com.anonymous.ecofit&clientid=DevLauncherBridgelessDevSupportManager
Nov 05, 2025 12:34:25 AM io.gapi.emulators.netty.NotFoundHandler handleRequest
INFO: Unknown request URI: /message?device=sdk_gphone64_x86_64%20-%2016%20-%20API%2036&app=com.anonymous.ecofit&clientid=DevLauncherBridgelessDevSupportManager
Nov 05, 2025 12:34:27 AM io.gapi.emulators.netty.NotFoundHandler handleRequest
INFO: Unknown request URI: /message?device=sdk_gphone64_x86_64%20-%2016%20-%20API%2036&app=com.anonymous.ecofit&clientid=DevLauncherBridgelessDevSupportManager
Nov 05, 2025 12:34:29 AM io.gapi.emulators.netty.NotFoundHandler handleRequest
INFO: Unknown request URI: /message?device=sdk_gphone64_x86_64%20-%2016%20-%20API%2036&app=com.anonymous.ecofit&clientid=DevLauncherBridgelessDevSupportManager
Nov 05, 2025 12:34:31 AM io.gapi.emulators.netty.NotFoundHandler handleRequest
INFO: Unknown request URI: /message?device=sdk_gphone64_x86_64%20-%2016%20-%20API%2036&app=com.anonymous.ecofit&clientid=DevLauncherBridgelessDevSupportManager
Nov 05, 2025 12:34:33 AM io.gapi.emulators.netty.NotFoundHandler handleRequest
INFO: Unknown request URI: /message?device=sdk_gphone64_x86_64%20-%2016%20-%20API%2036&app=com.anonymous.ecofit&clientid=DevLauncherBridgelessDevSupportManager
Nov 05, 2025 12:34:35 AM io.gapi.emulators.netty.NotFoundHandler handleRequest
INFO: Unknown request URI: /message?device=sdk_gphone64_x86_64%20-%2016%20-%20API%2036&app=com.anonymous.ecofit&clientid=DevLauncherBridgelessDevSupportManager
Nov 05, 2025 12:34:37 AM io.gapi.emulators.netty.NotFoundHandler handleRequest
INFO: Unknown request URI: /message?device=sdk_gphone64_x86_64%20-%2016%20-%20API%2036&app=com.anonymous.ecofit&clientid=DevLauncherBridgelessDevSupportManager
Nov 05, 2025 12:34:39 AM io.gapi.emulators.netty.NotFoundHandler handleRequest
INFO: Unknown request URI: /message?device=sdk_gphone64_x86_64%20-%2016%20-%20API%2036&app=com.anonymous.ecofit&clientid=DevLauncherBridgelessDevSupportManager
Nov 05, 2025 12:34:41 AM io.gapi.emulators.netty.NotFoundHandler handleRequest
INFO: Unknown request URI: /message?device=sdk_gphone64_x86_64%20-%2016%20-%20API%2036&app=com.anonymous.ecofit&clientid=DevLauncherBridgelessDevSupportManager
Nov 05, 2025 12:34:43 AM io.gapi.emulators.netty.NotFoundHandler handleRequest
INFO: Unknown request URI: /message?device=sdk_gphone64_x86_64%20-%2016%20-%20API%2036&app=com.anonymous.ecofit&clientid=DevLauncherBridgelessDevSupportManager
Nov 05, 2025 12:34:45 AM io.gapi.emulators.netty.NotFoundHandler handleRequest
INFO: Unknown request URI: /message?device=sdk_gphone64_x86_64%20-%2016%20-%20API%2036&app=com.anonymous.ecofit&clientid=DevLauncherBridgelessDevSupportManager
Nov 05, 2025 12:34:47 AM io.gapi.emulators.netty.NotFoundHandler handleRequest
INFO: Unknown request URI: /message?device=sdk_gphone64_x86_64%20-%2016%20-%20API%2036&app=com.anonymous.ecofit&clientid=DevLauncherBridgelessDevSupportManager
Nov 05, 2025 12:34:49 AM io.gapi.emulators.netty.NotFoundHandler handleRequest
INFO: Unknown request URI: /message?device=sdk_gphone64_x86_64%20-%2016%20-%20API%2036&app=com.anonymous.ecofit&clientid=DevLauncherBridgelessDevSupportManager
Nov 05, 2025 12:34:51 AM io.gapi.emulators.netty.NotFoundHandler handleRequest
INFO: Unknown request URI: /message?device=sdk_gphone64_x86_64%20-%2016%20-%20API%2036&app=com.anonymous.ecofit&clientid=DevLauncherBridgelessDevSupportManager
Nov 05, 2025 12:34:53 AM io.gapi.emulators.netty.NotFoundHandler handleRequest
INFO: Unknown request URI: /message?device=sdk_gphone64_x86_64%20-%2016%20-%20API%2036&app=com.anonymous.ecofit&clientid=DevLauncherBridgelessDevSupportManager
Nov 05, 2025 12:34:55 AM io.gapi.emulators.netty.NotFoundHandler handleRequest
INFO: Unknown request URI: /message?device=sdk_gphone64_x86_64%20-%2016%20-%20API%2036&app=com.anonymous.ecofit&clientid=DevLauncherBridgelessDevSupportManager
Nov 05, 2025 12:34:57 AM io.gapi.emulators.netty.NotFoundHandler handleRequest
INFO: Unknown request URI: /message?device=sdk_gphone64_x86_64%20-%2016%20-%20API%2036&app=com.anonymous.ecofit&clientid=DevLauncherBridgelessDevSupportManager
Nov 05, 2025 12:34:59 AM io.gapi.emulators.netty.NotFoundHandler handleRequest
INFO: Unknown request URI: /message?device=sdk_gphone64_x86_64%20-%2016%20-%20API%2036&app=com.anonymous.ecofit&clientid=DevLauncherBridgelessDevSupportManager
Nov 05, 2025 12:35:01 AM io.gapi.emulators.netty.NotFoundHandler handleRequest
INFO: Unknown request URI: /message?device=sdk_gphone64_x86_64%20-%2016%20-%20API%2036&app=com.anonymous.ecofit&clientid=DevLauncherBridgelessDevSupportManager
Nov 05, 2025 12:35:03 AM io.gapi.emulators.netty.NotFoundHandler handleRequest
INFO: Unknown request URI: /message?device=sdk_gphone64_x86_64%20-%2016%20-%20API%2036&app=com.anonymous.ecofit&clientid=DevLauncherBridgelessDevSupportManager
Nov 05, 2025 12:35:05 AM io.gapi.emulators.netty.NotFoundHandler handleRequest
INFO: Unknown request URI: /message?device=sdk_gphone64_x86_64%20-%2016%20-%20API%2036&app=com.anonymous.ecofit&clientid=DevLauncherBridgelessDevSupportManager
Nov 05, 2025 12:35:07 AM io.gapi.emulators.netty.NotFoundHandler handleRequest
INFO: Unknown request URI: /message?device=sdk_gphone64_x86_64%20-%2016%20-%20API%2036&app=com.anonymous.ecofit&clientid=DevLauncherBridgelessDevSupportManager
Nov 05, 2025 12:35:09 AM io.gapi.emulators.netty.NotFoundHandler handleRequest
INFO: Unknown request URI: /message?device=sdk_gphone64_x86_64%20-%2016%20-%20API%2036&app=com.anonymous.ecofit&clientid=DevLauncherBridgelessDevSupportManager
Nov 05, 2025 12:35:11 AM io.gapi.emulators.netty.NotFoundHandler handleRequest
INFO: Unknown request URI: /message?device=sdk_gphone64_x86_64%20-%2016%20-%20API%2036&app=com.anonymous.ecofit&clientid=DevLauncherBridgelessDevSupportManager
Nov 05, 2025 12:35:13 AM io.gapi.emulators.netty.NotFoundHandler handleRequest
INFO: Unknown request URI: /message?device=sdk_gphone64_x86_64%20-%2016%20-%20API%2036&app=com.anonymous.ecofit&clientid=DevLauncherBridgelessDevSupportManager
Nov 05, 2025 12:35:15 AM io.gapi.emulators.netty.NotFoundHandler handleRequest
INFO: Unknown request URI: /message?device=sdk_gphone64_x86_64%20-%2016%20-%20API%2036&app=com.anonymous.ecofit&clientid=DevLauncherBridgelessDevSupportManager
Nov 05, 2025 12:35:17 AM io.gapi.emulators.netty.NotFoundHandler handleRequest
INFO: Unknown request URI: /message?device=sdk_gphone64_x86_64%20-%2016%20-%20API%2036&app=com.anonymous.ecofit&clientid=DevLauncherBridgelessDevSupportManager
Nov 05, 2025 12:35:19 AM io.gapi.emulators.netty.NotFoundHandler handleRequest
INFO: Unknown request URI: /message?device=sdk_gphone64_x86_64%20-%2016%20-%20API%2036&app=com.anonymous.ecofit&clientid=DevLauncherBridgelessDevSupportManager
Nov 05, 2025 12:35:21 AM io.gapi.emulators.netty.NotFoundHandler handleRequest
INFO: Unknown request URI: /message?device=sdk_gphone64_x86_64%20-%2016%20-%20API%2036&app=com.anonymous.ecofit&clientid=DevLauncherBridgelessDevSupportManager
Nov 05, 2025 12:35:23 AM io.gapi.emulators.netty.NotFoundHandler handleRequest
INFO: Unknown request URI: /message?device=sdk_gphone64_x86_64%20-%2016%20-%20API%2036&app=com.anonymous.ecofit&clientid=DevLauncherBridgelessDevSupportManager
Nov 05, 2025 12:35:25 AM io.gapi.emulators.netty.NotFoundHandler handleRequest
INFO: Unknown request URI: /message?device=sdk_gphone64_x86_64%20-%2016%20-%20API%2036&app=com.anonymous.ecofit&clientid=DevLauncherBridgelessDevSupportManager
Nov 05, 2025 12:35:27 AM io.gapi.emulators.netty.NotFoundHandler handleRequest
INFO: Unknown request URI: /message?device=sdk_gphone64_x86_64%20-%2016%20-%20API%2036&app=com.anonymous.ecofit&clientid=DevLauncherBridgelessDevSupportManager
Nov 05, 2025 12:35:29 AM io.gapi.emulators.netty.NotFoundHandler handleRequest
INFO: Unknown request URI: /message?device=sdk_gphone64_x86_64%20-%2016%20-%20API%2036&app=com.anonymous.ecofit&clientid=DevLauncherBridgelessDevSupportManager
Nov 05, 2025 12:35:31 AM io.gapi.emulators.netty.NotFoundHandler handleRequest
INFO: Unknown request URI: /message?device=sdk_gphone64_x86_64%20-%2016%20-%20API%2036&app=com.anonymous.ecofit&clientid=DevLauncherBridgelessDevSupportManager
Nov 05, 2025 12:35:33 AM io.gapi.emulators.netty.NotFoundHandler handleRequest
INFO: Unknown request URI: /message?device=sdk_gphone64_x86_64%20-%2016%20-%20API%2036&app=com.anonymous.ecofit&clientid=DevLauncherBridgelessDevSupportManager
Nov 05, 2025 12:35:35 AM io.gapi.emulators.netty.NotFoundHandler handleRequest
INFO: Unknown request URI: /message?device=sdk_gphone64_x86_64%20-%2016%20-%20API%2036&app=com.anonymous.ecofit&clientid=DevLauncherBridgelessDevSupportManager
Nov 05, 2025 12:35:37 AM io.gapi.emulators.netty.NotFoundHandler handleRequest
INFO: Unknown request URI: /message?device=sdk_gphone64_x86_64%20-%2016%20-%20API%2036&app=com.anonymous.ecofit&clientid=DevLauncherBridgelessDevSupportManager
Nov 05, 2025 12:35:39 AM io.gapi.emulators.netty.NotFoundHandler handleRequest
INFO: Unknown request URI: /message?device=sdk_gphone64_x86_64%20-%2016%20-%20API%2036&app=com.anonymous.ecofit&clientid=DevLauncherBridgelessDevSupportManager
Nov 05, 2025 12:35:41 AM io.gapi.emulators.netty.NotFoundHandler handleRequest
INFO: Unknown request URI: /message?device=sdk_gphone64_x86_64%20-%2016%20-%20API%2036&app=com.anonymous.ecofit&clientid=DevLauncherBridgelessDevSupportManager
Nov 05, 2025 12:35:43 AM io.gapi.emulators.netty.NotFoundHandler handleRequest
INFO: Unknown request URI: /message?device=sdk_gphone64_x86_64%20-%2016%20-%20API%2036&app=com.anonymous.ecofit&clientid=DevLauncherBridgelessDevSupportManager
Nov 05, 2025 12:35:45 AM io.gapi.emulators.netty.NotFoundHandler handleRequest
INFO: Unknown request URI: /message?device=sdk_gphone64_x86_64%20-%2016%20-%20API%2036&app=com.anonymous.ecofit&clientid=DevLauncherBridgelessDevSupportManager
Nov 05, 2025 12:35:47 AM io.gapi.emulators.netty.NotFoundHandler handleRequest
INFO: Unknown request URI: /message?device=sdk_gphone64_x86_64%20-%2016%20-%20API%2036&app=com.anonymous.ecofit&clientid=DevLauncherBridgelessDevSupportManager
Nov 05, 2025 12:35:49 AM io.gapi.emulators.netty.NotFoundHandler handleRequest
INFO: Unknown request URI: /message?device=sdk_gphone64_x86_64%20-%2016%20-%20API%2036&app=com.anonymous.ecofit&clientid=DevLauncherBridgelessDevSupportManager
Nov 05, 2025 12:35:51 AM io.gapi.emulators.netty.NotFoundHandler handleRequest
INFO: Unknown request URI: /message?device=sdk_gphone64_x86_64%20-%2016%20-%20API%2036&app=com.anonymous.ecofit&clientid=DevLauncherBridgelessDevSupportManager
Nov 05, 2025 12:35:53 AM io.gapi.emulators.netty.NotFoundHandler handleRequest
INFO: Unknown request URI: /message?device=sdk_gphone64_x86_64%20-%2016%20-%20API%2036&app=com.anonymous.ecofit&clientid=DevLauncherBridgelessDevSupportManager
Nov 05, 2025 12:35:55 AM io.gapi.emulators.netty.NotFoundHandler handleRequest
INFO: Unknown request URI: /message?device=sdk_gphone64_x86_64%20-%2016%20-%20API%2036&app=com.anonymous.ecofit&clientid=DevLauncherBridgelessDevSupportManager
Nov 05, 2025 12:35:57 AM io.gapi.emulators.netty.NotFoundHandler handleRequest
INFO: Unknown request URI: /message?device=sdk_gphone64_x86_64%20-%2016%20-%20API%2036&app=com.anonymous.ecofit&clientid=DevLauncherBridgelessDevSupportManager
Nov 05, 2025 12:35:59 AM io.gapi.emulators.netty.NotFoundHandler handleRequest
INFO: Unknown request URI: /message?device=sdk_gphone64_x86_64%20-%2016%20-%20API%2036&app=com.anonymous.ecofit&clientid=DevLauncherBridgelessDevSupportManager
Nov 05, 2025 12:36:01 AM io.gapi.emulators.netty.NotFoundHandler handleRequest
INFO: Unknown request URI: /message?device=sdk_gphone64_x86_64%20-%2016%20-%20API%2036&app=com.anonymous.ecofit&clientid=DevLauncherBridgelessDevSupportManager
Nov 05, 2025 12:36:03 AM io.gapi.emulators.netty.NotFoundHandler handleRequest
INFO: Unknown request URI: /message?device=sdk_gphone64_x86_64%20-%2016%20-%20API%2036&app=com.anonymous.ecofit&clientid=DevLauncherBridgelessDevSupportManager
Nov 05, 2025 12:36:05 AM io.gapi.emulators.netty.NotFoundHandler handleRequest
INFO: Unknown request URI: /message?device=sdk_gphone64_x86_64%20-%2016%20-%20API%2036&app=com.anonymous.ecofit&clientid=DevLauncherBridgelessDevSupportManager
Nov 05, 2025 12:36:07 AM io.gapi.emulators.netty.NotFoundHandler handleRequest
INFO: Unknown request URI: /message?device=sdk_gphone64_x86_64%20-%2016%20-%20API%2036&app=com.anonymous.ecofit&clientid=DevLauncherBridgelessDevSupportManager
Nov 05, 2025 12:36:09 AM io.gapi.emulators.netty.NotFoundHandler handleRequest
INFO: Unknown request URI: /message?device=sdk_gphone64_x86_64%20-%2016%20-%20API%2036&app=com.anonymous.ecofit&clientid=DevLauncherBridgelessDevSupportManager
Nov 05, 2025 12:36:11 AM io.gapi.emulators.netty.NotFoundHandler handleRequest
INFO: Unknown request URI: /message?device=sdk_gphone64_x86_64%20-%2016%20-%20API%2036&app=com.anonymous.ecofit&clientid=DevLauncherBridgelessDevSupportManager
Nov 05, 2025 12:36:13 AM io.gapi.emulators.netty.NotFoundHandler handleRequest
INFO: Unknown request URI: /message?device=sdk_gphone64_x86_64%20-%2016%20-%20API%2036&app=com.anonymous.ecofit&clientid=DevLauncherBridgelessDevSupportManager
Nov 05, 2025 12:36:15 AM io.gapi.emulators.netty.NotFoundHandler handleRequest
INFO: Unknown request URI: /message?device=sdk_gphone64_x86_64%20-%2016%20-%20API%2036&app=com.anonymous.ecofit&clientid=DevLauncherBridgelessDevSupportManager
Nov 05, 2025 12:36:17 AM io.gapi.emulators.netty.NotFoundHandler handleRequest
INFO: Unknown request URI: /message?device=sdk_gphone64_x86_64%20-%2016%20-%20API%2036&app=com.anonymous.ecofit&clientid=DevLauncherBridgelessDevSupportManager
Nov 05, 2025 12:36:19 AM io.gapi.emulators.netty.NotFoundHandler handleRequest
INFO: Unknown request URI: /message?device=sdk_gphone64_x86_64%20-%2016%20-%20API%2036&app=com.anonymous.ecofit&clientid=DevLauncherBridgelessDevSupportManager
Nov 05, 2025 12:36:21 AM io.gapi.emulators.netty.NotFoundHandler handleRequest
INFO: Unknown request URI: /message?device=sdk_gphone64_x86_64%20-%2016%20-%20API%2036&app=com.anonymous.ecofit&clientid=DevLauncherBridgelessDevSupportManager
Nov 05, 2025 12:36:23 AM io.gapi.emulators.netty.NotFoundHandler handleRequest
INFO: Unknown request URI: /message?device=sdk_gphone64_x86_64%20-%2016%20-%20API%2036&app=com.anonymous.ecofit&clientid=DevLauncherBridgelessDevSupportManager
Nov 05, 2025 12:36:25 AM io.gapi.emulators.netty.NotFoundHandler handleRequest
INFO: Unknown request URI: /message?device=sdk_gphone64_x86_64%20-%2016%20-%20API%2036&app=com.anonymous.ecofit&clientid=DevLauncherBridgelessDevSupportManager
Nov 05, 2025 12:36:27 AM io.gapi.emulators.netty.NotFoundHandler handleRequest
INFO: Unknown request URI: /message?device=sdk_gphone64_x86_64%20-%2016%20-%20API%2036&app=com.anonymous.ecofit&clientid=DevLauncherBridgelessDevSupportManager
Nov 05, 2025 12:36:29 AM io.gapi.emulators.netty.NotFoundHandler handleRequest
INFO: Unknown request URI: /message?device=sdk_gphone64_x86_64%20-%2016%20-%20API%2036&app=com.anonymous.ecofit&clientid=DevLauncherBridgelessDevSupportManager
Nov 05, 2025 12:36:31 AM io.gapi.emulators.netty.NotFoundHandler handleRequest
INFO: Unknown request URI: /message?device=sdk_gphone64_x86_64%20-%2016%20-%20API%2036&app=com.anonymous.ecofit&clientid=DevLauncherBridgelessDevSupportManager
Nov 05, 2025 12:36:33 AM io.gapi.emulators.netty.NotFoundHandler handleRequest
INFO: Unknown request URI: /message?device=sdk_gphone64_x86_64%20-%2016%20-%20API%2036&app=com.anonymous.ecofit&clientid=DevLauncherBridgelessDevSupportManager
Nov 05, 2025 12:36:35 AM io.gapi.emulators.netty.NotFoundHandler handleRequest
INFO: Unknown request URI: /message?device=sdk_gphone64_x86_64%20-%2016%20-%20API%2036&app=com.anonymous.ecofit&clientid=DevLauncherBridgelessDevSupportManager
Nov 05, 2025 12:36:37 AM io.gapi.emulators.netty.NotFoundHandler handleRequest
INFO: Unknown request URI: /message?device=sdk_gphone64_x86_64%20-%2016%20-%20API%2036&app=com.anonymous.ecofit&clientid=DevLauncherBridgelessDevSupportManager
Nov 05, 2025 12:36:39 AM io.gapi.emulators.netty.NotFoundHandler handleRequest
INFO: Unknown request URI: /message?device=sdk_gphone64_x86_64%20-%2016%20-%20API%2036&app=com.anonymous.ecofit&clientid=DevLauncherBridgelessDevSupportManager
Nov 05, 2025 12:36:41 AM io.gapi.emulators.netty.NotFoundHandler handleRequest
INFO: Unknown request URI: /message?device=sdk_gphone64_x86_64%20-%2016%20-%20API%2036&app=com.anonymous.ecofit&clientid=DevLauncherBridgelessDevSupportManager
Nov 05, 2025 12:36:43 AM io.gapi.emulators.netty.NotFoundHandler handleRequest
INFO: Unknown request URI: /message?device=sdk_gphone64_x86_64%20-%2016%20-%20API%2036&app=com.anonymous.ecofit&clientid=DevLauncherBridgelessDevSupportManager
Nov 05, 2025 12:36:45 AM io.gapi.emulators.netty.NotFoundHandler handleRequest
INFO: Unknown request URI: /message?device=sdk_gphone64_x86_64%20-%2016%20-%20API%2036&app=com.anonymous.ecofit&clientid=DevLauncherBridgelessDevSupportManager
Nov 05, 2025 12:36:48 AM io.gapi.emulators.netty.NotFoundHandler handleRequest
INFO: Unknown request URI: /message?device=sdk_gphone64_x86_64%20-%2016%20-%20API%2036&app=com.anonymous.ecofit&clientid=DevLauncherBridgelessDevSupportManager
Nov 05, 2025 12:36:50 AM io.gapi.emulators.netty.NotFoundHandler handleRequest
INFO: Unknown request URI: /message?device=sdk_gphone64_x86_64%20-%2016%20-%20API%2036&app=com.anonymous.ecofit&clientid=DevLauncherBridgelessDevSupportManager
Nov 05, 2025 12:36:52 AM io.gapi.emulators.netty.NotFoundHandler handleRequest
INFO: Unknown request URI: /message?device=sdk_gphone64_x86_64%20-%2016%20-%20API%2036&app=com.anonymous.ecofit&clientid=DevLauncherBridgelessDevSupportManager
Nov 05, 2025 12:36:54 AM io.gapi.emulators.netty.NotFoundHandler handleRequest
INFO: Unknown request URI: /message?device=sdk_gphone64_x86_64%20-%2016%20-%20API%2036&app=com.anonymous.ecofit&clientid=DevLauncherBridgelessDevSupportManager
Nov 05, 2025 12:36:56 AM io.gapi.emulators.netty.NotFoundHandler handleRequest
INFO: Unknown request URI: /message?device=sdk_gphone64_x86_64%20-%2016%20-%20API%2036&app=com.anonymous.ecofit&clientid=DevLauncherBridgelessDevSupportManager
Nov 05, 2025 12:36:58 AM io.gapi.emulators.netty.NotFoundHandler handleRequest
INFO: Unknown request URI: /message?device=sdk_gphone64_x86_64%20-%2016%20-%20API%2036&app=com.anonymous.ecofit&clientid=DevLauncherBridgelessDevSupportManager
Nov 05, 2025 12:37:00 AM io.gapi.emulators.netty.NotFoundHandler handleRequest
INFO: Unknown request URI: /message?device=sdk_gphone64_x86_64%20-%2016%20-%20API%2036&app=com.anonymous.ecofit&clientid=DevLauncherBridgelessDevSupportManager
Nov 05, 2025 12:37:02 AM io.gapi.emulators.netty.NotFoundHandler handleRequest
INFO: Unknown request URI: /message?device=sdk_gphone64_x86_64%20-%2016%20-%20API%2036&app=com.anonymous.ecofit&clientid=DevLauncherBridgelessDevSupportManager
Nov 05, 2025 12:37:04 AM io.gapi.emulators.netty.NotFoundHandler handleRequest
INFO: Unknown request URI: /message?device=sdk_gphone64_x86_64%20-%2016%20-%20API%2036&app=com.anonymous.ecofit&clientid=DevLauncherBridgelessDevSupportManager
Nov 05, 2025 12:37:06 AM io.gapi.emulators.netty.NotFoundHandler handleRequest
INFO: Unknown request URI: /message?device=sdk_gphone64_x86_64%20-%2016%20-%20API%2036&app=com.anonymous.ecofit&clientid=DevLauncherBridgelessDevSupportManager
Nov 05, 2025 12:37:08 AM io.gapi.emulators.netty.NotFoundHandler handleRequest
INFO: Unknown request URI: /message?device=sdk_gphone64_x86_64%20-%2016%20-%20API%2036&app=com.anonymous.ecofit&clientid=DevLauncherBridgelessDevSupportManager
Nov 05, 2025 12:37:10 AM io.gapi.emulators.netty.NotFoundHandler handleRequest
INFO: Unknown request URI: /message?device=sdk_gphone64_x86_64%20-%2016%20-%20API%2036&app=com.anonymous.ecofit&clientid=DevLauncherBridgelessDevSupportManager
Nov 05, 2025 12:37:12 AM io.gapi.emulators.netty.NotFoundHandler handleRequest
INFO: Unknown request URI: /message?device=sdk_gphone64_x86_64%20-%2016%20-%20API%2036&app=com.anonymous.ecofit&clientid=DevLauncherBridgelessDevSupportManager
Nov 05, 2025 12:37:14 AM io.gapi.emulators.netty.NotFoundHandler handleRequest
INFO: Unknown request URI: /message?device=sdk_gphone64_x86_64%20-%2016%20-%20API%2036&app=com.anonymous.ecofit&clientid=DevLauncherBridgelessDevSupportManager
Nov 05, 2025 12:37:16 AM io.gapi.emulators.netty.NotFoundHandler handleRequest
INFO: Unknown request URI: /message?device=sdk_gphone64_x86_64%20-%2016%20-%20API%2036&app=com.anonymous.ecofit&clientid=DevLauncherBridgelessDevSupportManager
Nov 05, 2025 12:37:18 AM io.gapi.emulators.netty.NotFoundHandler handleRequest
INFO: Unknown request URI: /message?device=sdk_gphone64_x86_64%20-%2016%20-%20API%2036&app=com.anonymous.ecofit&clientid=DevLauncherBridgelessDevSupportManager
Nov 05, 2025 12:37:20 AM io.gapi.emulators.netty.NotFoundHandler handleRequest
INFO: Unknown request URI: /message?device=sdk_gphone64_x86_64%20-%2016%20-%20API%2036&app=com.anonymous.ecofit&clientid=DevLauncherBridgelessDevSupportManager
Nov 05, 2025 12:37:22 AM io.gapi.emulators.netty.NotFoundHandler handleRequest
INFO: Unknown request URI: /message?device=sdk_gphone64_x86_64%20-%2016%20-%20API%2036&app=com.anonymous.ecofit&clientid=DevLauncherBridgelessDevSupportManager
Nov 05, 2025 12:37:24 AM io.gapi.emulators.netty.NotFoundHandler handleRequest
INFO: Unknown request URI: /message?device=sdk_gphone64_x86_64%20-%2016%20-%20API%2036&app=com.anonymous.ecofit&clientid=DevLauncherBridgelessDevSupportManager
Nov 05, 2025 12:37:26 AM io.gapi.emulators.netty.NotFoundHandler handleRequest
INFO: Unknown request URI: /message?device=sdk_gphone64_x86_64%20-%2016%20-%20API%2036&app=com.anonymous.ecofit&clientid=DevLauncherBridgelessDevSupportManager
Nov 05, 2025 12:37:28 AM io.gapi.emulators.netty.NotFoundHandler handleRequest
INFO: Unknown request URI: /message?device=sdk_gphone64_x86_64%20-%2016%20-%20API%2036&app=com.anonymous.ecofit&clientid=DevLauncherBridgelessDevSupportManager
Nov 05, 2025 12:37:30 AM io.gapi.emulators.netty.NotFoundHandler handleRequest
INFO: Unknown request URI: /message?device=sdk_gphone64_x86_64%20-%2016%20-%20API%2036&app=com.anonymous.ecofit&clientid=DevLauncherBridgelessDevSupportManager
Nov 05, 2025 12:37:32 AM io.gapi.emulators.netty.NotFoundHandler handleRequest
INFO: Unknown request URI: /message?device=sdk_gphone64_x86_64%20-%2016%20-%20API%2036&app=com.anonymous.ecofit&clientid=DevLauncherBridgelessDevSupportManager
Nov 05, 2025 12:37:34 AM io.gapi.emulators.netty.NotFoundHandler handleRequest
INFO: Unknown request URI: /message?device=sdk_gphone64_x86_64%20-%2016%20-%20API%2036&app=com.anonymous.ecofit&clientid=DevLauncherBridgelessDevSupportManager
Nov 05, 2025 12:37:36 AM io.gapi.emulators.netty.NotFoundHandler handleRequest
INFO: Unknown request URI: /message?device=sdk_gphone64_x86_64%20-%2016%20-%20API%2036&app=com.anonymous.ecofit&clientid=DevLauncherBridgelessDevSupportManager
Nov 05, 2025 12:37:38 AM io.gapi.emulators.netty.NotFoundHandler handleRequest
INFO: Unknown request URI: /message?device=sdk_gphone64_x86_64%20-%2016%20-%20API%2036&app=com.anonymous.ecofit&clientid=DevLauncherBridgelessDevSupportManager
Nov 05, 2025 12:37:40 AM io.gapi.emulators.netty.NotFoundHandler handleRequest
INFO: Unknown request URI: /message?device=sdk_gphone64_x86_64%20-%2016%20-%20API%2036&app=com.anonymous.ecofit&clientid=DevLauncherBridgelessDevSupportManager
Nov 05, 2025 12:37:42 AM io.gapi.emulators.netty.NotFoundHandler handleRequest
INFO: Unknown request URI: /message?device=sdk_gphone64_x86_64%20-%2016%20-%20API%2036&app=com.anonymous.ecofit&clientid=DevLauncherBridgelessDevSupportManager
Nov 05, 2025 12:37:44 AM io.gapi.emulators.netty.NotFoundHandler handleRequest
INFO: Unknown request URI: /message?device=sdk_gphone64_x86_64%20-%2016%20-%20API%2036&app=com.anonymous.ecofit&clientid=DevLauncherBridgelessDevSupportManager
Nov 05, 2025 12:37:46 AM io.gapi.emulators.netty.NotFoundHandler handleRequest
INFO: Unknown request URI: /message?device=sdk_gphone64_x86_64%20-%2016%20-%20API%2036&app=com.anonymous.ecofit&clientid=DevLauncherBridgelessDevSupportManager
Nov 05, 2025 12:37:48 AM io.gapi.emulators.netty.NotFoundHandler handleRequest
INFO: Unknown request URI: /message?device=sdk_gphone64_x86_64%20-%2016%20-%20API%2036&app=com.anonymous.ecofit&clientid=DevLauncherBridgelessDevSupportManager
Nov 05, 2025 12:37:50 AM io.gapi.emulators.netty.NotFoundHandler handleRequest
INFO: Unknown request URI: /message?device=sdk_gphone64_x86_64%20-%2016%20-%20API%2036&app=com.anonymous.ecofit&clientid=DevLauncherBridgelessDevSupportManager
Nov 05, 2025 12:37:52 AM io.gapi.emulators.netty.NotFoundHandler handleRequest
INFO: Unknown request URI: /message?device=sdk_gphone64_x86_64%20-%2016%20-%20API%2036&app=com.anonymous.ecofit&clientid=DevLauncherBridgelessDevSupportManager
Nov 05, 2025 12:37:54 AM io.gapi.emulators.netty.NotFoundHandler handleRequest
INFO: Unknown request URI: /message?device=sdk_gphone64_x86_64%20-%2016%20-%20API%2036&app=com.anonymous.ecofit&clientid=DevLauncherBridgelessDevSupportManager
Nov 05, 2025 12:37:56 AM io.gapi.emulators.netty.NotFoundHandler handleRequest
INFO: Unknown request URI: /message?device=sdk_gphone64_x86_64%20-%2016%20-%20API%2036&app=com.anonymous.ecofit&clientid=DevLauncherBridgelessDevSupportManager
Nov 05, 2025 12:37:58 AM io.gapi.emulators.netty.NotFoundHandler handleRequest
INFO: Unknown request URI: /message?device=sdk_gphone64_x86_64%20-%2016%20-%20API%2036&app=com.anonymous.ecofit&clientid=DevLauncherBridgelessDevSupportManager
Nov 05, 2025 12:38:00 AM io.gapi.emulators.netty.NotFoundHandler handleRequest
INFO: Unknown request URI: /message?device=sdk_gphone64_x86_64%20-%2016%20-%20API%2036&app=com.anonymous.ecofit&clientid=DevLauncherBridgelessDevSupportManager
Nov 05, 2025 12:38:02 AM io.gapi.emulators.netty.NotFoundHandler handleRequest
INFO: Unknown request URI: /message?device=sdk_gphone64_x86_64%20-%2016%20-%20API%2036&app=com.anonymous.ecofit&clientid=DevLauncherBridgelessDevSupportManager
Nov 05, 2025 12:38:04 AM io.gapi.emulators.netty.NotFoundHandler handleRequest
INFO: Unknown request URI: /message?device=sdk_gphone64_x86_64%20-%2016%20-%20API%2036&app=com.anonymous.ecofit&clientid=DevLauncherBridgelessDevSupportManager
Nov 05, 2025 12:38:06 AM io.gapi.emulators.netty.NotFoundHandler handleRequest
INFO: Unknown request URI: /message?device=sdk_gphone64_x86_64%20-%2016%20-%20API%2036&app=com.anonymous.ecofit&clientid=DevLauncherBridgelessDevSupportManager
Nov 05, 2025 12:38:08 AM io.gapi.emulators.netty.NotFoundHandler handleRequest
INFO: Unknown request URI: /message?device=sdk_gphone64_x86_64%20-%2016%20-%20API%2036&app=com.anonymous.ecofit&clientid=DevLauncherBridgelessDevSupportManager
Nov 05, 2025 12:38:10 AM io.gapi.emulators.netty.NotFoundHandler handleRequest
INFO: Unknown request URI: /message?device=sdk_gphone64_x86_64%20-%2016%20-%20API%2036&app=com.anonymous.ecofit&clientid=DevLauncherBridgelessDevSupportManager
Nov 05, 2025 12:38:12 AM io.gapi.emulators.netty.NotFoundHandler handleRequest
INFO: Unknown request URI: /message?device=sdk_gphone64_x86_64%20-%2016%20-%20API%2036&app=com.anonymous.ecofit&clientid=DevLauncherBridgelessDevSupportManager
Nov 05, 2025 12:38:14 AM io.gapi.emulators.netty.NotFoundHandler handleRequest
INFO: Unknown request URI: /message?device=sdk_gphone64_x86_64%20-%2016%20-%20API%2036&app=com.anonymous.ecofit&clientid=DevLauncherBridgelessDevSupportManager
Nov 05, 2025 12:38:16 AM io.gapi.emulators.netty.NotFoundHandler handleRequest
INFO: Unknown request URI: /message?device=sdk_gphone64_x86_64%20-%2016%20-%20API%2036&app=com.anonymous.ecofit&clientid=DevLauncherBridgelessDevSupportManager
Nov 05, 2025 12:38:18 AM io.gapi.emulators.netty.NotFoundHandler handleRequest
INFO: Unknown request URI: /message?device=sdk_gphone64_x86_64%20-%2016%20-%20API%2036&app=com.anonymous.ecofit&clientid=DevLauncherBridgelessDevSupportManager
Nov 05, 2025 12:38:20 AM io.gapi.emulators.netty.NotFoundHandler handleRequest
INFO: Unknown request URI: /message?device=sdk_gphone64_x86_64%20-%2016%20-%20API%2036&app=com.anonymous.ecofit&clientid=DevLauncherBridgelessDevSupportManager
Nov 05, 2025 12:38:22 AM io.gapi.emulators.netty.NotFoundHandler handleRequest
INFO: Unknown request URI: /message?device=sdk_gphone64_x86_64%20-%2016%20-%20API%2036&app=com.anonymous.ecofit&clientid=DevLauncherBridgelessDevSupportManager
Nov 05, 2025 12:38:24 AM io.gapi.emulators.netty.NotFoundHandler handleRequest
INFO: Unknown request URI: /message?device=sdk_gphone64_x86_64%20-%2016%20-%20API%2036&app=com.anonymous.ecofit&clientid=DevLauncherBridgelessDevSupportManager
Nov 05, 2025 12:38:26 AM io.gapi.emulators.netty.NotFoundHandler handleRequest
INFO: Unknown request URI: /message?device=sdk_gphone64_x86_64%20-%2016%20-%20API%2036&app=com.anonymous.ecofit&clientid=DevLauncherBridgelessDevSupportManager
Nov 05, 2025 12:38:28 AM io.gapi.emulators.netty.NotFoundHandler handleRequest
INFO: Unknown request URI: /message?device=sdk_gphone64_x86_64%20-%2016%20-%20API%2036&app=com.anonymous.ecofit&clientid=DevLauncherBridgelessDevSupportManager
Nov 05, 2025 12:38:30 AM io.gapi.emulators.netty.NotFoundHandler handleRequest
INFO: Unknown request URI: /message?device=sdk_gphone64_x86_64%20-%2016%20-%20API%2036&app=com.anonymous.ecofit&clientid=DevLauncherBridgelessDevSupportManager
Nov 05, 2025 12:38:32 AM io.gapi.emulators.netty.NotFoundHandler handleRequest
INFO: Unknown request URI: /message?device=sdk_gphone64_x86_64%20-%2016%20-%20API%2036&app=com.anonymous.ecofit&clientid=DevLauncherBridgelessDevSupportManager
Nov 05, 2025 12:38:34 AM io.gapi.emulators.netty.NotFoundHandler handleRequest
INFO: Unknown request URI: /message?device=sdk_gphone64_x86_64%20-%2016%20-%20API%2036&app=com.anonymous.ecofit&clientid=DevLauncherBridgelessDevSupportManager
Nov 05, 2025 12:38:36 AM io.gapi.emulators.netty.NotFoundHandler handleRequest
INFO: Unknown request URI: /message?device=sdk_gphone64_x86_64%20-%2016%20-%20API%2036&app=com.anonymous.ecofit&clientid=DevLauncherBridgelessDevSupportManager
Nov 05, 2025 12:38:38 AM io.gapi.emulators.netty.NotFoundHandler handleRequest
INFO: Unknown request URI: /message?device=sdk_gphone64_x86_64%20-%2016%20-%20API%2036&app=com.anonymous.ecofit&clientid=DevLauncherBridgelessDevSupportManager
Nov 05, 2025 12:38:40 AM io.gapi.emulators.netty.NotFoundHandler handleRequest
INFO: Unknown request URI: /message?device=sdk_gphone64_x86_64%20-%2016%20-%20API%2036&app=com.anonymous.ecofit&clientid=DevLauncherBridgelessDevSupportManager
Nov 05, 2025 12:38:42 AM io.gapi.emulators.netty.NotFoundHandler handleRequest
INFO: Unknown request URI: /message?device=sdk_gphone64_x86_64%20-%2016%20-%20API%2036&app=com.anonymous.ecofit&clientid=DevLauncherBridgelessDevSupportManager
Nov 05, 2025 12:38:44 AM io.gapi.emulators.netty.NotFoundHandler handleRequest
INFO: Unknown request URI: /message?device=sdk_gphone64_x86_64%20-%2016%20-%20API%2036&app=com.anonymous.ecofit&clientid=DevLauncherBridgelessDevSupportManager
Nov 05, 2025 12:38:46 AM io.gapi.emulators.netty.NotFoundHandler handleRequest
INFO: Unknown request URI: /message?device=sdk_gphone64_x86_64%20-%2016%20-%20API%2036&app=com.anonymous.ecofit&clientid=DevLauncherBridgelessDevSupportManager
Nov 05, 2025 12:38:48 AM io.gapi.emulators.netty.NotFoundHandler handleRequest
INFO: Unknown request URI: /message?device=sdk_gphone64_x86_64%20-%2016%20-%20API%2036&app=com.anonymous.ecofit&clientid=DevLauncherBridgelessDevSupportManager
Nov 05, 2025 12:38:50 AM io.gapi.emulators.netty.NotFoundHandler handleRequest
INFO: Unknown request URI: /message?device=sdk_gphone64_x86_64%20-%2016%20-%20API%2036&app=com.anonymous.ecofit&clientid=DevLauncherBridgelessDevSupportManager
Nov 05, 2025 12:38:52 AM io.gapi.emulators.netty.NotFoundHandler handleRequest
INFO: Unknown request URI: /message?device=sdk_gphone64_x86_64%20-%2016%20-%20API%2036&app=com.anonymous.ecofit&clientid=DevLauncherBridgelessDevSupportManager
Nov 05, 2025 12:38:54 AM io.gapi.emulators.netty.NotFoundHandler handleRequest
INFO: Unknown request URI: /message?device=sdk_gphone64_x86_64%20-%2016%20-%20API%2036&app=com.anonymous.ecofit&clientid=DevLauncherBridgelessDevSupportManager
Nov 05, 2025 12:38:56 AM io.gapi.emulators.netty.NotFoundHandler handleRequest
INFO: Unknown request URI: /message?device=sdk_gphone64_x86_64%20-%2016%20-%20API%2036&app=com.anonymous.ecofit&clientid=DevLauncherBridgelessDevSupportManager
Nov 05, 2025 12:38:58 AM io.gapi.emulators.netty.NotFoundHandler handleRequest
INFO: Unknown request URI: /message?device=sdk_gphone64_x86_64%20-%2016%20-%20API%2036&app=com.anonymous.ecofit&clientid=DevLauncherBridgelessDevSupportManager
Nov 05, 2025 12:39:00 AM io.gapi.emulators.netty.NotFoundHandler handleRequest
INFO: Unknown request URI: /message?device=sdk_gphone64_x86_64%20-%2016%20-%20API%2036&app=com.anonymous.ecofit&clientid=DevLauncherBridgelessDevSupportManager
Nov 05, 2025 12:39:02 AM io.gapi.emulators.netty.NotFoundHandler handleRequest
INFO: Unknown request URI: /message?device=sdk_gphone64_x86_64%20-%2016%20-%20API%2036&app=com.anonymous.ecofit&clientid=DevLauncherBridgelessDevSupportManager
Nov 05, 2025 12:39:04 AM io.gapi.emulators.netty.NotFoundHandler handleRequest
INFO: Unknown request URI: /message?device=sdk_gphone64_x86_64%20-%2016%20-%20API%2036&app=com.anonymous.ecofit&clientid=DevLauncherBridgelessDevSupportManager
Nov 05, 2025 12:39:06 AM io.gapi.emulators.netty.NotFoundHandler handleRequest
INFO: Unknown request URI: /message?device=sdk_gphone64_x86_64%20-%2016%20-%20API%2036&app=com.anonymous.ecofit&clientid=DevLauncherBridgelessDevSupportManager
Nov 05, 2025 12:39:08 AM io.gapi.emulators.netty.NotFoundHandler handleRequest
INFO: Unknown request URI: /message?device=sdk_gphone64_x86_64%20-%2016%20-%20API%2036&app=com.anonymous.ecofit&clientid=DevLauncherBridgelessDevSupportManager
Nov 05, 2025 12:39:10 AM io.gapi.emulators.netty.NotFoundHandler handleRequest
INFO: Unknown request URI: /message?device=sdk_gphone64_x86_64%20-%2016%20-%20API%2036&app=com.anonymous.ecofit&clientid=DevLauncherBridgelessDevSupportManager
Nov 05, 2025 12:39:12 AM io.gapi.emulators.netty.NotFoundHandler handleRequest
INFO: Unknown request URI: /message?device=sdk_gphone64_x86_64%20-%2016%20-%20API%2036&app=com.anonymous.ecofit&clientid=DevLauncherBridgelessDevSupportManager
Nov 05, 2025 12:39:14 AM io.gapi.emulators.netty.NotFoundHandler handleRequest
INFO: Unknown request URI: /message?device=sdk_gphone64_x86_64%20-%2016%20-%20API%2036&app=com.anonymous.ecofit&clientid=DevLauncherBridgelessDevSupportManager
Nov 05, 2025 12:39:16 AM io.gapi.emulators.netty.NotFoundHandler handleRequest
INFO: Unknown request URI: /message?device=sdk_gphone64_x86_64%20-%2016%20-%20API%2036&app=com.anonymous.ecofit&clientid=DevLauncherBridgelessDevSupportManager
Nov 05, 2025 12:39:18 AM io.gapi.emulators.netty.NotFoundHandler handleRequest
INFO: Unknown request URI: /message?device=sdk_gphone64_x86_64%20-%2016%20-%20API%2036&app=com.anonymous.ecofit&clientid=DevLauncherBridgelessDevSupportManager
Nov 05, 2025 12:39:20 AM io.gapi.emulators.netty.NotFoundHandler handleRequest
INFO: Unknown request URI: /message?device=sdk_gphone64_x86_64%20-%2016%20-%20API%2036&app=com.anonymous.ecofit&clientid=DevLauncherBridgelessDevSupportManager
Nov 05, 2025 12:39:22 AM io.gapi.emulators.netty.NotFoundHandler handleRequest
INFO: Unknown request URI: /message?device=sdk_gphone64_x86_64%20-%2016%20-%20API%2036&app=com.anonymous.ecofit&clientid=DevLauncherBridgelessDevSupportManager
Nov 05, 2025 12:39:24 AM io.gapi.emulators.netty.NotFoundHandler handleRequest
INFO: Unknown request URI: /message?device=sdk_gphone64_x86_64%20-%2016%20-%20API%2036&app=com.anonymous.ecofit&clientid=DevLauncherBridgelessDevSupportManager
Nov 05, 2025 12:39:26 AM io.gapi.emulators.netty.NotFoundHandler handleRequest
INFO: Unknown request URI: /message?device=sdk_gphone64_x86_64%20-%2016%20-%20API%2036&app=com.anonymous.ecofit&clientid=DevLauncherBridgelessDevSupportManager
Nov 05, 2025 12:39:28 AM io.gapi.emulators.netty.NotFoundHandler handleRequest
INFO: Unknown request URI: /message?device=sdk_gphone64_x86_64%20-%2016%20-%20API%2036&app=com.anonymous.ecofit&clientid=DevLauncherBridgelessDevSupportManager
Nov 05, 2025 12:39:30 AM io.gapi.emulators.netty.NotFoundHandler handleRequest
INFO: Unknown request URI: /message?device=sdk_gphone64_x86_64%20-%2016%20-%20API%2036&app=com.anonymous.ecofit&clientid=DevLauncherBridgelessDevSupportManager
Nov 05, 2025 12:39:32 AM io.gapi.emulators.netty.NotFoundHandler handleRequest
INFO: Unknown request URI: /message?device=sdk_gphone64_x86_64%20-%2016%20-%20API%2036&app=com.anonymous.ecofit&clientid=DevLauncherBridgelessDevSupportManager
Nov 05, 2025 12:39:34 AM io.gapi.emulators.netty.NotFoundHandler handleRequest
INFO: Unknown request URI: /message?device=sdk_gphone64_x86_64%20-%2016%20-%20API%2036&app=com.anonymous.ecofit&clientid=DevLauncherBridgelessDevSupportManager
Nov 05, 2025 12:39:36 AM io.gapi.emulators.netty.NotFoundHandler handleRequest
INFO: Unknown request URI: /message?device=sdk_gphone64_x86_64%20-%2016%20-%20API%2036&app=com.anonymous.ecofit&clientid=DevLauncherBridgelessDevSupportManager
Nov 05, 2025 12:39:38 AM io.gapi.emulators.netty.NotFoundHandler handleRequest
INFO: Unknown request URI: /message?device=sdk_gphone64_x86_64%20-%2016%20-%20API%2036&app=com.anonymous.ecofit&clientid=DevLauncherBridgelessDevSupportManager
Nov 05, 2025 12:39:40 AM io.gapi.emulators.netty.NotFoundHandler handleRequest
INFO: Unknown request URI: /message?device=sdk_gphone64_x86_64%20-%2016%20-%20API%2036&app=com.anonymous.ecofit&clientid=DevLauncherBridgelessDevSupportManager
Nov 05, 2025 12:39:42 AM io.gapi.emulators.netty.NotFoundHandler handleRequest
INFO: Unknown request URI: /message?device=sdk_gphone64_x86_64%20-%2016%20-%20API%2036&app=com.anonymous.ecofit&clientid=DevLauncherBridgelessDevSupportManager
Nov 05, 2025 12:39:44 AM io.gapi.emulators.netty.NotFoundHandler handleRequest
INFO: Unknown request URI: /message?device=sdk_gphone64_x86_64%20-%2016%20-%20API%2036&app=com.anonymous.ecofit&clientid=DevLauncherBridgelessDevSupportManager
Nov 05, 2025 12:39:46 AM io.gapi.emulators.netty.NotFoundHandler handleRequest
INFO: Unknown request URI: /message?device=sdk_gphone64_x86_64%20-%2016%20-%20API%2036&app=com.anonymous.ecofit&clientid=DevLauncherBridgelessDevSupportManager
Nov 05, 2025 12:39:48 AM io.gapi.emulators.netty.NotFoundHandler handleRequest
INFO: Unknown request URI: /message?device=sdk_gphone64_x86_64%20-%2016%20-%20API%2036&app=com.anonymous.ecofit&clientid=DevLauncherBridgelessDevSupportManager
Nov 05, 2025 12:39:50 AM io.gapi.emulators.netty.NotFoundHandler handleRequest
INFO: Unknown request URI: /message?device=sdk_gphone64_x86_64%20-%2016%20-%20API%2036&app=com.anonymous.ecofit&clientid=DevLauncherBridgelessDevSupportManager
Nov 05, 2025 12:39:52 AM io.gapi.emulators.netty.NotFoundHandler handleRequest
INFO: Unknown request URI: /message?device=sdk_gphone64_x86_64%20-%2016%20-%20API%2036&app=com.anonymous.ecofit&clientid=DevLauncherBridgelessDevSupportManager
Nov 05, 2025 12:39:54 AM io.gapi.emulators.netty.NotFoundHandler handleRequest
INFO: Unknown request URI: /message?device=sdk_gphone64_x86_64%20-%2016%20-%20API%2036&app=com.anonymous.ecofit&clientid=DevLauncherBridgelessDevSupportManager
Nov 05, 2025 12:39:56 AM io.gapi.emulators.netty.NotFoundHandler handleRequest
INFO: Unknown request URI: /message?device=sdk_gphone64_x86_64%20-%2016%20-%20API%2036&app=com.anonymous.ecofit&clientid=DevLauncherBridgelessDevSupportManager
Nov 05, 2025 12:39:58 AM io.gapi.emulators.netty.NotFoundHandler handleRequest
INFO: Unknown request URI: /message?device=sdk_gphone64_x86_64%20-%2016%20-%20API%2036&app=com.anonymous.ecofit&clientid=DevLauncherBridgelessDevSupportManager
Nov 05, 2025 12:40:00 AM io.gapi.emulators.netty.NotFoundHandler handleRequest
INFO: Unknown request URI: /message?device=sdk_gphone64_x86_64%20-%2016%20-%20API%2036&app=com.anonymous.ecofit&clientid=DevLauncherBridgelessDevSupportManager
Nov 05, 2025 12:40:02 AM io.gapi.emulators.netty.NotFoundHandler handleRequest
INFO: Unknown request URI: /message?device=sdk_gphone64_x86_64%20-%2016%20-%20API%2036&app=com.anonymous.ecofit&clientid=DevLauncherBridgelessDevSupportManager
Nov 05, 2025 12:40:04 AM io.gapi.emulators.netty.NotFoundHandler handleRequest
INFO: Unknown request URI: /message?device=sdk_gphone64_x86_64%20-%2016%20-%20API%2036&app=com.anonymous.ecofit&clientid=DevLauncherBridgelessDevSupportManager
Nov 05, 2025 12:40:06 AM io.gapi.emulators.netty.NotFoundHandler handleRequest
INFO: Unknown request URI: /message?device=sdk_gphone64_x86_64%20-%2016%20-%20API%2036&app=com.anonymous.ecofit&clientid=DevLauncherBridgelessDevSupportManager
Nov 05, 2025 12:40:08 AM io.gapi.emulators.netty.NotFoundHandler handleRequest
INFO: Unknown request URI: /message?device=sdk_gphone64_x86_64%20-%2016%20-%20API%2036&app=com.anonymous.ecofit&clientid=DevLauncherBridgelessDevSupportManager
Nov 05, 2025 12:40:10 AM io.gapi.emulators.netty.NotFoundHandler handleRequest
INFO: Unknown request URI: /message?device=sdk_gphone64_x86_64%20-%2016%20-%20API%2036&app=com.anonymous.ecofit&clientid=DevLauncherBridgelessDevSupportManager
Nov 05, 2025 12:40:12 AM io.gapi.emulators.netty.NotFoundHandler handleRequest
INFO: Unknown request URI: /message?device=sdk_gphone64_x86_64%20-%2016%20-%20API%2036&app=com.anonymous.ecofit&clientid=DevLauncherBridgelessDevSupportManager
Nov 05, 2025 12:40:14 AM io.gapi.emulators.netty.NotFoundHandler handleRequest
INFO: Unknown request URI: /message?device=sdk_gphone64_x86_64%20-%2016%20-%20API%2036&app=com.anonymous.ecofit&clientid=DevLauncherBridgelessDevSupportManager
Nov 05, 2025 12:40:16 AM io.gapi.emulators.netty.NotFoundHandler handleRequest
INFO: Unknown request URI: /message?device=sdk_gphone64_x86_64%20-%2016%20-%20API%2036&app=com.anonymous.ecofit&clientid=DevLauncherBridgelessDevSupportManager
Nov 05, 2025 12:40:18 AM io.gapi.emulators.netty.NotFoundHandler handleRequest
INFO: Unknown request URI: /message?device=sdk_gphone64_x86_64%20-%2016%20-%20API%2036&app=com.anonymous.ecofit&clientid=DevLauncherBridgelessDevSupportManager
Nov 05, 2025 12:40:20 AM io.gapi.emulators.netty.NotFoundHandler handleRequest
INFO: Unknown request URI: /message?device=sdk_gphone64_x86_64%20-%2016%20-%20API%2036&app=com.anonymous.ecofit&clientid=DevLauncherBridgelessDevSupportManager
Nov 05, 2025 12:40:22 AM io.gapi.emulators.netty.NotFoundHandler handleRequest
INFO: Unknown request URI: /message?device=sdk_gphone64_x86_64%20-%2016%20-%20API%2036&app=com.anonymous.ecofit&clientid=DevLauncherBridgelessDevSupportManager
Nov 05, 2025 12:40:24 AM io.gapi.emulators.netty.NotFoundHandler handleRequest
INFO: Unknown request URI: /message?device=sdk_gphone64_x86_64%20-%2016%20-%20API%2036&app=com.anonymous.ecofit&clientid=DevLauncherBridgelessDevSupportManager
Nov 05, 2025 12:40:26 AM io.gapi.emulators.netty.NotFoundHandler handleRequest
INFO: Unknown request URI: /message?device=sdk_gphone64_x86_64%20-%2016%20-%20API%2036&app=com.anonymous.ecofit&clientid=DevLauncherBridgelessDevSupportManager
Nov 05, 2025 12:40:28 AM io.gapi.emulators.netty.NotFoundHandler handleRequest
INFO: Unknown request URI: /message?device=sdk_gphone64_x86_64%20-%2016%20-%20API%2036&app=com.anonymous.ecofit&clientid=DevLauncherBridgelessDevSupportManager
Nov 05, 2025 12:40:30 AM io.gapi.emulators.netty.NotFoundHandler handleRequest
INFO: Unknown request URI: /message?device=sdk_gphone64_x86_64%20-%2016%20-%20API%2036&app=com.anonymous.ecofit&clientid=DevLauncherBridgelessDevSupportManager
Nov 05, 2025 12:40:32 AM io.gapi.emulators.netty.NotFoundHandler handleRequest
INFO: Unknown request URI: /message?device=sdk_gphone64_x86_64%20-%2016%20-%20API%2036&app=com.anonymous.ecofit&clientid=DevLauncherBridgelessDevSupportManager
Nov 05, 2025 12:40:34 AM io.gapi.emulators.netty.NotFoundHandler handleRequest
INFO: Unknown request URI: /message?device=sdk_gphone64_x86_64%20-%2016%20-%20API%2036&app=com.anonymous.ecofit&clientid=DevLauncherBridgelessDevSupportManager
Nov 05, 2025 12:40:36 AM io.gapi.emulators.netty.NotFoundHandler handleRequest
INFO: Unknown request URI: /message?device=sdk_gphone64_x86_64%20-%2016%20-%20API%2036&app=com.anonymous.ecofit&clientid=DevLauncherBridgelessDevSupportManager
Nov 05, 2025 12:40:38 AM io.gapi.emulators.netty.NotFoundHandler handleRequest
INFO: Unknown request URI: /message?device=sdk_gphone64_x86_64%20-%2016%20-%20API%2036&app=com.anonymous.ecofit&clientid=DevLauncherBridgelessDevSupportManager
Nov 05, 2025 12:40:40 AM io.gapi.emulators.netty.NotFoundHandler handleRequest
INFO: Unknown request URI: /message?device=sdk_gphone64_x86_64%20-%2016%20-%20API%2036&app=com.anonymous.ecofit&clientid=DevLauncherBridgelessDevSupportManager
Nov 05, 2025 12:40:42 AM io.gapi.emulators.netty.NotFoundHandler handleRequest
INFO: Unknown request URI: /message?device=sdk_gphone64_x86_64%20-%2016%20-%20API%2036&app=com.anonymous.ecofit&clientid=DevLauncherBridgelessDevSupportManager
Nov 05, 2025 12:40:44 AM io.gapi.emulators.netty.NotFoundHandler handleRequest
INFO: Unknown request URI: /message?device=sdk_gphone64_x86_64%20-%2016%20-%20API%2036&app=com.anonymous.ecofit&clientid=DevLauncherBridgelessDevSupportManager
Nov 05, 2025 12:40:46 AM io.gapi.emulators.netty.NotFoundHandler handleRequest
INFO: Unknown request URI: /message?device=sdk_gphone64_x86_64%20-%2016%20-%20API%2036&app=com.anonymous.ecofit&clientid=DevLauncherBridgelessDevSupportManager
Nov 05, 2025 12:40:48 AM io.gapi.emulators.netty.NotFoundHandler handleRequest
INFO: Unknown request URI: /message?device=sdk_gphone64_x86_64%20-%2016%20-%20API%2036&app=com.anonymous.ecofit&clientid=DevLauncherBridgelessDevSupportManager
Nov 05, 2025 12:40:50 AM io.gapi.emulators.netty.NotFoundHandler handleRequest
INFO: Unknown request URI: /message?device=sdk_gphone64_x86_64%20-%2016%20-%20API%2036&app=com.anonymous.ecofit&clientid=DevLauncherBridgelessDevSupportManager
Nov 05, 2025 12:40:52 AM io.gapi.emulators.netty.NotFoundHandler handleRequest
INFO: Unknown request URI: /message?device=sdk_gphone64_x86_64%20-%2016%20-%20API%2036&app=com.anonymous.ecofit&clientid=DevLauncherBridgelessDevSupportManager
Nov 05, 2025 12:40:54 AM io.gapi.emulators.netty.NotFoundHandler handleRequest
INFO: Unknown request URI: /message?device=sdk_gphone64_x86_64%20-%2016%20-%20API%2036&app=com.anonymous.ecofit&clientid=DevLauncherBridgelessDevSupportManager
Nov 05, 2025 12:40:56 AM io.gapi.emulators.netty.NotFoundHandler handleRequest
INFO: Unknown request URI: /message?device=sdk_gphone64_x86_64%20-%2016%20-%20API%2036&app=com.anonymous.ecofit&clientid=DevLauncherBridgelessDevSupportManager
Nov 05, 2025 12:40:58 AM io.gapi.emulators.netty.NotFoundHandler handleRequest
INFO: Unknown request URI: /message?device=sdk_gphone64_x86_64%20-%2016%20-%20API%2036&app=com.anonymous.ecofit&clientid=DevLauncherBridgelessDevSupportManager
Nov 05, 2025 12:41:00 AM io.gapi.emulators.netty.NotFoundHandler handleRequest
INFO: Unknown request URI: /message?device=sdk_gphone64_x86_64%20-%2016%20-%20API%2036&app=com.anonymous.ecofit&clientid=DevLauncherBridgelessDevSupportManager
Nov 05, 2025 12:41:02 AM io.gapi.emulators.netty.NotFoundHandler handleRequest
INFO: Unknown request URI: /message?device=sdk_gphone64_x86_64%20-%2016%20-%20API%2036&app=com.anonymous.ecofit&clientid=DevLauncherBridgelessDevSupportManager
Nov 05, 2025 12:41:04 AM io.gapi.emulators.netty.NotFoundHandler handleRequest
INFO: Unknown request URI: /message?device=sdk_gphone64_x86_64%20-%2016%20-%20API%2036&app=com.anonymous.ecofit&clientid=DevLauncherBridgelessDevSupportManager
Nov 05, 2025 12:41:06 AM io.gapi.emulators.netty.NotFoundHandler handleRequest
INFO: Unknown request URI: /message?device=sdk_gphone64_x86_64%20-%2016%20-%20API%2036&app=com.anonymous.ecofit&clientid=DevLauncherBridgelessDevSupportManager
Nov 05, 2025 12:41:08 AM io.gapi.emulators.netty.NotFoundHandler handleRequest
INFO: Unknown request URI: /message?device=sdk_gphone64_x86_64%20-%2016%20-%20API%2036&app=com.anonymous.ecofit&clientid=DevLauncherBridgelessDevSupportManager
Nov 05, 2025 12:41:10 AM io.gapi.emulators.netty.NotFoundHandler handleRequest
INFO: Unknown request URI: /message?device=sdk_gphone64_x86_64%20-%2016%20-%20API%2036&app=com.anonymous.ecofit&clientid=DevLauncherBridgelessDevSupportManager
Nov 05, 2025 12:41:12 AM io.gapi.emulators.netty.NotFoundHandler handleRequest
INFO: Unknown request URI: /message?device=sdk_gphone64_x86_64%20-%2016%20-%20API%2036&app=com.anonymous.ecofit&clientid=DevLauncherBridgelessDevSupportManager
Nov 05, 2025 12:41:14 AM io.gapi.emulators.netty.NotFoundHandler handleRequest
INFO: Unknown request URI: /message?device=sdk_gphone64_x86_64%20-%2016%20-%20API%2036&app=com.anonymous.ecofit&clientid=DevLauncherBridgelessDevSupportManager
Nov 05, 2025 12:41:16 AM io.gapi.emulators.netty.NotFoundHandler handleRequest
INFO: Unknown request URI: /message?device=sdk_gphone64_x86_64%20-%2016%20-%20API%2036&app=com.anonymous.ecofit&clientid=DevLauncherBridgelessDevSupportManager
Nov 05, 2025 12:41:18 AM io.gapi.emulators.netty.NotFoundHandler handleRequest
INFO: Unknown request URI: /message?device=sdk_gphone64_x86_64%20-%2016%20-%20API%2036&app=com.anonymous.ecofit&clientid=DevLauncherBridgelessDevSupportManager
Nov 05, 2025 12:41:20 AM io.gapi.emulators.netty.NotFoundHandler handleRequest
INFO: Unknown request URI: /message?device=sdk_gphone64_x86_64%20-%2016%20-%20API%2036&app=com.anonymous.ecofit&clientid=DevLauncherBridgelessDevSupportManager
Nov 05, 2025 12:41:22 AM io.gapi.emulators.netty.NotFoundHandler handleRequest
INFO: Unknown request URI: /message?device=sdk_gphone64_x86_64%20-%2016%20-%20API%2036&app=com.anonymous.ecofit&clientid=DevLauncherBridgelessDevSupportManager
Nov 05, 2025 12:41:24 AM io.gapi.emulators.netty.NotFoundHandler handleRequest
INFO: Unknown request URI: /message?device=sdk_gphone64_x86_64%20-%2016%20-%20API%2036&app=com.anonymous.ecofit&clientid=DevLauncherBridgelessDevSupportManager
Nov 05, 2025 12:41:26 AM io.gapi.emulators.netty.NotFoundHandler handleRequest
INFO: Unknown request URI: /message?device=sdk_gphone64_x86_64%20-%2016%20-%20API%2036&app=com.anonymous.ecofit&clientid=DevLauncherBridgelessDevSupportManager
Nov 05, 2025 12:41:28 AM io.gapi.emulators.netty.NotFoundHandler handleRequest
INFO: Unknown request URI: /message?device=sdk_gphone64_x86_64%20-%2016%20-%20API%2036&app=com.anonymous.ecofit&clientid=DevLauncherBridgelessDevSupportManager
Nov 05, 2025 12:41:30 AM io.gapi.emulators.netty.NotFoundHandler handleRequest
INFO: Unknown request URI: /message?device=sdk_gphone64_x86_64%20-%2016%20-%20API%2036&app=com.anonymous.ecofit&clientid=DevLauncherBridgelessDevSupportManager
Nov 05, 2025 12:41:32 AM io.gapi.emulators.netty.NotFoundHandler handleRequest
INFO: Unknown request URI: /message?device=sdk_gphone64_x86_64%20-%2016%20-%20API%2036&app=com.anonymous.ecofit&clientid=DevLauncherBridgelessDevSupportManager
Nov 05, 2025 12:41:34 AM io.gapi.emulators.netty.NotFoundHandler handleRequest
INFO: Unknown request URI: /message?device=sdk_gphone64_x86_64%20-%2016%20-%20API%2036&app=com.anonymous.ecofit&clientid=DevLauncherBridgelessDevSupportManager
Nov 05, 2025 12:41:36 AM io.gapi.emulators.netty.NotFoundHandler handleRequest
INFO: Unknown request URI: /message?device=sdk_gphone64_x86_64%20-%2016%20-%20API%2036&app=com.anonymous.ecofit&clientid=DevLauncherBridgelessDevSupportManager
Nov 05, 2025 12:41:38 AM io.gapi.emulators.netty.NotFoundHandler handleRequest
INFO: Unknown request URI: /message?device=sdk_gphone64_x86_64%20-%2016%20-%20API%2036&app=com.anonymous.ecofit&clientid=DevLauncherBridgelessDevSupportManager
Nov 05, 2025 12:41:40 AM io.gapi.emulators.netty.NotFoundHandler handleRequest
INFO: Unknown request URI: /message?device=sdk_gphone64_x86_64%20-%2016%20-%20API%2036&app=com.anonymous.ecofit&clientid=DevLauncherBridgelessDevSupportManager
Nov 05, 2025 12:41:42 AM io.gapi.emulators.netty.NotFoundHandler handleRequest
INFO: Unknown request URI: /message?device=sdk_gphone64_x86_64%20-%2016%20-%20API%2036&app=com.anonymous.ecofit&clientid=DevLauncherBridgelessDevSupportManager
Nov 05, 2025 12:41:44 AM io.gapi.emulators.netty.NotFoundHandler handleRequest
INFO: Unknown request URI: /message?device=sdk_gphone64_x86_64%20-%2016%20-%20API%2036&app=com.anonymous.ecofit&clientid=DevLauncherBridgelessDevSupportManager
Nov 05, 2025 12:41:46 AM io.gapi.emulators.netty.NotFoundHandler handleRequest
INFO: Unknown request URI: /message?device=sdk_gphone64_x86_64%20-%2016%20-%20API%2036&app=com.anonymous.ecofit&clientid=DevLauncherBridgelessDevSupportManager
Nov 05, 2025 12:41:48 AM io.gapi.emulators.netty.NotFoundHandler handleRequest
INFO: Unknown request URI: /message?device=sdk_gphone64_x86_64%20-%2016%20-%20API%2036&app=com.anonymous.ecofit&clientid=DevLauncherBridgelessDevSupportManager
Nov 05, 2025 12:41:50 AM io.gapi.emulators.netty.NotFoundHandler handleRequest
INFO: Unknown request URI: /message?device=sdk_gphone64_x86_64%20-%2016%20-%20API%2036&app=com.anonymous.ecofit&clientid=DevLauncherBridgelessDevSupportManager
Nov 05, 2025 12:41:52 AM io.gapi.emulators.netty.NotFoundHandler handleRequest
INFO: Unknown request URI: /message?device=sdk_gphone64_x86_64%20-%2016%20-%20API%2036&app=com.anonymous.ecofit&clientid=DevLauncherBridgelessDevSupportManager
Nov 05, 2025 12:41:54 AM io.gapi.emulators.netty.NotFoundHandler handleRequest
INFO: Unknown request URI: /message?device=sdk_gphone64_x86_64%20-%2016%20-%20API%2036&app=com.anonymous.ecofit&clientid=DevLauncherBridgelessDevSupportManager
Nov 05, 2025 12:41:56 AM io.gapi.emulators.netty.NotFoundHandler handleRequest
INFO: Unknown request URI: /message?device=sdk_gphone64_x86_64%20-%2016%20-%20API%2036&app=com.anonymous.ecofit&clientid=DevLauncherBridgelessDevSupportManager
Nov 05, 2025 12:41:58 AM io.gapi.emulators.netty.NotFoundHandler handleRequest
INFO: Unknown request URI: /message?device=sdk_gphone64_x86_64%20-%2016%20-%20API%2036&app=com.anonymous.ecofit&clientid=DevLauncherBridgelessDevSupportManager
Nov 05, 2025 12:42:00 AM io.gapi.emulators.netty.NotFoundHandler handleRequest
INFO: Unknown request URI: /message?device=sdk_gphone64_x86_64%20-%2016%20-%20API%2036&app=com.anonymous.ecofit&clientid=DevLauncherBridgelessDevSupportManager
Nov 05, 2025 12:42:02 AM io.gapi.emulators.netty.NotFoundHandler handleRequest
INFO: Unknown request URI: /message?device=sdk_gphone64_x86_64%20-%2016%20-%20API%2036&app=com.anonymous.ecofit&clientid=DevLauncherBridgelessDevSupportManager
Nov 05, 2025 12:42:04 AM io.gapi.emulators.netty.NotFoundHandler handleRequest
INFO: Unknown request URI: /message?device=sdk_gphone64_x86_64%20-%2016%20-%20API%2036&app=com.anonymous.ecofit&clientid=DevLauncherBridgelessDevSupportManager
Nov 05, 2025 12:42:06 AM io.gapi.emulators.netty.NotFoundHandler handleRequest
INFO: Unknown request URI: /message?device=sdk_gphone64_x86_64%20-%2016%20-%20API%2036&app=com.anonymous.ecofit&clientid=DevLauncherBridgelessDevSupportManager
Nov 05, 2025 12:42:08 AM io.gapi.emulators.netty.NotFoundHandler handleRequest
INFO: Unknown request URI: /message?device=sdk_gphone64_x86_64%20-%2016%20-%20API%2036&app=com.anonymous.ecofit&clientid=DevLauncherBridgelessDevSupportManager
Nov 05, 2025 12:42:10 AM io.gapi.emulators.netty.NotFoundHandler handleRequest
INFO: Unknown request URI: /message?device=sdk_gphone64_x86_64%20-%2016%20-%20API%2036&app=com.anonymous.ecofit&clientid=DevLauncherBridgelessDevSupportManager
Nov 05, 2025 12:42:12 AM io.gapi.emulators.netty.NotFoundHandler handleRequest
INFO: Unknown request URI: /message?device=sdk_gphone64_x86_64%20-%2016%20-%20API%2036&app=com.anonymous.ecofit&clientid=DevLauncherBridgelessDevSupportManager
Nov 05, 2025 12:42:14 AM io.gapi.emulators.netty.NotFoundHandler handleRequest
INFO: Unknown request URI: /message?device=sdk_gphone64_x86_64%20-%2016%20-%20API%2036&app=com.anonymous.ecofit&clientid=DevLauncherBridgelessDevSupportManager
Nov 05, 2025 12:42:16 AM io.gapi.emulators.netty.NotFoundHandler handleRequest
INFO: Unknown request URI: /message?device=sdk_gphone64_x86_64%20-%2016%20-%20API%2036&app=com.anonymous.ecofit&clientid=DevLauncherBridgelessDevSupportManager
Nov 05, 2025 12:42:18 AM io.gapi.emulators.netty.NotFoundHandler handleRequest
INFO: Unknown request URI: /message?device=sdk_gphone64_x86_64%20-%2016%20-%20API%2036&app=com.anonymous.ecofit&clientid=DevLauncherBridgelessDevSupportManager
Nov 05, 2025 12:42:20 AM io.gapi.emulators.netty.NotFoundHandler handleRequest
INFO: Unknown request URI: /message?device=sdk_gphone64_x86_64%20-%2016%20-%20API%2036&app=com.anonymous.ecofit&clientid=DevLauncherBridgelessDevSupportManager
Nov 05, 2025 12:42:22 AM io.gapi.emulators.netty.NotFoundHandler handleRequest
INFO: Unknown request URI: /message?device=sdk_gphone64_x86_64%20-%2016%20-%20API%2036&app=com.anonymous.ecofit&clientid=DevLauncherBridgelessDevSupportManager
Nov 05, 2025 12:42:24 AM io.gapi.emulators.netty.NotFoundHandler handleRequest
INFO: Unknown request URI: /message?device=sdk_gphone64_x86_64%20-%2016%20-%20API%2036&app=com.anonymous.ecofit&clientid=DevLauncherBridgelessDevSupportManager
Nov 05, 2025 12:42:26 AM io.gapi.emulators.netty.NotFoundHandler handleRequest
INFO: Unknown request URI: /message?device=sdk_gphone64_x86_64%20-%2016%20-%20API%2036&app=com.anonymous.ecofit&clientid=DevLauncherBridgelessDevSupportManager
Nov 05, 2025 12:42:28 AM io.gapi.emulators.netty.NotFoundHandler handleRequest
INFO: Unknown request URI: /message?device=sdk_gphone64_x86_64%20-%2016%20-%20API%2036&app=com.anonymous.ecofit&clientid=DevLauncherBridgelessDevSupportManager
Nov 05, 2025 12:42:30 AM io.gapi.emulators.netty.NotFoundHandler handleRequest
INFO: Unknown request URI: /message?device=sdk_gphone64_x86_64%20-%2016%20-%20API%2036&app=com.anonymous.ecofit&clientid=DevLauncherBridgelessDevSupportManager
Nov 05, 2025 12:42:32 AM io.gapi.emulators.netty.NotFoundHandler handleRequest
INFO: Unknown request URI: /message?device=sdk_gphone64_x86_64%20-%2016%20-%20API%2036&app=com.anonymous.ecofit&clientid=DevLauncherBridgelessDevSupportManager
Nov 05, 2025 12:42:34 AM io.gapi.emulators.netty.NotFoundHandler handleRequest
INFO: Unknown request URI: /message?device=sdk_gphone64_x86_64%20-%2016%20-%20API%2036&app=com.anonymous.ecofit&clientid=DevLauncherBridgelessDevSupportManager
Nov 05, 2025 12:42:36 AM io.gapi.emulators.netty.NotFoundHandler handleRequest
INFO: Unknown request URI: /message?device=sdk_gphone64_x86_64%20-%2016%20-%20API%2036&app=com.anonymous.ecofit&clientid=DevLauncherBridgelessDevSupportManager
Nov 05, 2025 12:42:38 AM io.gapi.emulators.netty.NotFoundHandler handleRequest
INFO: Unknown request URI: /message?device=sdk_gphone64_x86_64%20-%2016%20-%20API%2036&app=com.anonymous.ecofit&clientid=DevLauncherBridgelessDevSupportManager
Nov 05, 2025 12:42:40 AM io.gapi.emulators.netty.NotFoundHandler handleRequest
INFO: Unknown request URI: /message?device=sdk_gphone64_x86_64%20-%2016%20-%20API%2036&app=com.anonymous.ecofit&clientid=DevLauncherBridgelessDevSupportManager
Nov 05, 2025 12:42:42 AM io.gapi.emulators.netty.NotFoundHandler handleRequest
INFO: Unknown request URI: /message?device=sdk_gphone64_x86_64%20-%2016%20-%20API%2036&app=com.anonymous.ecofit&clientid=DevLauncherBridgelessDevSupportManager
Nov 05, 2025 12:42:44 AM io.gapi.emulators.netty.NotFoundHandler handleRequest
INFO: Unknown request URI: /message?device=sdk_gphone64_x86_64%20-%2016%20-%20API%2036&app=com.anonymous.ecofit&clientid=DevLauncherBridgelessDevSupportManager
Nov 05, 2025 12:42:46 AM io.gapi.emulators.netty.NotFoundHandler handleRequest
INFO: Unknown request URI: /message?device=sdk_gphone64_x86_64%20-%2016%20-%20API%2036&app=com.anonymous.ecofit&clientid=DevLauncherBridgelessDevSupportManager
Nov 05, 2025 12:42:48 AM io.gapi.emulators.netty.NotFoundHandler handleRequest
INFO: Unknown request URI: /message?device=sdk_gphone64_x86_64%20-%2016%20-%20API%2036&app=com.anonymous.ecofit&clientid=DevLauncherBridgelessDevSupportManager
Nov 05, 2025 12:42:50 AM io.gapi.emulators.netty.NotFoundHandler handleRequest
INFO: Unknown request URI: /message?device=sdk_gphone64_x86_64%20-%2016%20-%20API%2036&app=com.anonymous.ecofit&clientid=DevLauncherBridgelessDevSupportManager
Nov 05, 2025 12:42:52 AM io.gapi.emulators.netty.NotFoundHandler handleRequest
INFO: Unknown request URI: /message?device=sdk_gphone64_x86_64%20-%2016%20-%20API%2036&app=com.anonymous.ecofit&clientid=DevLauncherBridgelessDevSupportManager
Nov 05, 2025 12:42:54 AM io.gapi.emulators.netty.NotFoundHandler handleRequest
INFO: Unknown request URI: /message?device=sdk_gphone64_x86_64%20-%2016%20-%20API%2036&app=com.anonymous.ecofit&clientid=DevLauncherBridgelessDevSupportManager
Nov 05, 2025 12:42:56 AM io.gapi.emulators.netty.NotFoundHandler handleRequest
INFO: Unknown request URI: /message?device=sdk_gphone64_x86_64%20-%2016%20-%20API%2036&app=com.anonymous.ecofit&clientid=DevLauncherBridgelessDevSupportManager
Nov 05, 2025 12:42:59 AM io.gapi.emulators.netty.NotFoundHandler handleRequest
INFO: Unknown request URI: /message?device=sdk_gphone64_x86_64%20-%2016%20-%20API%2036&app=com.anonymous.ecofit&clientid=DevLauncherBridgelessDevSupportManager
Nov 05, 2025 12:43:01 AM io.gapi.emulators.netty.NotFoundHandler handleRequest
INFO: Unknown request URI: /message?device=sdk_gphone64_x86_64%20-%2016%20-%20API%2036&app=com.anonymous.ecofit&clientid=DevLauncherBridgelessDevSupportManager
Nov 05, 2025 12:43:03 AM io.gapi.emulators.netty.NotFoundHandler handleRequest
INFO: Unknown request URI: /message?device=sdk_gphone64_x86_64%20-%2016%20-%20API%2036&app=com.anonymous.ecofit&clientid=DevLauncherBridgelessDevSupportManager
Nov 05, 2025 12:43:05 AM io.gapi.emulators.netty.NotFoundHandler handleRequest
INFO: Unknown request URI: /message?device=sdk_gphone64_x86_64%20-%2016%20-%20API%2036&app=com.anonymous.ecofit&clientid=DevLauncherBridgelessDevSupportManager
Nov 05, 2025 12:43:07 AM io.gapi.emulators.netty.NotFoundHandler handleRequest
INFO: Unknown request URI: /message?device=sdk_gphone64_x86_64%20-%2016%20-%20API%2036&app=com.anonymous.ecofit&clientid=DevLauncherBridgelessDevSupportManager
Nov 05, 2025 12:43:09 AM io.gapi.emulators.netty.NotFoundHandler handleRequest
INFO: Unknown request URI: /message?device=sdk_gphone64_x86_64%20-%2016%20-%20API%2036&app=com.anonymous.ecofit&clientid=DevLauncherBridgelessDevSupportManager
Nov 05, 2025 12:43:11 AM io.gapi.emulators.netty.NotFoundHandler handleRequest
INFO: Unknown request URI: /message?device=sdk_gphone64_x86_64%20-%2016%20-%20API%2036&app=com.anonymous.ecofit&clientid=DevLauncherBridgelessDevSupportManager
Nov 05, 2025 12:43:13 AM io.gapi.emulators.netty.NotFoundHandler handleRequest
INFO: Unknown request URI: /message?device=sdk_gphone64_x86_64%20-%2016%20-%20API%2036&app=com.anonymous.ecofit&clientid=DevLauncherBridgelessDevSupportManager
Nov 05, 2025 12:43:15 AM io.gapi.emulators.netty.NotFoundHandler handleRequest
INFO: Unknown request URI: /message?device=sdk_gphone64_x86_64%20-%2016%20-%20API%2036&app=com.anonymous.ecofit&clientid=DevLauncherBridgelessDevSupportManager
Nov 05, 2025 12:43:17 AM io.gapi.emulators.netty.NotFoundHandler handleRequest
INFO: Unknown request URI: /message?device=sdk_gphone64_x86_64%20-%2016%20-%20API%2036&app=com.anonymous.ecofit&clientid=DevLauncherBridgelessDevSupportManager
Nov 05, 2025 12:43:19 AM io.gapi.emulators.netty.NotFoundHandler handleRequest
INFO: Unknown request URI: /message?device=sdk_gphone64_x86_64%20-%2016%20-%20API%2036&app=com.anonymous.ecofit&clientid=DevLauncherBridgelessDevSupportManager
Nov 05, 2025 12:43:21 AM io.gapi.emulators.netty.NotFoundHandler handleRequest
INFO: Unknown request URI: /message?device=sdk_gphone64_x86_64%20-%2016%20-%20API%2036&app=com.anonymous.ecofit&clientid=DevLauncherBridgelessDevSupportManager
Nov 05, 2025 12:43:23 AM io.gapi.emulators.netty.NotFoundHandler handleRequest
INFO: Unknown request URI: /message?device=sdk_gphone64_x86_64%20-%2016%20-%20API%2036&app=com.anonymous.ecofit&clientid=DevLauncherBridgelessDevSupportManager
Nov 05, 2025 12:43:25 AM io.gapi.emulators.netty.NotFoundHandler handleRequest
INFO: Unknown request URI: /message?device=sdk_gphone64_x86_64%20-%2016%20-%20API%2036&app=com.anonymous.ecofit&clientid=DevLauncherBridgelessDevSupportManager
Nov 05, 2025 12:43:27 AM io.gapi.emulators.netty.NotFoundHandler handleRequest
INFO: Unknown request URI: /message?device=sdk_gphone64_x86_64%20-%2016%20-%20API%2036&app=com.anonymous.ecofit&clientid=DevLauncherBridgelessDevSupportManager
Nov 05, 2025 12:43:29 AM io.gapi.emulators.netty.NotFoundHandler handleRequest
INFO: Unknown request URI: /message?device=sdk_gphone64_x86_64%20-%2016%20-%20API%2036&app=com.anonymous.ecofit&clientid=DevLauncherBridgelessDevSupportManager
Nov 05, 2025 12:43:31 AM io.gapi.emulators.netty.NotFoundHandler handleRequest
INFO: Unknown request URI: /message?device=sdk_gphone64_x86_64%20-%2016%20-%20API%2036&app=com.anonymous.ecofit&clientid=DevLauncherBridgelessDevSupportManager
Nov 05, 2025 12:43:33 AM io.gapi.emulators.netty.NotFoundHandler handleRequest
INFO: Unknown request URI: /message?device=sdk_gphone64_x86_64%20-%2016%20-%20API%2036&app=com.anonymous.ecofit&clientid=DevLauncherBridgelessDevSupportManager
Nov 05, 2025 12:43:35 AM io.gapi.emulators.netty.NotFoundHandler handleRequest
INFO: Unknown request URI: /message?device=sdk_gphone64_x86_64%20-%2016%20-%20API%2036&app=com.anonymous.ecofit&clientid=DevLauncherBridgelessDevSupportManager
Nov 05, 2025 12:43:37 AM io.gapi.emulators.netty.NotFoundHandler handleRequest
INFO: Unknown request URI: /message?device=sdk_gphone64_x86_64%20-%2016%20-%20API%2036&app=com.anonymous.ecofit&clientid=DevLauncherBridgelessDevSupportManager
Nov 05, 2025 12:43:39 AM io.gapi.emulators.netty.NotFoundHandler handleRequest
INFO: Unknown request URI: /message?device=sdk_gphone64_x86_64%20-%2016%20-%20API%2036&app=com.anonymous.ecofit&clientid=DevLauncherBridgelessDevSupportManager
Nov 05, 2025 12:43:41 AM io.gapi.emulators.netty.NotFoundHandler handleRequest
INFO: Unknown request URI: /message?device=sdk_gphone64_x86_64%20-%2016%20-%20API%2036&app=com.anonymous.ecofit&clientid=DevLauncherBridgelessDevSupportManager
Nov 05, 2025 12:43:43 AM io.gapi.emulators.netty.NotFoundHandler handleRequest
INFO: Unknown request URI: /message?device=sdk_gphone64_x86_64%20-%2016%20-%20API%2036&app=com.anonymous.ecofit&clientid=DevLauncherBridgelessDevSupportManager
Nov 05, 2025 12:43:45 AM io.gapi.emulators.netty.NotFoundHandler handleRequest
INFO: Unknown request URI: /message?device=sdk_gphone64_x86_64%20-%2016%20-%20API%2036&app=com.anonymous.ecofit&clientid=DevLauncherBridgelessDevSupportManager
Nov 05, 2025 12:43:47 AM io.gapi.emulators.netty.NotFoundHandler handleRequest
INFO: Unknown request URI: /message?device=sdk_gphone64_x86_64%20-%2016%20-%20API%2036&app=com.anonymous.ecofit&clientid=DevLauncherBridgelessDevSupportManager
Nov 05, 2025 12:43:49 AM io.gapi.emulators.netty.NotFoundHandler handleRequest
INFO: Unknown request URI: /message?device=sdk_gphone64_x86_64%20-%2016%20-%20API%2036&app=com.anonymous.ecofit&clientid=DevLauncherBridgelessDevSupportManager
Nov 05, 2025 12:43:51 AM io.gapi.emulators.netty.NotFoundHandler handleRequest
INFO: Unknown request URI: /message?device=sdk_gphone64_x86_64%20-%2016%20-%20API%2036&app=com.anonymous.ecofit&clientid=DevLauncherBridgelessDevSupportManager
Nov 05, 2025 12:43:53 AM io.gapi.emulators.netty.NotFoundHandler handleRequest
INFO: Unknown request URI: /message?device=sdk_gphone64_x86_64%20-%2016%20-%20API%2036&app=com.anonymous.ecofit&clientid=DevLauncherBridgelessDevSupportManager
Nov 05, 2025 12:43:55 AM io.gapi.emulators.netty.NotFoundHandler handleRequest
INFO: Unknown request URI: /message?device=sdk_gphone64_x86_64%20-%2016%20-%20API%2036&app=com.anonymous.ecofit&clientid=DevLauncherBridgelessDevSupportManager
Nov 05, 2025 12:43:57 AM io.gapi.emulators.netty.NotFoundHandler handleRequest
INFO: Unknown request URI: /message?device=sdk_gphone64_x86_64%20-%2016%20-%20API%2036&app=com.anonymous.ecofit&clientid=DevLauncherBridgelessDevSupportManager
Nov 05, 2025 12:43:59 AM io.gapi.emulators.netty.NotFoundHandler handleRequest
INFO: Unknown request URI: /message?device=sdk_gphone64_x86_64%20-%2016%20-%20API%2036&app=com.anonymous.ecofit&clientid=DevLauncherBridgelessDevSupportManager
Nov 05, 2025 12:44:01 AM io.gapi.emulators.netty.NotFoundHandler handleRequest
INFO: Unknown request URI: /message?device=sdk_gphone64_x86_64%20-%2016%20-%20API%2036&app=com.anonymous.ecofit&clientid=DevLauncherBridgelessDevSupportManager
Nov 05, 2025 12:44:03 AM io.gapi.emulators.netty.NotFoundHandler handleRequest
INFO: Unknown request URI: /message?device=sdk_gphone64_x86_64%20-%2016%20-%20API%2036&app=com.anonymous.ecofit&clientid=DevLauncherBridgelessDevSupportManager
Nov 05, 2025 12:44:05 AM io.gapi.emulators.netty.NotFoundHandler handleRequest
INFO: Unknown request URI: /message?device=sdk_gphone64_x86_64%20-%2016%20-%20API%2036&app=com.anonymous.ecofit&clientid=DevLauncherBridgelessDevSupportManager
Nov 05, 2025 12:44:07 AM io.gapi.emulators.netty.NotFoundHandler handleRequest
INFO: Unknown request URI: /message?device=sdk_gphone64_x86_64%20-%2016%20-%20API%2036&app=com.anonymous.ecofit&clientid=DevLauncherBridgelessDevSupportManager
Nov 05, 2025 12:44:09 AM io.gapi.emulators.netty.NotFoundHandler handleRequest
INFO: Unknown request URI: /message?device=sdk_gphone64_x86_64%20-%2016%20-%20API%2036&app=com.anonymous.ecofit&clientid=DevLauncherBridgelessDevSupportManager
Nov 05, 2025 12:44:11 AM io.gapi.emulators.netty.NotFoundHandler handleRequest
INFO: Unknown request URI: /message?device=sdk_gphone64_x86_64%20-%2016%20-%20API%2036&app=com.anonymous.ecofit&clientid=DevLauncherBridgelessDevSupportManager
Nov 05, 2025 12:44:13 AM io.gapi.emulators.netty.NotFoundHandler handleRequest
INFO: Unknown request URI: /message?device=sdk_gphone64_x86_64%20-%2016%20-%20API%2036&app=com.anonymous.ecofit&clientid=DevLauncherBridgelessDevSupportManager
Nov 05, 2025 12:44:15 AM io.gapi.emulators.netty.NotFoundHandler handleRequest
INFO: Unknown request URI: /message?device=sdk_gphone64_x86_64%20-%2016%20-%20API%2036&app=com.anonymous.ecofit&clientid=DevLauncherBridgelessDevSupportManager
Nov 05, 2025 12:44:17 AM io.gapi.emulators.netty.NotFoundHandler handleRequest
INFO: Unknown request URI: /message?device=sdk_gphone64_x86_64%20-%2016%20-%20API%2036&app=com.anonymous.ecofit&clientid=DevLauncherBridgelessDevSupportManager
Nov 05, 2025 12:44:19 AM io.gapi.emulators.netty.NotFoundHandler handleRequest
INFO: Unknown request URI: /message?device=sdk_gphone64_x86_64%20-%2016%20-%20API%2036&app=com.anonymous.ecofit&clientid=DevLauncherBridgelessDevSupportManager
Nov 05, 2025 12:44:21 AM io.gapi.emulators.netty.NotFoundHandler handleRequest
INFO: Unknown request URI: /message?device=sdk_gphone64_x86_64%20-%2016%20-%20API%2036&app=com.anonymous.ecofit&clientid=DevLauncherBridgelessDevSupportManager
Nov 05, 2025 12:44:23 AM io.gapi.emulators.netty.NotFoundHandler handleRequest
INFO: Unknown request URI: /message?device=sdk_gphone64_x86_64%20-%2016%20-%20API%2036&app=com.anonymous.ecofit&clientid=DevLauncherBridgelessDevSupportManager
Nov 05, 2025 12:44:25 AM io.gapi.emulators.netty.NotFoundHandler handleRequest
INFO: Unknown request URI: /message?device=sdk_gphone64_x86_64%20-%2016%20-%20API%2036&app=com.anonymous.ecofit&clientid=DevLauncherBridgelessDevSupportManager
Nov 05, 2025 12:44:27 AM io.gapi.emulators.netty.NotFoundHandler handleRequest
INFO: Unknown request URI: /message?device=sdk_gphone64_x86_64%20-%2016%20-%20API%2036&app=com.anonymous.ecofit&clientid=DevLauncherBridgelessDevSupportManager
Nov 05, 2025 12:44:29 AM io.gapi.emulators.netty.NotFoundHandler handleRequest
INFO: Unknown request URI: /message?device=sdk_gphone64_x86_64%20-%2016%20-%20API%2036&app=com.anonymous.ecofit&clientid=DevLauncherBridgelessDevSupportManager
Nov 05, 2025 12:44:31 AM io.gapi.emulators.netty.NotFoundHandler handleRequest
INFO: Unknown request URI: /message?device=sdk_gphone64_x86_64%20-%2016%20-%20API%2036&app=com.anonymous.ecofit&clientid=DevLauncherBridgelessDevSupportManager
Nov 05, 2025 12:44:33 AM io.gapi.emulators.netty.NotFoundHandler handleRequest
INFO: Unknown request URI: /message?device=sdk_gphone64_x86_64%20-%2016%20-%20API%2036&app=com.anonymous.ecofit&clientid=DevLauncherBridgelessDevSupportManager
Nov 05, 2025 12:44:35 AM io.gapi.emulators.netty.NotFoundHandler handleRequest
INFO: Unknown request URI: /message?device=sdk_gphone64_x86_64%20-%2016%20-%20API%2036&app=com.anonymous.ecofit&clientid=DevLauncherBridgelessDevSupportManager
Nov 05, 2025 12:44:37 AM io.gapi.emulators.netty.NotFoundHandler handleRequest
INFO: Unknown request URI: /message?device=sdk_gphone64_x86_64%20-%2016%20-%20API%2036&app=com.anonymous.ecofit&clientid=DevLauncherBridgelessDevSupportManager
Nov 05, 2025 12:44:39 AM io.gapi.emulators.netty.NotFoundHandler handleRequest
INFO: Unknown request URI: /message?device=sdk_gphone64_x86_64%20-%2016%20-%20API%2036&app=com.anonymous.ecofit&clientid=DevLauncherBridgelessDevSupportManager
Nov 05, 2025 12:44:41 AM io.gapi.emulators.netty.NotFoundHandler handleRequest
INFO: Unknown request URI: /message?device=sdk_gphone64_x86_64%20-%2016%20-%20API%2036&app=com.anonymous.ecofit&clientid=DevLauncherBridgelessDevSupportManager
Nov 05, 2025 12:44:43 AM io.gapi.emulators.netty.NotFoundHandler handleRequest
INFO: Unknown request URI: /message?device=sdk_gphone64_x86_64%20-%2016%20-%20API%2036&app=com.anonymous.ecofit&clientid=DevLauncherBridgelessDevSupportManager
Nov 05, 2025 12:44:45 AM io.gapi.emulators.netty.NotFoundHandler handleRequest
INFO: Unknown request URI: /message?device=sdk_gphone64_x86_64%20-%2016%20-%20API%2036&app=com.anonymous.ecofit&clientid=DevLauncherBridgelessDevSupportManager
Nov 05, 2025 12:44:47 AM io.gapi.emulators.netty.NotFoundHandler handleRequest
INFO: Unknown request URI: /message?device=sdk_gphone64_x86_64%20-%2016%20-%20API%2036&app=com.anonymous.ecofit&clientid=DevLauncherBridgelessDevSupportManager
Nov 05, 2025 12:44:49 AM io.gapi.emulators.netty.NotFoundHandler handleRequest
INFO: Unknown request URI: /message?device=sdk_gphone64_x86_64%20-%2016%20-%20API%2036&app=com.anonymous.ecofit&clientid=DevLauncherBridgelessDevSupportManager
Nov 05, 2025 12:44:51 AM io.gapi.emulators.netty.NotFoundHandler handleRequest
INFO: Unknown request URI: /message?device=sdk_gphone64_x86_64%20-%2016%20-%20API%2036&app=com.anonymous.ecofit&clientid=DevLauncherBridgelessDevSupportManager
Nov 05, 2025 12:44:53 AM io.gapi.emulators.netty.NotFoundHandler handleRequest
INFO: Unknown request URI: /message?device=sdk_gphone64_x86_64%20-%2016%20-%20API%2036&app=com.anonymous.ecofit&clientid=DevLauncherBridgelessDevSupportManager
Nov 05, 2025 12:44:55 AM io.gapi.emulators.netty.NotFoundHandler handleRequest
INFO: Unknown request URI: /message?device=sdk_gphone64_x86_64%20-%2016%20-%20API%2036&app=com.anonymous.ecofit&clientid=DevLauncherBridgelessDevSupportManager
Nov 05, 2025 12:44:57 AM io.gapi.emulators.netty.NotFoundHandler handleRequest
INFO: Unknown request URI: /message?device=sdk_gphone64_x86_64%20-%2016%20-%20API%2036&app=com.anonymous.ecofit&clientid=DevLauncherBridgelessDevSupportManager
Nov 05, 2025 12:44:59 AM io.gapi.emulators.netty.NotFoundHandler handleRequest
INFO: Unknown request URI: /message?device=sdk_gphone64_x86_64%20-%2016%20-%20API%2036&app=com.anonymous.ecofit&clientid=DevLauncherBridgelessDevSupportManager
Nov 05, 2025 12:45:01 AM io.gapi.emulators.netty.NotFoundHandler handleRequest
INFO: Unknown request URI: /message?device=sdk_gphone64_x86_64%20-%2016%20-%20API%2036&app=com.anonymous.ecofit&clientid=DevLauncherBridgelessDevSupportManager
Nov 05, 2025 12:45:03 AM io.gapi.emulators.netty.NotFoundHandler handleRequest
INFO: Unknown request URI: /message?device=sdk_gphone64_x86_64%20-%2016%20-%20API%2036&app=com.anonymous.ecofit&clientid=DevLauncherBridgelessDevSupportManager
Nov 05, 2025 12:45:05 AM io.gapi.emulators.netty.NotFoundHandler handleRequest
INFO: Unknown request URI: /message?device=sdk_gphone64_x86_64%20-%2016%20-%20API%2036&app=com.anonymous.ecofit&clientid=DevLauncherBridgelessDevSupportManager
Nov 05, 2025 12:45:07 AM io.gapi.emulators.netty.NotFoundHandler handleRequest
INFO: Unknown request URI: /message?device=sdk_gphone64_x86_64%20-%2016%20-%20API%2036&app=com.anonymous.ecofit&clientid=DevLauncherBridgelessDevSupportManager
Nov 05, 2025 12:45:09 AM io.gapi.emulators.netty.NotFoundHandler handleRequest
INFO: Unknown request URI: /message?device=sdk_gphone64_x86_64%20-%2016%20-%20API%2036&app=com.anonymous.ecofit&clientid=DevLauncherBridgelessDevSupportManager
Nov 05, 2025 12:45:11 AM io.gapi.emulators.netty.NotFoundHandler handleRequest
INFO: Unknown request URI: /message?device=sdk_gphone64_x86_64%20-%2016%20-%20API%2036&app=com.anonymous.ecofit&clientid=DevLauncherBridgelessDevSupportManager
Nov 05, 2025 12:45:13 AM io.gapi.emulators.netty.NotFoundHandler handleRequest
INFO: Unknown request URI: /message?device=sdk_gphone64_x86_64%20-%2016%20-%20API%2036&app=com.anonymous.ecofit&clientid=DevLauncherBridgelessDevSupportManager
Nov 05, 2025 12:45:15 AM io.gapi.emulators.netty.NotFoundHandler handleRequest
INFO: Unknown request URI: /message?device=sdk_gphone64_x86_64%20-%2016%20-%20API%2036&app=com.anonymous.ecofit&clientid=DevLauncherBridgelessDevSupportManager
Nov 05, 2025 12:45:17 AM io.gapi.emulators.netty.NotFoundHandler handleRequest
INFO: Unknown request URI: /message?device=sdk_gphone64_x86_64%20-%2016%20-%20API%2036&app=com.anonymous.ecofit&clientid=DevLauncherBridgelessDevSupportManager
Nov 05, 2025 12:45:19 AM io.gapi.emulators.netty.NotFoundHandler handleRequest
INFO: Unknown request URI: /message?device=sdk_gphone64_x86_64%20-%2016%20-%20API%2036&app=com.anonymous.ecofit&clientid=DevLauncherBridgelessDevSupportManager
Nov 05, 2025 12:45:21 AM io.gapi.emulators.netty.NotFoundHandler handleRequest
INFO: Unknown request URI: /message?device=sdk_gphone64_x86_64%20-%2016%20-%20API%2036&app=com.anonymous.ecofit&clientid=DevLauncherBridgelessDevSupportManager
Nov 05, 2025 12:45:23 AM io.gapi.emulators.netty.NotFoundHandler handleRequest
INFO: Unknown request URI: /message?device=sdk_gphone64_x86_64%20-%2016%20-%20API%2036&app=com.anonymous.ecofit&clientid=DevLauncherBridgelessDevSupportManager
Nov 05, 2025 12:45:25 AM io.gapi.emulators.netty.NotFoundHandler handleRequest
INFO: Unknown request URI: /message?device=sdk_gphone64_x86_64%20-%2016%20-%20API%2036&app=com.anonymous.ecofit&clientid=DevLauncherBridgelessDevSupportManager
Nov 05, 2025 12:45:27 AM io.gapi.emulators.netty.NotFoundHandler handleRequest
INFO: Unknown request URI: /message?device=sdk_gphone64_x86_64%20-%2016%20-%20API%2036&app=com.anonymous.ecofit&clientid=DevLauncherBridgelessDevSupportManager
Nov 05, 2025 12:45:29 AM io.gapi.emulators.netty.NotFoundHandler handleRequest
INFO: Unknown request URI: /message?device=sdk_gphone64_x86_64%20-%2016%20-%20API%2036&app=com.anonymous.ecofit&clientid=DevLauncherBridgelessDevSupportManager
Nov 05, 2025 12:45:31 AM io.gapi.emulators.netty.NotFoundHandler handleRequest
INFO: Unknown request URI: /message?device=sdk_gphone64_x86_64%20-%2016%20-%20API%2036&app=com.anonymous.ecofit&clientid=DevLauncherBridgelessDevSupportManager
Nov 05, 2025 12:45:33 AM io.gapi.emulators.netty.NotFoundHandler handleRequest
INFO: Unknown request URI: /message?device=sdk_gphone64_x86_64%20-%2016%20-%20API%2036&app=com.anonymous.ecofit&clientid=DevLauncherBridgelessDevSupportManager
Nov 05, 2025 12:45:35 AM io.gapi.emulators.netty.NotFoundHandler handleRequest
INFO: Unknown request URI: /message?device=sdk_gphone64_x86_64%20-%2016%20-%20API%2036&app=com.anonymous.ecofit&clientid=DevLauncherBridgelessDevSupportManager
Nov 05, 2025 12:45:37 AM io.gapi.emulators.netty.NotFoundHandler handleRequest
INFO: Unknown request URI: /message?device=sdk_gphone64_x86_64%20-%2016%20-%20API%2036&app=com.anonymous.ecofit&clientid=DevLauncherBridgelessDevSupportManager
Nov 05, 2025 12:45:39 AM io.gapi.emulators.netty.NotFoundHandler handleRequest
INFO: Unknown request URI: /message?device=sdk_gphone64_x86_64%20-%2016%20-%20API%2036&app=com.anonymous.ecofit&clientid=DevLauncherBridgelessDevSupportManager
Nov 05, 2025 12:45:41 AM io.gapi.emulators.netty.NotFoundHandler handleRequest
INFO: Unknown request URI: /message?device=sdk_gphone64_x86_64%20-%2016%20-%20API%2036&app=com.anonymous.ecofit&clientid=DevLauncherBridgelessDevSupportManager
Nov 05, 2025 12:45:43 AM io.gapi.emulators.netty.NotFoundHandler handleRequest
INFO: Unknown request URI: /message?device=sdk_gphone64_x86_64%20-%2016%20-%20API%2036&app=com.anonymous.ecofit&clientid=DevLauncherBridgelessDevSupportManager
Nov 05, 2025 12:45:45 AM io.gapi.emulators.netty.NotFoundHandler handleRequest
INFO: Unknown request URI: /message?device=sdk_gphone64_x86_64%20-%2016%20-%20API%2036&app=com.anonymous.ecofit&clientid=DevLauncherBridgelessDevSupportManager
Nov 05, 2025 12:45:47 AM io.gapi.emulators.netty.NotFoundHandler handleRequest
INFO: Unknown request URI: /message?device=sdk_gphone64_x86_64%20-%2016%20-%20API%2036&app=com.anonymous.ecofit&clientid=DevLauncherBridgelessDevSupportManager
Nov 05, 2025 12:45:49 AM io.gapi.emulators.netty.NotFoundHandler handleRequest
INFO: Unknown request URI: /message?device=sdk_gphone64_x86_64%20-%2016%20-%20API%2036&app=com.anonymous.ecofit&clientid=DevLauncherBridgelessDevSupportManager
Nov 05, 2025 12:45:51 AM io.gapi.emulators.netty.NotFoundHandler handleRequest
INFO: Unknown request URI: /message?device=sdk_gphone64_x86_64%20-%2016%20-%20API%2036&app=com.anonymous.ecofit&clientid=DevLauncherBridgelessDevSupportManager
Nov 05, 2025 12:45:53 AM io.gapi.emulators.netty.NotFoundHandler handleRequest
INFO: Unknown request URI: /message?device=sdk_gphone64_x86_64%20-%2016%20-%20API%2036&app=com.anonymous.ecofit&clientid=DevLauncherBridgelessDevSupportManager
Nov 05, 2025 12:45:55 AM io.gapi.emulators.netty.NotFoundHandler handleRequest
INFO: Unknown request URI: /message?device=sdk_gphone64_x86_64%20-%2016%20-%20API%2036&app=com.anonymous.ecofit&clientid=DevLauncherBridgelessDevSupportManager
Nov 05, 2025 12:45:57 AM io.gapi.emulators.netty.NotFoundHandler handleRequest
INFO: Unknown request URI: /message?device=sdk_gphone64_x86_64%20-%2016%20-%20API%2036&app=com.anonymous.ecofit&clientid=DevLauncherBridgelessDevSupportManager
Nov 05, 2025 12:45:59 AM io.gapi.emulators.netty.NotFoundHandler handleRequest
INFO: Unknown request URI: /message?device=sdk_gphone64_x86_64%20-%2016%20-%20API%2036&app=com.anonymous.ecofit&clientid=DevLauncherBridgelessDevSupportManager
Nov 05, 2025 12:46:01 AM io.gapi.emulators.netty.NotFoundHandler handleRequest
INFO: Unknown request URI: /message?device=sdk_gphone64_x86_64%20-%2016%20-%20API%2036&app=com.anonymous.ecofit&clientid=DevLauncherBridgelessDevSupportManager
Nov 05, 2025 12:46:03 AM io.gapi.emulators.netty.NotFoundHandler handleRequest
INFO: Unknown request URI: /message?device=sdk_gphone64_x86_64%20-%2016%20-%20API%2036&app=com.anonymous.ecofit&clientid=DevLauncherBridgelessDevSupportManager
Nov 05, 2025 12:46:05 AM io.gapi.emulators.netty.NotFoundHandler handleRequest
INFO: Unknown request URI: /message?device=sdk_gphone64_x86_64%20-%2016%20-%20API%2036&app=com.anonymous.ecofit&clientid=DevLauncherBridgelessDevSupportManager
Nov 05, 2025 12:46:07 AM io.gapi.emulators.netty.NotFoundHandler handleRequest
INFO: Unknown request URI: /message?device=sdk_gphone64_x86_64%20-%2016%20-%20API%2036&app=com.anonymous.ecofit&clientid=DevLauncherBridgelessDevSupportManager
Nov 05, 2025 12:46:09 AM io.gapi.emulators.netty.NotFoundHandler handleRequest
INFO: Unknown request URI: /message?device=sdk_gphone64_x86_64%20-%2016%20-%20API%2036&app=com.anonymous.ecofit&clientid=DevLauncherBridgelessDevSupportManager
Nov 05, 2025 12:46:11 AM io.gapi.emulators.netty.NotFoundHandler handleRequest
INFO: Unknown request URI: /message?device=sdk_gphone64_x86_64%20-%2016%20-%20API%2036&app=com.anonymous.ecofit&clientid=DevLauncherBridgelessDevSupportManager
Nov 05, 2025 12:46:13 AM io.gapi.emulators.netty.NotFoundHandler handleRequest
INFO: Unknown request URI: /message?device=sdk_gphone64_x86_64%20-%2016%20-%20API%2036&app=com.anonymous.ecofit&clientid=DevLauncherBridgelessDevSupportManager
Nov 05, 2025 12:46:15 AM io.gapi.emulators.netty.NotFoundHandler handleRequest
INFO: Unknown request URI: /message?device=sdk_gphone64_x86_64%20-%2016%20-%20API%2036&app=com.anonymous.ecofit&clientid=DevLauncherBridgelessDevSupportManager
Nov 05, 2025 12:46:17 AM io.gapi.emulators.netty.NotFoundHandler handleRequest
INFO: Unknown request URI: /message?device=sdk_gphone64_x86_64%20-%2016%20-%20API%2036&app=com.anonymous.ecofit&clientid=DevLauncherBridgelessDevSupportManager
Nov 05, 2025 12:46:19 AM io.gapi.emulators.netty.NotFoundHandler handleRequest
INFO: Unknown request URI: /message?device=sdk_gphone64_x86_64%20-%2016%20-%20API%2036&app=com.anonymous.ecofit&clientid=DevLauncherBridgelessDevSupportManager
Nov 05, 2025 12:46:21 AM io.gapi.emulators.netty.NotFoundHandler handleRequest
INFO: Unknown request URI: /message?device=sdk_gphone64_x86_64%20-%2016%20-%20API%2036&app=com.anonymous.ecofit&clientid=DevLauncherBridgelessDevSupportManager
Nov 05, 2025 12:46:23 AM io.gapi.emulators.netty.NotFoundHandler handleRequest
INFO: Unknown request URI: /message?device=sdk_gphone64_x86_64%20-%2016%20-%20API%2036&app=com.anonymous.ecofit&clientid=DevLauncherBridgelessDevSupportManager
Nov 05, 2025 12:46:25 AM io.gapi.emulators.netty.NotFoundHandler handleRequest
INFO: Unknown request URI: /message?device=sdk_gphone64_x86_64%20-%2016%20-%20API%2036&app=com.anonymous.ecofit&clientid=DevLauncherBridgelessDevSupportManager
Nov 05, 2025 12:46:27 AM io.gapi.emulators.netty.NotFoundHandler handleRequest
INFO: Unknown request URI: /message?device=sdk_gphone64_x86_64%20-%2016%20-%20API%2036&app=com.anonymous.ecofit&clientid=DevLauncherBridgelessDevSupportManager
Nov 05, 2025 12:46:29 AM io.gapi.emulators.netty.NotFoundHandler handleRequest
INFO: Unknown request URI: /message?device=sdk_gphone64_x86_64%20-%2016%20-%20API%2036&app=com.anonymous.ecofit&clientid=DevLauncherBridgelessDevSupportManager
Nov 05, 2025 12:46:31 AM io.gapi.emulators.netty.NotFoundHandler handleRequest
INFO: Unknown request URI: /message?device=sdk_gphone64_x86_64%20-%2016%20-%20API%2036&app=com.anonymous.ecofit&clientid=DevLauncherBridgelessDevSupportManager
Nov 05, 2025 12:46:33 AM io.gapi.emulators.netty.NotFoundHandler handleRequest
INFO: Unknown request URI: /message?device=sdk_gphone64_x86_64%20-%2016%20-%20API%2036&app=com.anonymous.ecofit&clientid=DevLauncherBridgelessDevSupportManager
Nov 05, 2025 12:46:35 AM io.gapi.emulators.netty.NotFoundHandler handleRequest
INFO: Unknown request URI: /message?device=sdk_gphone64_x86_64%20-%2016%20-%20API%2036&app=com.anonymous.ecofit&clientid=DevLauncherBridgelessDevSupportManager
Nov 05, 2025 12:46:37 AM io.gapi.emulators.netty.NotFoundHandler handleRequest
INFO: Unknown request URI: /message?device=sdk_gphone64_x86_64%20-%2016%20-%20API%2036&app=com.anonymous.ecofit&clientid=DevLauncherBridgelessDevSupportManager
Nov 05, 2025 12:46:39 AM io.gapi.emulators.netty.NotFoundHandler handleRequest
INFO: Unknown request URI: /message?device=sdk_gphone64_x86_64%20-%2016%20-%20API%2036&app=com.anonymous.ecofit&clientid=DevLauncherBridgelessDevSupportManager
Nov 05, 2025 12:46:41 AM io.gapi.emulators.netty.NotFoundHandler handleRequest
INFO: Unknown request URI: /message?device=sdk_gphone64_x86_64%20-%2016%20-%20API%2036&app=com.anonymous.ecofit&clientid=DevLauncherBridgelessDevSupportManager
Nov 05, 2025 12:46:43 AM io.gapi.emulators.netty.NotFoundHandler handleRequest
INFO: Unknown request URI: /message?device=sdk_gphone64_x86_64%20-%2016%20-%20API%2036&app=com.anonymous.ecofit&clientid=DevLauncherBridgelessDevSupportManager
Nov 05, 2025 12:46:45 AM io.gapi.emulators.netty.NotFoundHandler handleRequest
INFO: Unknown request URI: /message?device=sdk_gphone64_x86_64%20-%2016%20-%20API%2036&app=com.anonymous.ecofit&clientid=DevLauncherBridgelessDevSupportManager
Nov 05, 2025 12:46:47 AM io.gapi.emulators.netty.NotFoundHandler handleRequest
INFO: Unknown request URI: /message?device=sdk_gphone64_x86_64%20-%2016%20-%20API%2036&app=com.anonymous.ecofit&clientid=DevLauncherBridgelessDevSupportManager
Nov 05, 2025 12:46:49 AM io.gapi.emulators.netty.NotFoundHandler handleRequest
INFO: Unknown request URI: /message?device=sdk_gphone64_x86_64%20-%2016%20-%20API%2036&app=com.anonymous.ecofit&clientid=DevLauncherBridgelessDevSupportManager
Nov 05, 2025 12:46:51 AM io.gapi.emulators.netty.NotFoundHandler handleRequest
INFO: Unknown request URI: /message?device=sdk_gphone64_x86_64%20-%2016%20-%20API%2036&app=com.anonymous.ecofit&clientid=DevLauncherBridgelessDevSupportManager
Nov 05, 2025 12:46:53 AM io.gapi.emulators.netty.NotFoundHandler handleRequest
INFO: Unknown request URI: /message?device=sdk_gphone64_x86_64%20-%2016%20-%20API%2036&app=com.anonymous.ecofit&clientid=DevLauncherBridgelessDevSupportManager
Nov 05, 2025 12:46:55 AM io.gapi.emulators.netty.NotFoundHandler handleRequest
INFO: Unknown request URI: /message?device=sdk_gphone64_x86_64%20-%2016%20-%20API%2036&app=com.anonymous.ecofit&clientid=DevLauncherBridgelessDevSupportManager
Nov 05, 2025 12:46:57 AM io.gapi.emulators.netty.NotFoundHandler handleRequest
INFO: Unknown request URI: /message?device=sdk_gphone64_x86_64%20-%2016%20-%20API%2036&app=com.anonymous.ecofit&clientid=DevLauncherBridgelessDevSupportManager
Nov 05, 2025 12:46:59 AM io.gapi.emulators.netty.NotFoundHandler handleRequest
INFO: Unknown request URI: /message?device=sdk_gphone64_x86_64%20-%2016%20-%20API%2036&app=com.anonymous.ecofit&clientid=DevLauncherBridgelessDevSupportManager
Nov 05, 2025 12:47:01 AM io.gapi.emulators.netty.NotFoundHandler handleRequest
INFO: Unknown request URI: /message?device=sdk_gphone64_x86_64%20-%2016%20-%20API%2036&app=com.anonymous.ecofit&clientid=DevLauncherBridgelessDevSupportManager
Nov 05, 2025 12:47:03 AM io.gapi.emulators.netty.NotFoundHandler handleRequest
INFO: Unknown request URI: /message?device=sdk_gphone64_x86_64%20-%2016%20-%20API%2036&app=com.anonymous.ecofit&clientid=DevLauncherBridgelessDevSupportManager
Nov 05, 2025 12:47:05 AM io.gapi.emulators.netty.NotFoundHandler handleRequest
INFO: Unknown request URI: /message?device=sdk_gphone64_x86_64%20-%2016%20-%20API%2036&app=com.anonymous.ecofit&clientid=DevLauncherBridgelessDevSupportManager
Nov 05, 2025 12:47:07 AM io.gapi.emulators.netty.NotFoundHandler handleRequest
INFO: Unknown request URI: /message?device=sdk_gphone64_x86_64%20-%2016%20-%20API%2036&app=com.anonymous.ecofit&clientid=DevLauncherBridgelessDevSupportManager
Nov 05, 2025 12:47:09 AM io.gapi.emulators.netty.NotFoundHandler handleRequest
INFO: Unknown request URI: /message?device=sdk_gphone64_x86_64%20-%2016%20-%20API%2036&app=com.anonymous.ecofit&clientid=DevLauncherBridgelessDevSupportManager
Nov 05, 2025 12:47:11 AM io.gapi.emulators.netty.NotFoundHandler handleRequest
INFO: Unknown request URI: /message?device=sdk_gphone64_x86_64%20-%2016%20-%20API%2036&app=com.anonymous.ecofit&clientid=DevLauncherBridgelessDevSupportManager
Nov 05, 2025 12:47:13 AM io.gapi.emulators.netty.NotFoundHandler handleRequest
INFO: Unknown request URI: /message?device=sdk_gphone64_x86_64%20-%2016%20-%20API%2036&app=com.anonymous.ecofit&clientid=DevLauncherBridgelessDevSupportManager
Nov 05, 2025 12:47:15 AM io.gapi.emulators.netty.NotFoundHandler handleRequest
INFO: Unknown request URI: /message?device=sdk_gphone64_x86_64%20-%2016%20-%20API%2036&app=com.anonymous.ecofit&clientid=DevLauncherBridgelessDevSupportManager
Nov 05, 2025 12:47:17 AM io.gapi.emulators.netty.NotFoundHandler handleRequest
INFO: Unknown request URI: /message?device=sdk_gphone64_x86_64%20-%2016%20-%20API%2036&app=com.anonymous.ecofit&clientid=DevLauncherBridgelessDevSupportManager
Nov 05, 2025 12:47:19 AM io.gapi.emulators.netty.NotFoundHandler handleRequest
INFO: Unknown request URI: /message?device=sdk_gphone64_x86_64%20-%2016%20-%20API%2036&app=com.anonymous.ecofit&clientid=DevLauncherBridgelessDevSupportManager
Nov 05, 2025 12:47:21 AM io.gapi.emulators.netty.NotFoundHandler handleRequest
INFO: Unknown request URI: /message?device=sdk_gphone64_x86_64%20-%2016%20-%20API%2036&app=com.anonymous.ecofit&clientid=DevLauncherBridgelessDevSupportManager
Nov 05, 2025 12:47:23 AM io.gapi.emulators.netty.NotFoundHandler handleRequest
INFO: Unknown request URI: /message?device=sdk_gphone64_x86_64%20-%2016%20-%20API%2036&app=com.anonymous.ecofit&clientid=DevLauncherBridgelessDevSupportManager
Nov 05, 2025 12:47:25 AM io.gapi.emulators.netty.NotFoundHandler handleRequest
INFO: Unknown request URI: /message?device=sdk_gphone64_x86_64%20-%2016%20-%20API%2036&app=com.anonymous.ecofit&clientid=DevLauncherBridgelessDevSupportManager
Nov 05, 2025 12:47:27 AM io.gapi.emulators.netty.NotFoundHandler handleRequest
INFO: Unknown request URI: /message?device=sdk_gphone64_x86_64%20-%2016%20-%20API%2036&app=com.anonymous.ecofit&clientid=DevLauncherBridgelessDevSupportManager
Nov 05, 2025 12:47:29 AM io.gapi.emulators.netty.NotFoundHandler handleRequest
INFO: Unknown request URI: /message?device=sdk_gphone64_x86_64%20-%2016%20-%20API%2036&app=com.anonymous.ecofit&clientid=DevLauncherBridgelessDevSupportManager
Nov 05, 2025 12:47:31 AM io.gapi.emulators.netty.NotFoundHandler handleRequest
INFO: Unknown request URI: /message?device=sdk_gphone64_x86_64%20-%2016%20-%20API%2036&app=com.anonymous.ecofit&clientid=DevLauncherBridgelessDevSupportManager
Nov 05, 2025 12:47:33 AM io.gapi.emulators.netty.NotFoundHandler handleRequest
INFO: Unknown request URI: /message?device=sdk_gphone64_x86_64%20-%2016%20-%20API%2036&app=com.anonymous.ecofit&clientid=DevLauncherBridgelessDevSupportManager
Nov 05, 2025 12:47:35 AM io.gapi.emulators.netty.NotFoundHandler handleRequest
INFO: Unknown request URI: /message?device=sdk_gphone64_x86_64%20-%2016%20-%20API%2036&app=com.anonymous.ecofit&clientid=DevLauncherBridgelessDevSupportManager
Nov 05, 2025 12:47:37 AM io.gapi.emulators.netty.NotFoundHandler handleRequest
INFO: Unknown request URI: /message?device=sdk_gphone64_x86_64%20-%2016%20-%20API%2036&app=com.anonymous.ecofit&clientid=DevLauncherBridgelessDevSupportManager
Nov 05, 2025 12:47:39 AM io.gapi.emulators.netty.NotFoundHandler handleRequest
INFO: Unknown request URI: /message?device=sdk_gphone64_x86_64%20-%2016%20-%20API%2036&app=com.anonymous.ecofit&clientid=DevLauncherBridgelessDevSupportManager
Nov 05, 2025 12:47:41 AM io.gapi.emulators.netty.NotFoundHandler handleRequest
INFO: Unknown request URI: /message?device=sdk_gphone64_x86_64%20-%2016%20-%20API%2036&app=com.anonymous.ecofit&clientid=DevLauncherBridgelessDevSupportManager
Nov 05, 2025 12:47:43 AM io.gapi.emulators.netty.NotFoundHandler handleRequest
INFO: Unknown request URI: /message?device=sdk_gphone64_x86_64%20-%2016%20-%20API%2036&app=com.anonymous.ecofit&clientid=DevLauncherBridgelessDevSupportManager
Nov 05, 2025 12:47:45 AM io.gapi.emulators.netty.NotFoundHandler handleRequest
INFO: Unknown request URI: /message?device=sdk_gphone64_x86_64%20-%2016%20-%20API%2036&app=com.anonymous.ecofit&clientid=DevLauncherBridgelessDevSupportManager
Nov 05, 2025 12:47:47 AM io.gapi.emulators.netty.NotFoundHandler handleRequest
INFO: Unknown request URI: /message?device=sdk_gphone64_x86_64%20-%2016%20-%20API%2036&app=com.anonymous.ecofit&clientid=DevLauncherBridgelessDevSupportManager
Nov 05, 2025 12:47:49 AM io.gapi.emulators.netty.NotFoundHandler handleRequest
INFO: Unknown request URI: /message?device=sdk_gphone64_x86_64%20-%2016%20-%20API%2036&app=com.anonymous.ecofit&clientid=DevLauncherBridgelessDevSupportManager
Nov 05, 2025 12:47:51 AM io.gapi.emulators.netty.NotFoundHandler handleRequest
INFO: Unknown request URI: /message?device=sdk_gphone64_x86_64%20-%2016%20-%20API%2036&app=com.anonymous.ecofit&clientid=DevLauncherBridgelessDevSupportManager
Nov 05, 2025 12:47:53 AM io.gapi.emulators.netty.NotFoundHandler handleRequest
INFO: Unknown request URI: /message?device=sdk_gphone64_x86_64%20-%2016%20-%20API%2036&app=com.anonymous.ecofit&clientid=DevLauncherBridgelessDevSupportManager
Nov 05, 2025 12:47:55 AM io.gapi.emulators.netty.NotFoundHandler handleRequest
INFO: Unknown request URI: /message?device=sdk_gphone64_x86_64%20-%2016%20-%20API%2036&app=com.anonymous.ecofit&clientid=DevLauncherBridgelessDevSupportManager
Nov 05, 2025 12:47:57 AM io.gapi.emulators.netty.NotFoundHandler handleRequest
INFO: Unknown request URI: /message?device=sdk_gphone64_x86_64%20-%2016%20-%20API%2036&app=com.anonymous.ecofit&clientid=DevLauncherBridgelessDevSupportManager
Nov 05, 2025 12:47:59 AM io.gapi.emulators.netty.NotFoundHandler handleRequest
INFO: Unknown request URI: /message?device=sdk_gphone64_x86_64%20-%2016%20-%20API%2036&app=com.anonymous.ecofit&clientid=DevLauncherBridgelessDevSupportManager
Nov 05, 2025 12:48:01 AM io.gapi.emulators.netty.NotFoundHandler handleRequest
INFO: Unknown request URI: /message?device=sdk_gphone64_x86_64%20-%2016%20-%20API%2036&app=com.anonymous.ecofit&clientid=DevLauncherBridgelessDevSupportManager
Nov 05, 2025 12:48:03 AM io.gapi.emulators.netty.NotFoundHandler handleRequest
INFO: Unknown request URI: /message?device=sdk_gphone64_x86_64%20-%2016%20-%20API%2036&app=com.anonymous.ecofit&clientid=DevLauncherBridgelessDevSupportManager
Nov 05, 2025 12:48:05 AM io.gapi.emulators.netty.NotFoundHandler handleRequest
INFO: Unknown request URI: /message?device=sdk_gphone64_x86_64%20-%2016%20-%20API%2036&app=com.anonymous.ecofit&clientid=DevLauncherBridgelessDevSupportManager
Nov 05, 2025 12:48:07 AM io.gapi.emulators.netty.NotFoundHandler handleRequest
INFO: Unknown request URI: /message?device=sdk_gphone64_x86_64%20-%2016%20-%20API%2036&app=com.anonymous.ecofit&clientid=DevLauncherBridgelessDevSupportManager
Nov 05, 2025 12:48:09 AM io.gapi.emulators.netty.NotFoundHandler handleRequest
INFO: Unknown request URI: /message?device=sdk_gphone64_x86_64%20-%2016%20-%20API%2036&app=com.anonymous.ecofit&clientid=DevLauncherBridgelessDevSupportManager
Nov 05, 2025 12:48:11 AM io.gapi.emulators.netty.NotFoundHandler handleRequest
INFO: Unknown request URI: /message?device=sdk_gphone64_x86_64%20-%2016%20-%20API%2036&app=com.anonymous.ecofit&clientid=DevLauncherBridgelessDevSupportManager
Nov 05, 2025 12:48:13 AM io.gapi.emulators.netty.NotFoundHandler handleRequest
INFO: Unknown request URI: /message?device=sdk_gphone64_x86_64%20-%2016%20-%20API%2036&app=com.anonymous.ecofit&clientid=DevLauncherBridgelessDevSupportManager
Nov 05, 2025 12:48:15 AM io.gapi.emulators.netty.NotFoundHandler handleRequest
INFO: Unknown request URI: /message?device=sdk_gphone64_x86_64%20-%2016%20-%20API%2036&app=com.anonymous.ecofit&clientid=DevLauncherBridgelessDevSupportManager
Nov 05, 2025 12:48:17 AM io.gapi.emulators.netty.NotFoundHandler handleRequest
INFO: Unknown request URI: /message?device=sdk_gphone64_x86_64%20-%2016%20-%20API%2036&app=com.anonymous.ecofit&clientid=DevLauncherBridgelessDevSupportManager
Nov 05, 2025 12:48:19 AM io.gapi.emulators.netty.NotFoundHandler handleRequest
INFO: Unknown request URI: /message?device=sdk_gphone64_x86_64%20-%2016%20-%20API%2036&app=com.anonymous.ecofit&clientid=DevLauncherBridgelessDevSupportManager
Nov 05, 2025 12:48:21 AM io.gapi.emulators.netty.NotFoundHandler handleRequest
INFO: Unknown request URI: /message?device=sdk_gphone64_x86_64%20-%2016%20-%20API%2036&app=com.anonymous.ecofit&clientid=DevLauncherBridgelessDevSupportManager
Nov 05, 2025 12:48:23 AM io.gapi.emulators.netty.NotFoundHandler handleRequest
INFO: Unknown request URI: /message?device=sdk_gphone64_x86_64%20-%2016%20-%20API%2036&app=com.anonymous.ecofit&clientid=DevLauncherBridgelessDevSupportManager
Nov 05, 2025 12:48:25 AM io.gapi.emulators.netty.NotFoundHandler handleRequest
INFO: Unknown request URI: /message?device=sdk_gphone64_x86_64%20-%2016%20-%20API%2036&app=com.anonymous.ecofit&clientid=DevLauncherBridgelessDevSupportManager
Nov 05, 2025 12:48:27 AM io.gapi.emulators.netty.NotFoundHandler handleRequest
INFO: Unknown request URI: /message?device=sdk_gphone64_x86_64%20-%2016%20-%20API%2036&app=com.anonymous.ecofit&clientid=DevLauncherBridgelessDevSupportManager
Nov 05, 2025 12:48:29 AM io.gapi.emulators.netty.NotFoundHandler handleRequest
INFO: Unknown request URI: /message?device=sdk_gphone64_x86_64%20-%2016%20-%20API%2036&app=com.anonymous.ecofit&clientid=DevLauncherBridgelessDevSupportManager
Nov 05, 2025 12:48:31 AM io.gapi.emulators.netty.NotFoundHandler handleRequest
INFO: Unknown request URI: /message?device=sdk_gphone64_x86_64%20-%2016%20-%20API%2036&app=com.anonymous.ecofit&clientid=DevLauncherBridgelessDevSupportManager
Nov 05, 2025 12:48:33 AM io.gapi.emulators.netty.NotFoundHandler handleRequest
INFO: Unknown request URI: /message?device=sdk_gphone64_x86_64%20-%2016%20-%20API%2036&app=com.anonymous.ecofit&clientid=DevLauncherBridgelessDevSupportManager
Nov 05, 2025 12:48:35 AM io.gapi.emulators.netty.NotFoundHandler handleRequest
INFO: Unknown request URI: /message?device=sdk_gphone64_x86_64%20-%2016%20-%20API%2036&app=com.anonymous.ecofit&clientid=DevLauncherBridgelessDevSupportManager
Nov 05, 2025 12:48:37 AM io.gapi.emulators.netty.NotFoundHandler handleRequest
INFO: Unknown request URI: /message?device=sdk_gphone64_x86_64%20-%2016%20-%20API%2036&app=com.anonymous.ecofit&clientid=DevLauncherBridgelessDevSupportManager
Nov 05, 2025 12:48:39 AM io.gapi.emulators.netty.NotFoundHandler handleRequest
INFO: Unknown request URI: /message?device=sdk_gphone64_x86_64%20-%2016%20-%20API%2036&app=com.anonymous.ecofit&clientid=DevLauncherBridgelessDevSupportManager
Nov 05, 2025 12:48:41 AM io.gapi.emulators.netty.NotFoundHandler handleRequest
INFO: Unknown request URI: /message?device=sdk_gphone64_x86_64%20-%2016%20-%20API%2036&app=com.anonymous.ecofit&clientid=DevLauncherBridgelessDevSupportManager
Nov 05, 2025 12:48:43 AM io.gapi.emulators.netty.NotFoundHandler handleRequest
INFO: Unknown request URI: /message?device=sdk_gphone64_x86_64%20-%2016%20-%20API%2036&app=com.anonymous.ecofit&clientid=DevLauncherBridgelessDevSupportManager
Nov 05, 2025 12:48:45 AM io.gapi.emulators.netty.NotFoundHandler handleRequest
INFO: Unknown request URI: /message?device=sdk_gphone64_x86_64%20-%2016%20-%20API%2036&app=com.anonymous.ecofit&clientid=DevLauncherBridgelessDevSupportManager
Nov 05, 2025 12:48:47 AM io.gapi.emulators.netty.NotFoundHandler handleRequest
INFO: Unknown request URI: /message?device=sdk_gphone64_x86_64%20-%2016%20-%20API%2036&app=com.anonymous.ecofit&clientid=DevLauncherBridgelessDevSupportManager
Nov 05, 2025 12:48:49 AM io.gapi.emulators.netty.NotFoundHandler handleRequest
INFO: Unknown request URI: /message?device=sdk_gphone64_x86_64%20-%2016%20-%20API%2036&app=com.anonymous.ecofit&clientid=DevLauncherBridgelessDevSupportManager
Nov 05, 2025 12:48:51 AM io.gapi.emulators.netty.NotFoundHandler handleRequest
INFO: Unknown request URI: /message?device=sdk_gphone64_x86_64%20-%2016%20-%20API%2036&app=com.anonymous.ecofit&clientid=DevLauncherBridgelessDevSupportManager
Nov 05, 2025 12:48:53 AM io.gapi.emulators.netty.NotFoundHandler handleRequest
INFO: Unknown request URI: /message?device=sdk_gphone64_x86_64%20-%2016%20-%20API%2036&app=com.anonymous.ecofit&clientid=DevLauncherBridgelessDevSupportManager
Nov 05, 2025 12:48:55 AM io.gapi.emulators.netty.NotFoundHandler handleRequest
INFO: Unknown request URI: /message?device=sdk_gphone64_x86_64%20-%2016%20-%20API%2036&app=com.anonymous.ecofit&clientid=DevLauncherBridgelessDevSupportManager
Nov 05, 2025 12:48:57 AM io.gapi.emulators.netty.NotFoundHandler handleRequest
INFO: Unknown request URI: /message?device=sdk_gphone64_x86_64%20-%2016%20-%20API%2036&app=com.anonymous.ecofit&clientid=DevLauncherBridgelessDevSupportManager
Nov 05, 2025 12:48:59 AM io.gapi.emulators.netty.NotFoundHandler handleRequest
INFO: Unknown request URI: /message?device=sdk_gphone64_x86_64%20-%2016%20-%20API%2036&app=com.anonymous.ecofit&clientid=DevLauncherBridgelessDevSupportManager
Nov 05, 2025 12:49:01 AM io.gapi.emulators.netty.NotFoundHandler handleRequest
INFO: Unknown request URI: /message?device=sdk_gphone64_x86_64%20-%2016%20-%20API%2036&app=com.anonymous.ecofit&clientid=DevLauncherBridgelessDevSupportManager
Nov 05, 2025 12:49:03 AM io.gapi.emulators.netty.NotFoundHandler handleRequest
INFO: Unknown request URI: /message?device=sdk_gphone64_x86_64%20-%2016%20-%20API%2036&app=com.anonymous.ecofit&clientid=DevLauncherBridgelessDevSupportManager
Nov 05, 2025 12:49:05 AM io.gapi.emulators.netty.NotFoundHandler handleRequest
INFO: Unknown request URI: /message?device=sdk_gphone64_x86_64%20-%2016%20-%20API%2036&app=com.anonymous.ecofit&clientid=DevLauncherBridgelessDevSupportManager
Nov 05, 2025 12:49:07 AM io.gapi.emulators.netty.NotFoundHandler handleRequest
INFO: Unknown request URI: /message?device=sdk_gphone64_x86_64%20-%2016%20-%20API%2036&app=com.anonymous.ecofit&clientid=DevLauncherBridgelessDevSupportManager
Nov 05, 2025 12:49:09 AM io.gapi.emulators.netty.NotFoundHandler handleRequest
INFO: Unknown request URI: /message?device=sdk_gphone64_x86_64%20-%2016%20-%20API%2036&app=com.anonymous.ecofit&clientid=DevLauncherBridgelessDevSupportManager
Nov 05, 2025 12:49:11 AM io.gapi.emulators.netty.NotFoundHandler handleRequest
INFO: Unknown request URI: /message?device=sdk_gphone64_x86_64%20-%2016%20-%20API%2036&app=com.anonymous.ecofit&clientid=DevLauncherBridgelessDevSupportManager
Nov 05, 2025 12:49:13 AM io.gapi.emulators.netty.NotFoundHandler handleRequest
INFO: Unknown request URI: /message?device=sdk_gphone64_x86_64%20-%2016%20-%20API%2036&app=com.anonymous.ecofit&clientid=DevLauncherBridgelessDevSupportManager
Nov 05, 2025 12:49:15 AM io.gapi.emulators.netty.NotFoundHandler handleRequest
INFO: Unknown request URI: /message?device=sdk_gphone64_x86_64%20-%2016%20-%20API%2036&app=com.anonymous.ecofit&clientid=DevLauncherBridgelessDevSupportManager
Nov 05, 2025 12:49:17 AM io.gapi.emulators.netty.NotFoundHandler handleRequest
INFO: Unknown request URI: /message?device=sdk_gphone64_x86_64%20-%2016%20-%20API%2036&app=com.anonymous.ecofit&clientid=DevLauncherBridgelessDevSupportManager
Nov 05, 2025 12:49:19 AM io.gapi.emulators.netty.NotFoundHandler handleRequest
INFO: Unknown request URI: /message?device=sdk_gphone64_x86_64%20-%2016%20-%20API%2036&app=com.anonymous.ecofit&clientid=DevLauncherBridgelessDevSupportManager
Nov 05, 2025 12:49:22 AM io.gapi.emulators.netty.NotFoundHandler handleRequest
INFO: Unknown request URI: /message?device=sdk_gphone64_x86_64%20-%2016%20-%20API%2036&app=com.anonymous.ecofit&clientid=DevLauncherBridgelessDevSupportManager
Nov 05, 2025 12:49:24 AM io.gapi.emulators.netty.NotFoundHandler handleRequest
INFO: Unknown request URI: /message?device=sdk_gphone64_x86_64%20-%2016%20-%20API%2036&app=com.anonymous.ecofit&clientid=DevLauncherBridgelessDevSupportManager
Nov 05, 2025 12:49:26 AM io.gapi.emulators.netty.NotFoundHandler handleRequest
INFO: Unknown request URI: /message?device=sdk_gphone64_x86_64%20-%2016%20-%20API%2036&app=com.anonymous.ecofit&clientid=DevLauncherBridgelessDevSupportManager
Nov 05, 2025 12:49:28 AM io.gapi.emulators.netty.NotFoundHandler handleRequest
INFO: Unknown request URI: /message?device=sdk_gphone64_x86_64%20-%2016%20-%20API%2036&app=com.anonymous.ecofit&clientid=DevLauncherBridgelessDevSupportManager
Nov 05, 2025 12:49:30 AM io.gapi.emulators.netty.NotFoundHandler handleRequest
INFO: Unknown request URI: /message?device=sdk_gphone64_x86_64%20-%2016%20-%20API%2036&app=com.anonymous.ecofit&clientid=DevLauncherBridgelessDevSupportManager
Nov 05, 2025 12:49:32 AM io.gapi.emulators.netty.NotFoundHandler handleRequest
INFO: Unknown request URI: /message?device=sdk_gphone64_x86_64%20-%2016%20-%20API%2036&app=com.anonymous.ecofit&clientid=DevLauncherBridgelessDevSupportManager
Nov 05, 2025 12:49:34 AM io.gapi.emulators.netty.NotFoundHandler handleRequest
INFO: Unknown request URI: /message?device=sdk_gphone64_x86_64%20-%2016%20-%20API%2036&app=com.anonymous.ecofit&clientid=DevLauncherBridgelessDevSupportManager
Nov 05, 2025 12:49:36 AM io.gapi.emulators.netty.NotFoundHandler handleRequest
INFO: Unknown request URI: /message?device=sdk_gphone64_x86_64%20-%2016%20-%20API%2036&app=com.anonymous.ecofit&clientid=DevLauncherBridgelessDevSupportManager
Nov 05, 2025 12:49:38 AM io.gapi.emulators.netty.NotFoundHandler handleRequest
INFO: Unknown request URI: /message?device=sdk_gphone64_x86_64%20-%2016%20-%20API%2036&app=com.anonymous.ecofit&clientid=DevLauncherBridgelessDevSupportManager
Nov 05, 2025 12:49:40 AM io.gapi.emulators.netty.NotFoundHandler handleRequest
INFO: Unknown request URI: /message?device=sdk_gphone64_x86_64%20-%2016%20-%20API%2036&app=com.anonymous.ecofit&clientid=DevLauncherBridgelessDevSupportManager
Nov 05, 2025 12:49:42 AM io.gapi.emulators.netty.NotFoundHandler handleRequest
INFO: Unknown request URI: /message?device=sdk_gphone64_x86_64%20-%2016%20-%20API%2036&app=com.anonymous.ecofit&clientid=DevLauncherBridgelessDevSupportManager
Nov 05, 2025 12:49:44 AM io.gapi.emulators.netty.NotFoundHandler handleRequest
INFO: Unknown request URI: /message?device=sdk_gphone64_x86_64%20-%2016%20-%20API%2036&app=com.anonymous.ecofit&clientid=DevLauncherBridgelessDevSupportManager
Nov 05, 2025 12:49:46 AM io.gapi.emulators.netty.NotFoundHandler handleRequest
INFO: Unknown request URI: /message?device=sdk_gphone64_x86_64%20-%2016%20-%20API%2036&app=com.anonymous.ecofit&clientid=DevLauncherBridgelessDevSupportManager
Nov 05, 2025 12:49:48 AM io.gapi.emulators.netty.NotFoundHandler handleRequest
INFO: Unknown request URI: /message?device=sdk_gphone64_x86_64%20-%2016%20-%20API%2036&app=com.anonymous.ecofit&clientid=DevLauncherBridgelessDevSupportManager
Nov 05, 2025 12:49:50 AM io.gapi.emulators.netty.NotFoundHandler handleRequest
INFO: Unknown request URI: /message?device=sdk_gphone64_x86_64%20-%2016%20-%20API%2036&app=com.anonymous.ecofit&clientid=DevLauncherBridgelessDevSupportManager
Nov 05, 2025 12:49:52 AM io.gapi.emulators.netty.NotFoundHandler handleRequest
INFO: Unknown request URI: /message?device=sdk_gphone64_x86_64%20-%2016%20-%20API%2036&app=com.anonymous.ecofit&clientid=DevLauncherBridgelessDevSupportManager
Nov 05, 2025 12:49:54 AM io.gapi.emulators.netty.NotFoundHandler handleRequest
INFO: Unknown request URI: /message?device=sdk_gphone64_x86_64%20-%2016%20-%20API%2036&app=com.anonymous.ecofit&clientid=DevLauncherBridgelessDevSupportManager
Nov 05, 2025 12:49:56 AM io.gapi.emulators.netty.NotFoundHandler handleRequest
INFO: Unknown request URI: /message?device=sdk_gphone64_x86_64%20-%2016%20-%20API%2036&app=com.anonymous.ecofit&clientid=DevLauncherBridgelessDevSupportManager
Nov 05, 2025 12:49:58 AM io.gapi.emulators.netty.NotFoundHandler handleRequest
INFO: Unknown request URI: /message?device=sdk_gphone64_x86_64%20-%2016%20-%20API%2036&app=com.anonymous.ecofit&clientid=DevLauncherBridgelessDevSupportManager
Nov 05, 2025 12:50:00 AM io.gapi.emulators.netty.NotFoundHandler handleRequest
INFO: Unknown request URI: /message?device=sdk_gphone64_x86_64%20-%2016%20-%20API%2036&app=com.anonymous.ecofit&clientid=DevLauncherBridgelessDevSupportManager
Nov 05, 2025 12:50:02 AM io.gapi.emulators.netty.NotFoundHandler handleRequest
INFO: Unknown request URI: /message?device=sdk_gphone64_x86_64%20-%2016%20-%20API%2036&app=com.anonymous.ecofit&clientid=DevLauncherBridgelessDevSupportManager
Nov 05, 2025 12:50:04 AM io.gapi.emulators.netty.NotFoundHandler handleRequest
INFO: Unknown request URI: /message?device=sdk_gphone64_x86_64%20-%2016%20-%20API%2036&app=com.anonymous.ecofit&clientid=DevLauncherBridgelessDevSupportManager
Nov 05, 2025 12:50:06 AM io.gapi.emulators.netty.NotFoundHandler handleRequest
INFO: Unknown request URI: /message?device=sdk_gphone64_x86_64%20-%2016%20-%20API%2036&app=com.anonymous.ecofit&clientid=DevLauncherBridgelessDevSupportManager
Nov 05, 2025 12:50:08 AM io.gapi.emulators.netty.NotFoundHandler handleRequest
INFO: Unknown request URI: /message?device=sdk_gphone64_x86_64%20-%2016%20-%20API%2036&app=com.anonymous.ecofit&clientid=DevLauncherBridgelessDevSupportManager
Nov 05, 2025 12:50:10 AM io.gapi.emulators.netty.NotFoundHandler handleRequest
INFO: Unknown request URI: /message?device=sdk_gphone64_x86_64%20-%2016%20-%20API%2036&app=com.anonymous.ecofit&clientid=DevLauncherBridgelessDevSupportManager
Nov 05, 2025 12:50:12 AM io.gapi.emulators.netty.NotFoundHandler handleRequest
INFO: Unknown request URI: /message?device=sdk_gphone64_x86_64%20-%2016%20-%20API%2036&app=com.anonymous.ecofit&clientid=DevLauncherBridgelessDevSupportManager
Nov 05, 2025 12:50:14 AM io.gapi.emulators.netty.NotFoundHandler handleRequest
INFO: Unknown request URI: /message?device=sdk_gphone64_x86_64%20-%2016%20-%20API%2036&app=com.anonymous.ecofit&clientid=DevLauncherBridgelessDevSupportManager
Nov 05, 2025 12:50:16 AM io.gapi.emulators.netty.NotFoundHandler handleRequest
INFO: Unknown request URI: /message?device=sdk_gphone64_x86_64%20-%2016%20-%20API%2036&app=com.anonymous.ecofit&clientid=DevLauncherBridgelessDevSupportManager
Nov 05, 2025 12:50:18 AM io.gapi.emulators.netty.NotFoundHandler handleRequest
INFO: Unknown request URI: /message?device=sdk_gphone64_x86_64%20-%2016%20-%20API%2036&app=com.anonymous.ecofit&clientid=DevLauncherBridgelessDevSupportManager
Nov 05, 2025 12:50:20 AM io.gapi.emulators.netty.NotFoundHandler handleRequest
INFO: Unknown request URI: /message?device=sdk_gphone64_x86_64%20-%2016%20-%20API%2036&app=com.anonymous.ecofit&clientid=DevLauncherBridgelessDevSupportManager
Nov 05, 2025 12:50:22 AM io.gapi.emulators.netty.NotFoundHandler handleRequest
INFO: Unknown request URI: /message?device=sdk_gphone64_x86_64%20-%2016%20-%20API%2036&app=com.anonymous.ecofit&clientid=DevLauncherBridgelessDevSupportManager
Nov 05, 2025 12:50:24 AM io.gapi.emulators.netty.NotFoundHandler handleRequest
INFO: Unknown request URI: /message?device=sdk_gphone64_x86_64%20-%2016%20-%20API%2036&app=com.anonymous.ecofit&clientid=DevLauncherBridgelessDevSupportManager
Nov 05, 2025 12:50:26 AM io.gapi.emulators.netty.NotFoundHandler handleRequest
INFO: Unknown request URI: /message?device=sdk_gphone64_x86_64%20-%2016%20-%20API%2036&app=com.anonymous.ecofit&clientid=DevLauncherBridgelessDevSupportManager
Nov 05, 2025 12:50:28 AM io.gapi.emulators.netty.NotFoundHandler handleRequest
INFO: Unknown request URI: /message?device=sdk_gphone64_x86_64%20-%2016%20-%20API%2036&app=com.anonymous.ecofit&clientid=DevLauncherBridgelessDevSupportManager
Nov 05, 2025 12:50:30 AM io.gapi.emulators.netty.NotFoundHandler handleRequest
INFO: Unknown request URI: /message?device=sdk_gphone64_x86_64%20-%2016%20-%20API%2036&app=com.anonymous.ecofit&clientid=DevLauncherBridgelessDevSupportManager
Nov 05, 2025 12:50:32 AM io.gapi.emulators.netty.NotFoundHandler handleRequest
INFO: Unknown request URI: /message?device=sdk_gphone64_x86_64%20-%2016%20-%20API%2036&app=com.anonymous.ecofit&clientid=DevLauncherBridgelessDevSupportManager
Nov 05, 2025 12:50:34 AM io.gapi.emulators.netty.NotFoundHandler handleRequest
INFO: Unknown request URI: /message?device=sdk_gphone64_x86_64%20-%2016%20-%20API%2036&app=com.anonymous.ecofit&clientid=DevLauncherBridgelessDevSupportManager
Nov 05, 2025 12:50:36 AM io.gapi.emulators.netty.NotFoundHandler handleRequest
INFO: Unknown request URI: /message?device=sdk_gphone64_x86_64%20-%2016%20-%20API%2036&app=com.anonymous.ecofit&clientid=DevLauncherBridgelessDevSupportManager
Nov 05, 2025 12:50:38 AM io.gapi.emulators.netty.NotFoundHandler handleRequest
INFO: Unknown request URI: /message?device=sdk_gphone64_x86_64%20-%2016%20-%20API%2036&app=com.anonymous.ecofit&clientid=DevLauncherBridgelessDevSupportManager
Nov 05, 2025 12:50:40 AM io.gapi.emulators.netty.NotFoundHandler handleRequest
INFO: Unknown request URI: /message?device=sdk_gphone64_x86_64%20-%2016%20-%20API%2036&app=com.anonymous.ecofit&clientid=DevLauncherBridgelessDevSupportManager
Nov 05, 2025 12:50:42 AM io.gapi.emulators.netty.NotFoundHandler handleRequest
INFO: Unknown request URI: /message?device=sdk_gphone64_x86_64%20-%2016%20-%20API%2036&app=com.anonymous.ecofit&clientid=DevLauncherBridgelessDevSupportManager
Nov 05, 2025 12:50:44 AM io.gapi.emulators.netty.NotFoundHandler handleRequest
INFO: Unknown request URI: /message?device=sdk_gphone64_x86_64%20-%2016%20-%20API%2036&app=com.anonymous.ecofit&clientid=DevLauncherBridgelessDevSupportManager
Nov 05, 2025 12:50:46 AM io.gapi.emulators.netty.NotFoundHandler handleRequest
INFO: Unknown request URI: /message?device=sdk_gphone64_x86_64%20-%2016%20-%20API%2036&app=com.anonymous.ecofit&clientid=DevLauncherBridgelessDevSupportManager
Nov 05, 2025 12:50:48 AM io.gapi.emulators.netty.NotFoundHandler handleRequest
INFO: Unknown request URI: /message?device=sdk_gphone64_x86_64%20-%2016%20-%20API%2036&app=com.anonymous.ecofit&clientid=DevLauncherBridgelessDevSupportManager
Nov 05, 2025 12:50:50 AM io.gapi.emulators.netty.NotFoundHandler handleRequest
INFO: Unknown request URI: /message?device=sdk_gphone64_x86_64%20-%2016%20-%20API%2036&app=com.anonymous.ecofit&clientid=DevLauncherBridgelessDevSupportManager
Nov 05, 2025 12:50:52 AM io.gapi.emulators.netty.NotFoundHandler handleRequest
INFO: Unknown request URI: /message?device=sdk_gphone64_x86_64%20-%2016%20-%20API%2036&app=com.anonymous.ecofit&clientid=DevLauncherBridgelessDevSupportManager
Nov 05, 2025 12:50:54 AM io.gapi.emulators.netty.NotFoundHandler handleRequest
INFO: Unknown request URI: /message?device=sdk_gphone64_x86_64%20-%2016%20-%20API%2036&app=com.anonymous.ecofit&clientid=DevLauncherBridgelessDevSupportManager
Nov 05, 2025 12:50:56 AM io.gapi.emulators.netty.NotFoundHandler handleRequest
INFO: Unknown request URI: /message?device=sdk_gphone64_x86_64%20-%2016%20-%20API%2036&app=com.anonymous.ecofit&clientid=DevLauncherBridgelessDevSupportManager
Nov 05, 2025 12:50:58 AM io.gapi.emulators.netty.NotFoundHandler handleRequest
INFO: Unknown request URI: /message?device=sdk_gphone64_x86_64%20-%2016%20-%20API%2036&app=com.anonymous.ecofit&clientid=DevLauncherBridgelessDevSupportManager
Nov 05, 2025 12:51:00 AM io.gapi.emulators.netty.NotFoundHandler handleRequest
INFO: Unknown request URI: /message?device=sdk_gphone64_x86_64%20-%2016%20-%20API%2036&app=com.anonymous.ecofit&clientid=DevLauncherBridgelessDevSupportManager
Nov 05, 2025 12:51:02 AM io.gapi.emulators.netty.NotFoundHandler handleRequest
INFO: Unknown request URI: /message?device=sdk_gphone64_x86_64%20-%2016%20-%20API%2036&app=com.anonymous.ecofit&clientid=DevLauncherBridgelessDevSupportManager
Nov 05, 2025 12:51:04 AM io.gapi.emulators.netty.NotFoundHandler handleRequest
INFO: Unknown request URI: /message?device=sdk_gphone64_x86_64%20-%2016%20-%20API%2036&app=com.anonymous.ecofit&clientid=DevLauncherBridgelessDevSupportManager
Nov 05, 2025 12:51:06 AM io.gapi.emulators.netty.NotFoundHandler handleRequest
INFO: Unknown request URI: /message?device=sdk_gphone64_x86_64%20-%2016%20-%20API%2036&app=com.anonymous.ecofit&clientid=DevLauncherBridgelessDevSupportManager
Nov 05, 2025 12:51:08 AM io.gapi.emulators.netty.NotFoundHandler handleRequest
INFO: Unknown request URI: /message?device=sdk_gphone64_x86_64%20-%2016%20-%20API%2036&app=com.anonymous.ecofit&clientid=DevLauncherBridgelessDevSupportManager
Nov 05, 2025 12:51:10 AM io.gapi.emulators.netty.NotFoundHandler handleRequest
INFO: Unknown request URI: /message?device=sdk_gphone64_x86_64%20-%2016%20-%20API%2036&app=com.anonymous.ecofit&clientid=DevLauncherBridgelessDevSupportManager
Nov 05, 2025 12:51:12 AM io.gapi.emulators.netty.NotFoundHandler handleRequest
INFO: Unknown request URI: /message?device=sdk_gphone64_x86_64%20-%2016%20-%20API%2036&app=com.anonymous.ecofit&clientid=DevLauncherBridgelessDevSupportManager
Nov 05, 2025 12:51:14 AM io.gapi.emulators.netty.NotFoundHandler handleRequest
INFO: Unknown request URI: /message?device=sdk_gphone64_x86_64%20-%2016%20-%20API%2036&app=com.anonymous.ecofit&clientid=DevLauncherBridgelessDevSupportManager
Nov 05, 2025 12:51:16 AM io.gapi.emulators.netty.NotFoundHandler handleRequest
INFO: Unknown request URI: /message?device=sdk_gphone64_x86_64%20-%2016%20-%20API%2036&app=com.anonymous.ecofit&clientid=DevLauncherBridgelessDevSupportManager
Nov 05, 2025 12:51:18 AM io.gapi.emulators.netty.NotFoundHandler handleRequest
INFO: Unknown request URI: /message?device=sdk_gphone64_x86_64%20-%2016%20-%20API%2036&app=com.anonymous.ecofit&clientid=DevLauncherBridgelessDevSupportManager
Nov 05, 2025 12:51:20 AM io.gapi.emulators.netty.NotFoundHandler handleRequest
INFO: Unknown request URI: /message?device=sdk_gphone64_x86_64%20-%2016%20-%20API%2036&app=com.anonymous.ecofit&clientid=DevLauncherBridgelessDevSupportManager
Nov 05, 2025 12:51:22 AM io.gapi.emulators.netty.NotFoundHandler handleRequest
INFO: Unknown request URI: /message?device=sdk_gphone64_x86_64%20-%2016%20-%20API%2036&app=com.anonymous.ecofit&clientid=DevLauncherBridgelessDevSupportManager
Nov 05, 2025 12:51:24 AM io.gapi.emulators.netty.NotFoundHandler handleRequest
INFO: Unknown request URI: /message?device=sdk_gphone64_x86_64%20-%2016%20-%20API%2036&app=com.anonymous.ecofit&clientid=DevLauncherBridgelessDevSupportManager
Nov 05, 2025 12:51:26 AM io.gapi.emulators.netty.NotFoundHandler handleRequest
INFO: Unknown request URI: /message?device=sdk_gphone64_x86_64%20-%2016%20-%20API%2036&app=com.anonymous.ecofit&clientid=DevLauncherBridgelessDevSupportManager
Nov 05, 2025 12:51:28 AM io.gapi.emulators.netty.NotFoundHandler handleRequest
INFO: Unknown request URI: /message?device=sdk_gphone64_x86_64%20-%2016%20-%20API%2036&app=com.anonymous.ecofit&clientid=DevLauncherBridgelessDevSupportManager
Nov 05, 2025 12:51:30 AM io.gapi.emulators.netty.NotFoundHandler handleRequest
INFO: Unknown request URI: /message?device=sdk_gphone64_x86_64%20-%2016%20-%20API%2036&app=com.anonymous.ecofit&clientid=DevLauncherBridgelessDevSupportManager
Nov 05, 2025 12:51:32 AM io.gapi.emulators.netty.NotFoundHandler handleRequest
INFO: Unknown request URI: /message?device=sdk_gphone64_x86_64%20-%2016%20-%20API%2036&app=com.anonymous.ecofit&clientid=DevLauncherBridgelessDevSupportManager
Nov 05, 2025 12:51:34 AM io.gapi.emulators.netty.NotFoundHandler handleRequest
INFO: Unknown request URI: /message?device=sdk_gphone64_x86_64%20-%2016%20-%20API%2036&app=com.anonymous.ecofit&clientid=DevLauncherBridgelessDevSupportManager
Nov 05, 2025 12:51:36 AM io.gapi.emulators.netty.NotFoundHandler handleRequest
INFO: Unknown request URI: /message?device=sdk_gphone64_x86_64%20-%2016%20-%20API%2036&app=com.anonymous.ecofit&clientid=DevLauncherBridgelessDevSupportManager
Nov 05, 2025 12:51:38 AM io.gapi.emulators.netty.NotFoundHandler handleRequest
INFO: Unknown request URI: /message?device=sdk_gphone64_x86_64%20-%2016%20-%20API%2036&app=com.anonymous.ecofit&clientid=DevLauncherBridgelessDevSupportManager
Nov 05, 2025 12:51:40 AM io.gapi.emulators.netty.NotFoundHandler handleRequest
INFO: Unknown request URI: /message?device=sdk_gphone64_x86_64%20-%2016%20-%20API%2036&app=com.anonymous.ecofit&clientid=DevLauncherBridgelessDevSupportManager
Nov 05, 2025 12:51:42 AM io.gapi.emulators.netty.NotFoundHandler handleRequest
INFO: Unknown request URI: /message?device=sdk_gphone64_x86_64%20-%2016%20-%20API%2036&app=com.anonymous.ecofit&clientid=DevLauncherBridgelessDevSupportManager
Nov 05, 2025 12:51:44 AM io.gapi.emulators.netty.NotFoundHandler handleRequest
INFO: Unknown request URI: /message?device=sdk_gphone64_x86_64%20-%2016%20-%20API%2036&app=com.anonymous.ecofit&clientid=DevLauncherBridgelessDevSupportManager
Nov 05, 2025 12:51:46 AM io.gapi.emulators.netty.NotFoundHandler handleRequest
INFO: Unknown request URI: /message?device=sdk_gphone64_x86_64%20-%2016%20-%20API%2036&app=com.anonymous.ecofit&clientid=DevLauncherBridgelessDevSupportManager
Nov 05, 2025 12:51:48 AM io.gapi.emulators.netty.NotFoundHandler handleRequest
INFO: Unknown request URI: /message?device=sdk_gphone64_x86_64%20-%2016%20-%20API%2036&app=com.anonymous.ecofit&clientid=DevLauncherBridgelessDevSupportManager
Nov 05, 2025 12:51:50 AM io.gapi.emulators.netty.NotFoundHandler handleRequest
INFO: Unknown request URI: /message?device=sdk_gphone64_x86_64%20-%2016%20-%20API%2036&app=com.anonymous.ecofit&clientid=DevLauncherBridgelessDevSupportManager
Nov 05, 2025 12:51:52 AM io.gapi.emulators.netty.NotFoundHandler handleRequest
INFO: Unknown request URI: /message?device=sdk_gphone64_x86_64%20-%2016%20-%20API%2036&app=com.anonymous.ecofit&clientid=DevLauncherBridgelessDevSupportManager
Nov 05, 2025 12:51:54 AM io.gapi.emulators.netty.NotFoundHandler handleRequest
INFO: Unknown request URI: /message?device=sdk_gphone64_x86_64%20-%2016%20-%20API%2036&app=com.anonymous.ecofit&clientid=DevLauncherBridgelessDevSupportManager
Nov 05, 2025 12:51:56 AM io.gapi.emulators.netty.NotFoundHandler handleRequest
INFO: Unknown request URI: /message?device=sdk_gphone64_x86_64%20-%2016%20-%20API%2036&app=com.anonymous.ecofit&clientid=DevLauncherBridgelessDevSupportManager
Nov 05, 2025 12:51:58 AM io.gapi.emulators.netty.NotFoundHandler handleRequest
INFO: Unknown request URI: /message?device=sdk_gphone64_x86_64%20-%2016%20-%20API%2036&app=com.anonymous.ecofit&clientid=DevLauncherBridgelessDevSupportManager
Nov 05, 2025 12:52:00 AM io.gapi.emulators.netty.NotFoundHandler handleRequest
INFO: Unknown request URI: /message?device=sdk_gphone64_x86_64%20-%2016%20-%20API%2036&app=com.anonymous.ecofit&clientid=DevLauncherBridgelessDevSupportManager
Nov 05, 2025 12:52:02 AM io.gapi.emulators.netty.NotFoundHandler handleRequest
INFO: Unknown request URI: /message?device=sdk_gphone64_x86_64%20-%2016%20-%20API%2036&app=com.anonymous.ecofit&clientid=DevLauncherBridgelessDevSupportManager
Nov 05, 2025 12:52:04 AM io.gapi.emulators.netty.NotFoundHandler handleRequest
INFO: Unknown request URI: /message?device=sdk_gphone64_x86_64%20-%2016%20-%20API%2036&app=com.anonymous.ecofit&clientid=DevLauncherBridgelessDevSupportManager
Nov 05, 2025 12:52:06 AM io.gapi.emulators.netty.NotFoundHandler handleRequest
INFO: Unknown request URI: /message?device=sdk_gphone64_x86_64%20-%2016%20-%20API%2036&app=com.anonymous.ecofit&clientid=DevLauncherBridgelessDevSupportManager
Nov 05, 2025 12:52:08 AM io.gapi.emulators.netty.NotFoundHandler handleRequest
INFO: Unknown request URI: /message?device=sdk_gphone64_x86_64%20-%2016%20-%20API%2036&app=com.anonymous.ecofit&clientid=DevLauncherBridgelessDevSupportManager
Nov 05, 2025 12:52:10 AM io.gapi.emulators.netty.NotFoundHandler handleRequest
INFO: Unknown request URI: /message?device=sdk_gphone64_x86_64%20-%2016%20-%20API%2036&app=com.anonymous.ecofit&clientid=DevLauncherBridgelessDevSupportManager
Nov 05, 2025 12:52:12 AM io.gapi.emulators.netty.NotFoundHandler handleRequest
INFO: Unknown request URI: /message?device=sdk_gphone64_x86_64%20-%2016%20-%20API%2036&app=com.anonymous.ecofit&clientid=DevLauncherBridgelessDevSupportManager
Nov 05, 2025 12:52:14 AM io.gapi.emulators.netty.NotFoundHandler handleRequest
INFO: Unknown request URI: /message?device=sdk_gphone64_x86_64%20-%2016%20-%20API%2036&app=com.anonymous.ecofit&clientid=DevLauncherBridgelessDevSupportManager
Nov 05, 2025 12:52:16 AM io.gapi.emulators.netty.NotFoundHandler handleRequest
INFO: Unknown request URI: /message?device=sdk_gphone64_x86_64%20-%2016%20-%20API%2036&app=com.anonymous.ecofit&clientid=DevLauncherBridgelessDevSupportManager
Nov 05, 2025 12:52:18 AM io.gapi.emulators.netty.NotFoundHandler handleRequest
INFO: Unknown request URI: /message?device=sdk_gphone64_x86_64%20-%2016%20-%20API%2036&app=com.anonymous.ecofit&clientid=DevLauncherBridgelessDevSupportManager
Nov 05, 2025 12:52:20 AM io.gapi.emulators.netty.NotFoundHandler handleRequest
INFO: Unknown request URI: /message?device=sdk_gphone64_x86_64%20-%2016%20-%20API%2036&app=com.anonymous.ecofit&clientid=DevLauncherBridgelessDevSupportManager
Nov 05, 2025 12:52:22 AM io.gapi.emulators.netty.NotFoundHandler handleRequest
INFO: Unknown request URI: /message?device=sdk_gphone64_x86_64%20-%2016%20-%20API%2036&app=com.anonymous.ecofit&clientid=DevLauncherBridgelessDevSupportManager
Nov 05, 2025 12:52:24 AM io.gapi.emulators.netty.NotFoundHandler handleRequest
INFO: Unknown request URI: /message?device=sdk_gphone64_x86_64%20-%2016%20-%20API%2036&app=com.anonymous.ecofit&clientid=DevLauncherBridgelessDevSupportManager
Nov 05, 2025 12:52:26 AM io.gapi.emulators.netty.NotFoundHandler handleRequest
INFO: Unknown request URI: /message?device=sdk_gphone64_x86_64%20-%2016%20-%20API%2036&app=com.anonymous.ecofit&clientid=DevLauncherBridgelessDevSupportManager
Nov 05, 2025 12:52:28 AM io.gapi.emulators.netty.NotFoundHandler handleRequest
INFO: Unknown request URI: /message?device=sdk_gphone64_x86_64%20-%2016%20-%20API%2036&app=com.anonymous.ecofit&clientid=DevLauncherBridgelessDevSupportManager
Nov 05, 2025 12:52:30 AM io.gapi.emulators.netty.NotFoundHandler handleRequest
INFO: Unknown request URI: /message?device=sdk_gphone64_x86_64%20-%2016%20-%20API%2036&app=com.anonymous.ecofit&clientid=DevLauncherBridgelessDevSupportManager
Nov 05, 2025 12:52:32 AM io.gapi.emulators.netty.NotFoundHandler handleRequest
INFO: Unknown request URI: /message?device=sdk_gphone64_x86_64%20-%2016%20-%20API%2036&app=com.anonymous.ecofit&clientid=DevLauncherBridgelessDevSupportManager
Nov 05, 2025 12:52:34 AM io.gapi.emulators.netty.NotFoundHandler handleRequest
INFO: Unknown request URI: /message?device=sdk_gphone64_x86_64%20-%2016%20-%20API%2036&app=com.anonymous.ecofit&clientid=DevLauncherBridgelessDevSupportManager
Nov 05, 2025 12:52:36 AM io.gapi.emulators.netty.NotFoundHandler handleRequest
INFO: Unknown request URI: /message?device=sdk_gphone64_x86_64%20-%2016%20-%20API%2036&app=com.anonymous.ecofit&clientid=DevLauncherBridgelessDevSupportManager
Nov 05, 2025 12:52:38 AM io.gapi.emulators.netty.NotFoundHandler handleRequest
INFO: Unknown request URI: /message?device=sdk_gphone64_x86_64%20-%2016%20-%20API%2036&app=com.anonymous.ecofit&clientid=DevLauncherBridgelessDevSupportManager
Nov 05, 2025 12:52:40 AM io.gapi.emulators.netty.NotFoundHandler handleRequest
INFO: Unknown request URI: /message?device=sdk_gphone64_x86_64%20-%2016%20-%20API%2036&app=com.anonymous.ecofit&clientid=DevLauncherBridgelessDevSupportManager
Nov 05, 2025 12:52:42 AM io.gapi.emulators.netty.NotFoundHandler handleRequest
INFO: Unknown request URI: /message?device=sdk_gphone64_x86_64%20-%2016%20-%20API%2036&app=com.anonymous.ecofit&clientid=DevLauncherBridgelessDevSupportManager
Nov 05, 2025 12:52:44 AM io.gapi.emulators.netty.NotFoundHandler handleRequest
INFO: Unknown request URI: /message?device=sdk_gphone64_x86_64%20-%2016%20-%20API%2036&app=com.anonymous.ecofit&clientid=DevLauncherBridgelessDevSupportManager
Nov 05, 2025 12:52:46 AM io.gapi.emulators.netty.NotFoundHandler handleRequest
INFO: Unknown request URI: /message?device=sdk_gphone64_x86_64%20-%2016%20-%20API%2036&app=com.anonymous.ecofit&clientid=DevLauncherBridgelessDevSupportManager
Nov 05, 2025 12:52:48 AM io.gapi.emulators.netty.NotFoundHandler handleRequest
INFO: Unknown request URI: /message?device=sdk_gphone64_x86_64%20-%2016%20-%20API%2036&app=com.anonymous.ecofit&clientid=DevLauncherBridgelessDevSupportManager
Nov 05, 2025 12:52:50 AM io.gapi.emulators.netty.NotFoundHandler handleRequest
INFO: Unknown request URI: /message?device=sdk_gphone64_x86_64%20-%2016%20-%20API%2036&app=com.anonymous.ecofit&clientid=DevLauncherBridgelessDevSupportManager
Nov 05, 2025 12:52:52 AM io.gapi.emulators.netty.NotFoundHandler handleRequest
INFO: Unknown request URI: /message?device=sdk_gphone64_x86_64%20-%2016%20-%20API%2036&app=com.anonymous.ecofit&clientid=DevLauncherBridgelessDevSupportManager
Nov 05, 2025 12:52:54 AM io.gapi.emulators.netty.NotFoundHandler handleRequest
INFO: Unknown request URI: /message?device=sdk_gphone64_x86_64%20-%2016%20-%20API%2036&app=com.anonymous.ecofit&clientid=DevLauncherBridgelessDevSupportManager
Nov 05, 2025 12:52:56 AM io.gapi.emulators.netty.NotFoundHandler handleRequest
INFO: Unknown request URI: /message?device=sdk_gphone64_x86_64%20-%2016%20-%20API%2036&app=com.anonymous.ecofit&clientid=DevLauncherBridgelessDevSupportManager
Nov 05, 2025 12:52:58 AM io.gapi.emulators.netty.NotFoundHandler handleRequest
INFO: Unknown request URI: /message?device=sdk_gphone64_x86_64%20-%2016%20-%20API%2036&app=com.anonymous.ecofit&clientid=DevLauncherBridgelessDevSupportManager
Nov 05, 2025 12:53:00 AM io.gapi.emulators.netty.NotFoundHandler handleRequest
INFO: Unknown request URI: /message?device=sdk_gphone64_x86_64%20-%2016%20-%20API%2036&app=com.anonymous.ecofit&clientid=DevLauncherBridgelessDevSupportManager
Nov 05, 2025 12:53:02 AM io.gapi.emulators.netty.NotFoundHandler handleRequest
INFO: Unknown request URI: /message?device=sdk_gphone64_x86_64%20-%2016%20-%20API%2036&app=com.anonymous.ecofit&clientid=DevLauncherBridgelessDevSupportManager
Nov 05, 2025 12:53:04 AM io.gapi.emulators.netty.NotFoundHandler handleRequest
INFO: Unknown request URI: /message?device=sdk_gphone64_x86_64%20-%2016%20-%20API%2036&app=com.anonymous.ecofit&clientid=DevLauncherBridgelessDevSupportManager
Nov 05, 2025 12:53:06 AM io.gapi.emulators.netty.NotFoundHandler handleRequest
INFO: Unknown request URI: /message?device=sdk_gphone64_x86_64%20-%2016%20-%20API%2036&app=com.anonymous.ecofit&clientid=DevLauncherBridgelessDevSupportManager
Nov 05, 2025 12:53:08 AM io.gapi.emulators.netty.NotFoundHandler handleRequest
INFO: Unknown request URI: /message?device=sdk_gphone64_x86_64%20-%2016%20-%20API%2036&app=com.anonymous.ecofit&clientid=DevLauncherBridgelessDevSupportManager
Nov 05, 2025 12:53:10 AM io.gapi.emulators.netty.NotFoundHandler handleRequest
INFO: Unknown request URI: /message?device=sdk_gphone64_x86_64%20-%2016%20-%20API%2036&app=com.anonymous.ecofit&clientid=DevLauncherBridgelessDevSupportManager
Nov 05, 2025 12:53:12 AM io.gapi.emulators.netty.NotFoundHandler handleRequest
INFO: Unknown request URI: /message?device=sdk_gphone64_x86_64%20-%2016%20-%20API%2036&app=com.anonymous.ecofit&clientid=DevLauncherBridgelessDevSupportManager
Nov 05, 2025 12:53:14 AM io.gapi.emulators.netty.NotFoundHandler handleRequest
INFO: Unknown request URI: /message?device=sdk_gphone64_x86_64%20-%2016%20-%20API%2036&app=com.anonymous.ecofit&clientid=DevLauncherBridgelessDevSupportManager
Nov 05, 2025 12:53:16 AM io.gapi.emulators.netty.NotFoundHandler handleRequest
INFO: Unknown request URI: /message?device=sdk_gphone64_x86_64%20-%2016%20-%20API%2036&app=com.anonymous.ecofit&clientid=DevLauncherBridgelessDevSupportManager
Nov 05, 2025 12:53:18 AM io.gapi.emulators.netty.NotFoundHandler handleRequest
INFO: Unknown request URI: /message?device=sdk_gphone64_x86_64%20-%2016%20-%20API%2036&app=com.anonymous.ecofit&clientid=DevLauncherBridgelessDevSupportManager
Nov 05, 2025 12:53:20 AM io.gapi.emulators.netty.NotFoundHandler handleRequest
INFO: Unknown request URI: /message?device=sdk_gphone64_x86_64%20-%2016%20-%20API%2036&app=com.anonymous.ecofit&clientid=DevLauncherBridgelessDevSupportManager
Nov 05, 2025 12:53:22 AM io.gapi.emulators.netty.NotFoundHandler handleRequest
INFO: Unknown request URI: /message?device=sdk_gphone64_x86_64%20-%2016%20-%20API%2036&app=com.anonymous.ecofit&clientid=DevLauncherBridgelessDevSupportManager
Nov 05, 2025 12:53:24 AM io.gapi.emulators.netty.NotFoundHandler handleRequest
INFO: Unknown request URI: /message?device=sdk_gphone64_x86_64%20-%2016%20-%20API%2036&app=com.anonymous.ecofit&clientid=DevLauncherBridgelessDevSupportManager
Nov 05, 2025 12:53:26 AM io.gapi.emulators.netty.NotFoundHandler handleRequest
INFO: Unknown request URI: /message?device=sdk_gphone64_x86_64%20-%2016%20-%20API%2036&app=com.anonymous.ecofit&clientid=DevLauncherBridgelessDevSupportManager
Nov 05, 2025 12:53:28 AM io.gapi.emulators.netty.NotFoundHandler handleRequest
INFO: Unknown request URI: /message?device=sdk_gphone64_x86_64%20-%2016%20-%20API%2036&app=com.anonymous.ecofit&clientid=DevLauncherBridgelessDevSupportManager
Nov 05, 2025 12:53:30 AM io.gapi.emulators.netty.NotFoundHandler handleRequest
INFO: Unknown request URI: /message?device=sdk_gphone64_x86_64%20-%2016%20-%20API%2036&app=com.anonymous.ecofit&clientid=DevLauncherBridgelessDevSupportManager
Nov 05, 2025 12:53:32 AM io.gapi.emulators.netty.NotFoundHandler handleRequest
INFO: Unknown request URI: /message?device=sdk_gphone64_x86_64%20-%2016%20-%20API%2036&app=com.anonymous.ecofit&clientid=DevLauncherBridgelessDevSupportManager
Nov 05, 2025 12:53:34 AM io.gapi.emulators.netty.NotFoundHandler handleRequest
INFO: Unknown request URI: /message?device=sdk_gphone64_x86_64%20-%2016%20-%20API%2036&app=com.anonymous.ecofit&clientid=DevLauncherBridgelessDevSupportManager
Nov 05, 2025 12:53:36 AM io.gapi.emulators.netty.NotFoundHandler handleRequest
INFO: Unknown request URI: /message?device=sdk_gphone64_x86_64%20-%2016%20-%20API%2036&app=com.anonymous.ecofit&clientid=DevLauncherBridgelessDevSupportManager
Nov 05, 2025 12:53:38 AM io.gapi.emulators.netty.NotFoundHandler handleRequest
INFO: Unknown request URI: /message?device=sdk_gphone64_x86_64%20-%2016%20-%20API%2036&app=com.anonymous.ecofit&clientid=DevLauncherBridgelessDevSupportManager
Nov 05, 2025 12:53:40 AM io.gapi.emulators.netty.NotFoundHandler handleRequest
INFO: Unknown request URI: /message?device=sdk_gphone64_x86_64%20-%2016%20-%20API%2036&app=com.anonymous.ecofit&clientid=DevLauncherBridgelessDevSupportManager
Nov 05, 2025 12:53:42 AM io.gapi.emulators.netty.NotFoundHandler handleRequest
INFO: Unknown request URI: /message?device=sdk_gphone64_x86_64%20-%2016%20-%20API%2036&app=com.anonymous.ecofit&clientid=DevLauncherBridgelessDevSupportManager
Nov 05, 2025 12:53:44 AM io.gapi.emulators.netty.NotFoundHandler handleRequest
INFO: Unknown request URI: /message?device=sdk_gphone64_x86_64%20-%2016%20-%20API%2036&app=com.anonymous.ecofit&clientid=DevLauncherBridgelessDevSupportManager
Nov 05, 2025 12:53:46 AM io.gapi.emulators.netty.NotFoundHandler handleRequest
INFO: Unknown request URI: /message?device=sdk_gphone64_x86_64%20-%2016%20-%20API%2036&app=com.anonymous.ecofit&clientid=DevLauncherBridgelessDevSupportManager
Nov 05, 2025 12:53:48 AM io.gapi.emulators.netty.NotFoundHandler handleRequest
INFO: Unknown request URI: /message?device=sdk_gphone64_x86_64%20-%2016%20-%20API%2036&app=com.anonymous.ecofit&clientid=DevLauncherBridgelessDevSupportManager
Nov 05, 2025 12:53:50 AM io.gapi.emulators.netty.NotFoundHandler handleRequest
INFO: Unknown request URI: /message?device=sdk_gphone64_x86_64%20-%2016%20-%20API%2036&app=com.anonymous.ecofit&clientid=DevLauncherBridgelessDevSupportManager
Nov 05, 2025 12:53:52 AM io.gapi.emulators.netty.NotFoundHandler handleRequest
INFO: Unknown request URI: /message?device=sdk_gphone64_x86_64%20-%2016%20-%20API%2036&app=com.anonymous.ecofit&clientid=DevLauncherBridgelessDevSupportManager
Nov 05, 2025 12:53:54 AM io.gapi.emulators.netty.NotFoundHandler handleRequest
INFO: Unknown request URI: /message?device=sdk_gphone64_x86_64%20-%2016%20-%20API%2036&app=com.anonymous.ecofit&clientid=DevLauncherBridgelessDevSupportManager
Nov 05, 2025 12:53:56 AM io.gapi.emulators.netty.NotFoundHandler handleRequest
INFO: Unknown request URI: /message?device=sdk_gphone64_x86_64%20-%2016%20-%20API%2036&app=com.anonymous.ecofit&clientid=DevLauncherBridgelessDevSupportManager
Nov 05, 2025 12:53:58 AM io.gapi.emulators.netty.NotFoundHandler handleRequest
INFO: Unknown request URI: /message?device=sdk_gphone64_x86_64%20-%2016%20-%20API%2036&app=com.anonymous.ecofit&clientid=DevLauncherBridgelessDevSupportManager
Nov 05, 2025 12:54:00 AM io.gapi.emulators.netty.NotFoundHandler handleRequest
INFO: Unknown request URI: /message?device=sdk_gphone64_x86_64%20-%2016%20-%20API%2036&app=com.anonymous.ecofit&clientid=DevLauncherBridgelessDevSupportManager
Nov 05, 2025 12:54:02 AM io.gapi.emulators.netty.NotFoundHandler handleRequest
INFO: Unknown request URI: /message?device=sdk_gphone64_x86_64%20-%2016%20-%20API%2036&app=com.anonymous.ecofit&clientid=DevLauncherBridgelessDevSupportManager
Nov 05, 2025 12:54:04 AM io.gapi.emulators.netty.NotFoundHandler handleRequest
INFO: Unknown request URI: /message?device=sdk_gphone64_x86_64%20-%2016%20-%20API%2036&app=com.anonymous.ecofit&clientid=DevLauncherBridgelessDevSupportManager
Nov 05, 2025 12:54:06 AM io.gapi.emulators.netty.NotFoundHandler handleRequest
INFO: Unknown request URI: /message?device=sdk_gphone64_x86_64%20-%2016%20-%20API%2036&app=com.anonymous.ecofit&clientid=DevLauncherBridgelessDevSupportManager
Nov 05, 2025 12:54:08 AM io.gapi.emulators.netty.NotFoundHandler handleRequest
INFO: Unknown request URI: /message?device=sdk_gphone64_x86_64%20-%2016%20-%20API%2036&app=com.anonymous.ecofit&clientid=DevLauncherBridgelessDevSupportManager
Nov 05, 2025 12:54:10 AM io.gapi.emulators.netty.NotFoundHandler handleRequest
INFO: Unknown request URI: /message?device=sdk_gphone64_x86_64%20-%2016%20-%20API%2036&app=com.anonymous.ecofit&clientid=DevLauncherBridgelessDevSupportManager
Nov 05, 2025 12:54:12 AM io.gapi.emulators.netty.NotFoundHandler handleRequest
INFO: Unknown request URI: /message?device=sdk_gphone64_x86_64%20-%2016%20-%20API%2036&app=com.anonymous.ecofit&clientid=DevLauncherBridgelessDevSupportManager
Nov 05, 2025 12:54:14 AM io.gapi.emulators.netty.NotFoundHandler handleRequest
INFO: Unknown request URI: /message?device=sdk_gphone64_x86_64%20-%2016%20-%20API%2036&app=com.anonymous.ecofit&clientid=DevLauncherBridgelessDevSupportManager
Nov 05, 2025 12:54:16 AM io.gapi.emulators.netty.NotFoundHandler handleRequest
INFO: Unknown request URI: /message?device=sdk_gphone64_x86_64%20-%2016%20-%20API%2036&app=com.anonymous.ecofit&clientid=DevLauncherBridgelessDevSupportManager
Nov 05, 2025 12:54:18 AM io.gapi.emulators.netty.NotFoundHandler handleRequest
INFO: Unknown request URI: /message?device=sdk_gphone64_x86_64%20-%2016%20-%20API%2036&app=com.anonymous.ecofit&clientid=DevLauncherBridgelessDevSupportManager
Nov 05, 2025 12:54:20 AM io.gapi.emulators.netty.NotFoundHandler handleRequest
INFO: Unknown request URI: /message?device=sdk_gphone64_x86_64%20-%2016%20-%20API%2036&app=com.anonymous.ecofit&clientid=DevLauncherBridgelessDevSupportManager
Nov 05, 2025 12:54:22 AM io.gapi.emulators.netty.NotFoundHandler handleRequest
INFO: Unknown request URI: /message?device=sdk_gphone64_x86_64%20-%2016%20-%20API%2036&app=com.anonymous.ecofit&clientid=DevLauncherBridgelessDevSupportManager
Nov 05, 2025 12:54:24 AM io.gapi.emulators.netty.NotFoundHandler handleRequest
INFO: Unknown request URI: /message?device=sdk_gphone64_x86_64%20-%2016%20-%20API%2036&app=com.anonymous.ecofit&clientid=DevLauncherBridgelessDevSupportManager
Nov 05, 2025 12:54:26 AM io.gapi.emulators.netty.NotFoundHandler handleRequest
INFO: Unknown request URI: /message?device=sdk_gphone64_x86_64%20-%2016%20-%20API%2036&app=com.anonymous.ecofit&clientid=DevLauncherBridgelessDevSupportManager
Nov 05, 2025 12:54:28 AM io.gapi.emulators.netty.NotFoundHandler handleRequest
INFO: Unknown request URI: /message?device=sdk_gphone64_x86_64%20-%2016%20-%20API%2036&app=com.anonymous.ecofit&clientid=DevLauncherBridgelessDevSupportManager
Nov 05, 2025 12:54:30 AM io.gapi.emulators.netty.NotFoundHandler handleRequest
INFO: Unknown request URI: /message?device=sdk_gphone64_x86_64%20-%2016%20-%20API%2036&app=com.anonymous.ecofit&clientid=DevLauncherBridgelessDevSupportManager
Nov 05, 2025 12:54:32 AM io.gapi.emulators.netty.NotFoundHandler handleRequest
INFO: Unknown request URI: /message?device=sdk_gphone64_x86_64%20-%2016%20-%20API%2036&app=com.anonymous.ecofit&clientid=DevLauncherBridgelessDevSupportManager
Nov 05, 2025 12:54:34 AM io.gapi.emulators.netty.NotFoundHandler handleRequest
INFO: Unknown request URI: /message?device=sdk_gphone64_x86_64%20-%2016%20-%20API%2036&app=com.anonymous.ecofit&clientid=DevLauncherBridgelessDevSupportManager
Nov 05, 2025 12:54:36 AM io.gapi.emulators.netty.NotFoundHandler handleRequest
INFO: Unknown request URI: /message?device=sdk_gphone64_x86_64%20-%2016%20-%20API%2036&app=com.anonymous.ecofit&clientid=DevLauncherBridgelessDevSupportManager
Nov 05, 2025 12:54:38 AM io.gapi.emulators.netty.NotFoundHandler handleRequest
INFO: Unknown request URI: /message?device=sdk_gphone64_x86_64%20-%2016%20-%20API%2036&app=com.anonymous.ecofit&clientid=DevLauncherBridgelessDevSupportManager
Nov 05, 2025 12:54:40 AM io.gapi.emulators.netty.NotFoundHandler handleRequest
INFO: Unknown request URI: /message?device=sdk_gphone64_x86_64%20-%2016%20-%20API%2036&app=com.anonymous.ecofit&clientid=DevLauncherBridgelessDevSupportManager
Nov 05, 2025 12:54:42 AM io.gapi.emulators.netty.NotFoundHandler handleRequest
INFO: Unknown request URI: /message?device=sdk_gphone64_x86_64%20-%2016%20-%20API%2036&app=com.anonymous.ecofit&clientid=DevLauncherBridgelessDevSupportManager
Nov 05, 2025 12:54:44 AM io.gapi.emulators.netty.NotFoundHandler handleRequest
INFO: Unknown request URI: /message?device=sdk_gphone64_x86_64%20-%2016%20-%20API%2036&app=com.anonymous.ecofit&clientid=DevLauncherBridgelessDevSupportManager
Nov 05, 2025 12:54:46 AM io.gapi.emulators.netty.NotFoundHandler handleRequest
INFO: Unknown request URI: /message?device=sdk_gphone64_x86_64%20-%2016%20-%20API%2036&app=com.anonymous.ecofit&clientid=DevLauncherBridgelessDevSupportManager
Nov 05, 2025 12:54:48 AM io.gapi.emulators.netty.NotFoundHandler handleRequest
INFO: Unknown request URI: /message?device=sdk_gphone64_x86_64%20-%2016%20-%20API%2036&app=com.anonymous.ecofit&clientid=DevLauncherBridgelessDevSupportManager
Nov 05, 2025 12:54:50 AM io.gapi.emulators.netty.NotFoundHandler handleRequest
INFO: Unknown request URI: /message?device=sdk_gphone64_x86_64%20-%2016%20-%20API%2036&app=com.anonymous.ecofit&clientid=DevLauncherBridgelessDevSupportManager
Nov 05, 2025 12:54:52 AM io.gapi.emulators.netty.NotFoundHandler handleRequest
INFO: Unknown request URI: /message?device=sdk_gphone64_x86_64%20-%2016%20-%20API%2036&app=com.anonymous.ecofit&clientid=DevLauncherBridgelessDevSupportManager
Nov 05, 2025 12:54:54 AM io.gapi.emulators.netty.NotFoundHandler handleRequest
INFO: Unknown request URI: /message?device=sdk_gphone64_x86_64%20-%2016%20-%20API%2036&app=com.anonymous.ecofit&clientid=DevLauncherBridgelessDevSupportManager
Nov 05, 2025 12:54:56 AM io.gapi.emulators.netty.NotFoundHandler handleRequest
INFO: Unknown request URI: /message?device=sdk_gphone64_x86_64%20-%2016%20-%20API%2036&app=com.anonymous.ecofit&clientid=DevLauncherBridgelessDevSupportManager
Nov 05, 2025 12:54:58 AM io.gapi.emulators.netty.NotFoundHandler handleRequest
INFO: Unknown request URI: /message?device=sdk_gphone64_x86_64%20-%2016%20-%20API%2036&app=com.anonymous.ecofit&clientid=DevLauncherBridgelessDevSupportManager
Nov 05, 2025 12:55:00 AM io.gapi.emulators.netty.NotFoundHandler handleRequest
INFO: Unknown request URI: /message?device=sdk_gphone64_x86_64%20-%2016%20-%20API%2036&app=com.anonymous.ecofit&clientid=DevLauncherBridgelessDevSupportManager
Nov 05, 2025 12:55:02 AM io.gapi.emulators.netty.NotFoundHandler handleRequest
INFO: Unknown request URI: /message?device=sdk_gphone64_x86_64%20-%2016%20-%20API%2036&app=com.anonymous.ecofit&clientid=DevLauncherBridgelessDevSupportManager
Nov 05, 2025 12:55:04 AM io.gapi.emulators.netty.NotFoundHandler handleRequest
INFO: Unknown request URI: /message?device=sdk_gphone64_x86_64%20-%2016%20-%20API%2036&app=com.anonymous.ecofit&clientid=DevLauncherBridgelessDevSupportManager
Nov 05, 2025 12:55:06 AM io.gapi.emulators.netty.NotFoundHandler handleRequest
INFO: Unknown request URI: /message?device=sdk_gphone64_x86_64%20-%2016%20-%20API%2036&app=com.anonymous.ecofit&clientid=DevLauncherBridgelessDevSupportManager
Nov 05, 2025 12:55:08 AM io.gapi.emulators.netty.NotFoundHandler handleRequest
INFO: Unknown request URI: /message?device=sdk_gphone64_x86_64%20-%2016%20-%20API%2036&app=com.anonymous.ecofit&clientid=DevLauncherBridgelessDevSupportManager
Nov 05, 2025 12:55:10 AM io.gapi.emulators.netty.NotFoundHandler handleRequest
INFO: Unknown request URI: /message?device=sdk_gphone64_x86_64%20-%2016%20-%20API%2036&app=com.anonymous.ecofit&clientid=DevLauncherBridgelessDevSupportManager
Nov 05, 2025 12:55:12 AM io.gapi.emulators.netty.NotFoundHandler handleRequest
INFO: Unknown request URI: /message?device=sdk_gphone64_x86_64%20-%2016%20-%20API%2036&app=com.anonymous.ecofit&clientid=DevLauncherBridgelessDevSupportManager
Nov 05, 2025 12:55:14 AM io.gapi.emulators.netty.NotFoundHandler handleRequest
INFO: Unknown request URI: /message?device=sdk_gphone64_x86_64%20-%2016%20-%20API%2036&app=com.anonymous.ecofit&clientid=DevLauncherBridgelessDevSupportManager
Nov 05, 2025 12:55:17 AM io.gapi.emulators.netty.NotFoundHandler handleRequest
INFO: Unknown request URI: /message?device=sdk_gphone64_x86_64%20-%2016%20-%20API%2036&app=com.anonymous.ecofit&clientid=DevLauncherBridgelessDevSupportManager
Nov 05, 2025 12:55:19 AM io.gapi.emulators.netty.NotFoundHandler handleRequest
INFO: Unknown request URI: /message?device=sdk_gphone64_x86_64%20-%2016%20-%20API%2036&app=com.anonymous.ecofit&clientid=DevLauncherBridgelessDevSupportManager
Nov 05, 2025 12:55:21 AM io.gapi.emulators.netty.NotFoundHandler handleRequest
INFO: Unknown request URI: /message?device=sdk_gphone64_x86_64%20-%2016%20-%20API%2036&app=com.anonymous.ecofit&clientid=DevLauncherBridgelessDevSupportManager
Nov 05, 2025 12:55:23 AM io.gapi.emulators.netty.NotFoundHandler handleRequest
INFO: Unknown request URI: /message?device=sdk_gphone64_x86_64%20-%2016%20-%20API%2036&app=com.anonymous.ecofit&clientid=DevLauncherBridgelessDevSupportManager
Nov 05, 2025 12:55:25 AM io.gapi.emulators.netty.NotFoundHandler handleRequest
INFO: Unknown request URI: /message?device=sdk_gphone64_x86_64%20-%2016%20-%20API%2036&app=com.anonymous.ecofit&clientid=DevLauncherBridgelessDevSupportManager
Nov 05, 2025 12:55:27 AM io.gapi.emulators.netty.NotFoundHandler handleRequest
INFO: Unknown request URI: /message?device=sdk_gphone64_x86_64%20-%2016%20-%20API%2036&app=com.anonymous.ecofit&clientid=DevLauncherBridgelessDevSupportManager
Nov 05, 2025 12:55:29 AM io.gapi.emulators.netty.NotFoundHandler handleRequest
INFO: Unknown request URI: /message?device=sdk_gphone64_x86_64%20-%2016%20-%20API%2036&app=com.anonymous.ecofit&clientid=DevLauncherBridgelessDevSupportManager
Nov 05, 2025 12:55:31 AM io.gapi.emulators.netty.NotFoundHandler handleRequest
INFO: Unknown request URI: /message?device=sdk_gphone64_x86_64%20-%2016%20-%20API%2036&app=com.anonymous.ecofit&clientid=DevLauncherBridgelessDevSupportManager
Nov 05, 2025 12:55:33 AM io.gapi.emulators.netty.NotFoundHandler handleRequest
INFO: Unknown request URI: /message?device=sdk_gphone64_x86_64%20-%2016%20-%20API%2036&app=com.anonymous.ecofit&clientid=DevLauncherBridgelessDevSupportManager
Nov 05, 2025 12:55:35 AM io.gapi.emulators.netty.NotFoundHandler handleRequest
INFO: Unknown request URI: /message?device=sdk_gphone64_x86_64%20-%2016%20-%20API%2036&app=com.anonymous.ecofit&clientid=DevLauncherBridgelessDevSupportManager
Nov 05, 2025 12:55:37 AM io.gapi.emulators.netty.NotFoundHandler handleRequest
INFO: Unknown request URI: /message?device=sdk_gphone64_x86_64%20-%2016%20-%20API%2036&app=com.anonymous.ecofit&clientid=DevLauncherBridgelessDevSupportManager
Nov 05, 2025 12:55:39 AM io.gapi.emulators.netty.NotFoundHandler handleRequest
INFO: Unknown request URI: /message?device=sdk_gphone64_x86_64%20-%2016%20-%20API%2036&app=com.anonymous.ecofit&clientid=DevLauncherBridgelessDevSupportManager
Nov 05, 2025 12:55:41 AM io.gapi.emulators.netty.NotFoundHandler handleRequest
INFO: Unknown request URI: /message?device=sdk_gphone64_x86_64%20-%2016%20-%20API%2036&app=com.anonymous.ecofit&clientid=DevLauncherBridgelessDevSupportManager
Nov 05, 2025 12:55:43 AM io.gapi.emulators.netty.NotFoundHandler handleRequest
INFO: Unknown request URI: /message?device=sdk_gphone64_x86_64%20-%2016%20-%20API%2036&app=com.anonymous.ecofit&clientid=DevLauncherBridgelessDevSupportManager
Nov 05, 2025 12:55:45 AM io.gapi.emulators.netty.NotFoundHandler handleRequest
INFO: Unknown request URI: /message?device=sdk_gphone64_x86_64%20-%2016%20-%20API%2036&app=com.anonymous.ecofit&clientid=DevLauncherBridgelessDevSupportManager
Nov 05, 2025 12:55:47 AM io.gapi.emulators.netty.NotFoundHandler handleRequest
INFO: Unknown request URI: /message?device=sdk_gphone64_x86_64%20-%2016%20-%20API%2036&app=com.anonymous.ecofit&clientid=DevLauncherBridgelessDevSupportManager
Nov 05, 2025 12:55:49 AM io.gapi.emulators.netty.NotFoundHandler handleRequest
INFO: Unknown request URI: /message?device=sdk_gphone64_x86_64%20-%2016%20-%20API%2036&app=com.anonymous.ecofit&clientid=DevLauncherBridgelessDevSupportManager
Nov 05, 2025 12:55:51 AM io.gapi.emulators.netty.NotFoundHandler handleRequest
INFO: Unknown request URI: /message?device=sdk_gphone64_x86_64%20-%2016%20-%20API%2036&app=com.anonymous.ecofit&clientid=DevLauncherBridgelessDevSupportManager
Nov 05, 2025 12:55:53 AM io.gapi.emulators.netty.NotFoundHandler handleRequest
INFO: Unknown request URI: /message?device=sdk_gphone64_x86_64%20-%2016%20-%20API%2036&app=com.anonymous.ecofit&clientid=DevLauncherBridgelessDevSupportManager
Nov 05, 2025 12:55:55 AM io.gapi.emulators.netty.NotFoundHandler handleRequest
INFO: Unknown request URI: /message?device=sdk_gphone64_x86_64%20-%2016%20-%20API%2036&app=com.anonymous.ecofit&clientid=DevLauncherBridgelessDevSupportManager
Nov 05, 2025 12:55:57 AM io.gapi.emulators.netty.NotFoundHandler handleRequest
INFO: Unknown request URI: /message?device=sdk_gphone64_x86_64%20-%2016%20-%20API%2036&app=com.anonymous.ecofit&clientid=DevLauncherBridgelessDevSupportManager
Nov 05, 2025 12:55:59 AM io.gapi.emulators.netty.NotFoundHandler handleRequest
INFO: Unknown request URI: /message?device=sdk_gphone64_x86_64%20-%2016%20-%20API%2036&app=com.anonymous.ecofit&clientid=DevLauncherBridgelessDevSupportManager
Nov 05, 2025 12:56:01 AM io.gapi.emulators.netty.NotFoundHandler handleRequest
INFO: Unknown request URI: /message?device=sdk_gphone64_x86_64%20-%2016%20-%20API%2036&app=com.anonymous.ecofit&clientid=DevLauncherBridgelessDevSupportManager
Nov 05, 2025 12:56:03 AM io.gapi.emulators.netty.NotFoundHandler handleRequest
INFO: Unknown request URI: /message?device=sdk_gphone64_x86_64%20-%2016%20-%20API%2036&app=com.anonymous.ecofit&clientid=DevLauncherBridgelessDevSupportManager
Nov 05, 2025 12:56:05 AM io.gapi.emulators.netty.NotFoundHandler handleRequest
INFO: Unknown request URI: /message?device=sdk_gphone64_x86_64%20-%2016%20-%20API%2036&app=com.anonymous.ecofit&clientid=DevLauncherBridgelessDevSupportManager
Nov 05, 2025 12:56:07 AM io.gapi.emulators.netty.NotFoundHandler handleRequest
INFO: Unknown request URI: /message?device=sdk_gphone64_x86_64%20-%2016%20-%20API%2036&app=com.anonymous.ecofit&clientid=DevLauncherBridgelessDevSupportManager
Nov 05, 2025 12:56:09 AM io.gapi.emulators.netty.NotFoundHandler handleRequest
INFO: Unknown request URI: /message?device=sdk_gphone64_x86_64%20-%2016%20-%20API%2036&app=com.anonymous.ecofit&clientid=DevLauncherBridgelessDevSupportManager
Nov 05, 2025 12:56:11 AM io.gapi.emulators.netty.NotFoundHandler handleRequest
INFO: Unknown request URI: /message?device=sdk_gphone64_x86_64%20-%2016%20-%20API%2036&app=com.anonymous.ecofit&clientid=DevLauncherBridgelessDevSupportManager
Nov 05, 2025 12:56:13 AM io.gapi.emulators.netty.NotFoundHandler handleRequest
INFO: Unknown request URI: /message?device=sdk_gphone64_x86_64%20-%2016%20-%20API%2036&app=com.anonymous.ecofit&clientid=DevLauncherBridgelessDevSupportManager
Nov 05, 2025 12:56:15 AM io.gapi.emulators.netty.NotFoundHandler handleRequest
INFO: Unknown request URI: /message?device=sdk_gphone64_x86_64%20-%2016%20-%20API%2036&app=com.anonymous.ecofit&clientid=DevLauncherBridgelessDevSupportManager
Nov 05, 2025 12:56:17 AM io.gapi.emulators.netty.NotFoundHandler handleRequest
INFO: Unknown request URI: /message?device=sdk_gphone64_x86_64%20-%2016%20-%20API%2036&app=com.anonymous.ecofit&clientid=DevLauncherBridgelessDevSupportManager
Nov 05, 2025 12:56:19 AM io.gapi.emulators.netty.NotFoundHandler handleRequest
INFO: Unknown request URI: /message?device=sdk_gphone64_x86_64%20-%2016%20-%20API%2036&app=com.anonymous.ecofit&clientid=DevLauncherBridgelessDevSupportManager
Nov 05, 2025 12:56:21 AM io.gapi.emulators.netty.NotFoundHandler handleRequest
INFO: Unknown request URI: /message?device=sdk_gphone64_x86_64%20-%2016%20-%20API%2036&app=com.anonymous.ecofit&clientid=DevLauncherBridgelessDevSupportManager
Nov 05, 2025 12:56:23 AM io.gapi.emulators.netty.NotFoundHandler handleRequest
INFO: Unknown request URI: /message?device=sdk_gphone64_x86_64%20-%2016%20-%20API%2036&app=com.anonymous.ecofit&clientid=DevLauncherBridgelessDevSupportManager
Nov 05, 2025 12:56:25 AM io.gapi.emulators.netty.NotFoundHandler handleRequest
INFO: Unknown request URI: /message?device=sdk_gphone64_x86_64%20-%2016%20-%20API%2036&app=com.anonymous.ecofit&clientid=DevLauncherBridgelessDevSupportManager
Nov 05, 2025 12:56:27 AM io.gapi.emulators.netty.NotFoundHandler handleRequest
INFO: Unknown request URI: /message?device=sdk_gphone64_x86_64%20-%2016%20-%20API%2036&app=com.anonymous.ecofit&clientid=DevLauncherBridgelessDevSupportManager
Nov 05, 2025 12:56:29 AM io.gapi.emulators.netty.NotFoundHandler handleRequest
INFO: Unknown request URI: /message?device=sdk_gphone64_x86_64%20-%2016%20-%20API%2036&app=com.anonymous.ecofit&clientid=DevLauncherBridgelessDevSupportManager
Nov 05, 2025 12:56:31 AM io.gapi.emulators.netty.NotFoundHandler handleRequest
INFO: Unknown request URI: /message?device=sdk_gphone64_x86_64%20-%2016%20-%20API%2036&app=com.anonymous.ecofit&clientid=DevLauncherBridgelessDevSupportManager
Nov 05, 2025 12:56:33 AM io.gapi.emulators.netty.NotFoundHandler handleRequest
INFO: Unknown request URI: /message?device=sdk_gphone64_x86_64%20-%2016%20-%20API%2036&app=com.anonymous.ecofit&clientid=DevLauncherBridgelessDevSupportManager
Nov 05, 2025 12:56:35 AM io.gapi.emulators.netty.NotFoundHandler handleRequest
INFO: Unknown request URI: /message?device=sdk_gphone64_x86_64%20-%2016%20-%20API%2036&app=com.anonymous.ecofit&clientid=DevLauncherBridgelessDevSupportManager
Nov 05, 2025 12:56:37 AM io.gapi.emulators.netty.NotFoundHandler handleRequest
INFO: Unknown request URI: /message?device=sdk_gphone64_x86_64%20-%2016%20-%20API%2036&app=com.anonymous.ecofit&clientid=DevLauncherBridgelessDevSupportManager
Nov 05, 2025 12:56:39 AM io.gapi.emulators.netty.NotFoundHandler handleRequest
INFO: Unknown request URI: /message?device=sdk_gphone64_x86_64%20-%2016%20-%20API%2036&app=com.anonymous.ecofit&clientid=DevLauncherBridgelessDevSupportManager
Nov 05, 2025 12:56:41 AM io.gapi.emulators.netty.NotFoundHandler handleRequest
INFO: Unknown request URI: /message?device=sdk_gphone64_x86_64%20-%2016%20-%20API%2036&app=com.anonymous.ecofit&clientid=DevLauncherBridgelessDevSupportManager
Nov 05, 2025 12:56:43 AM io.gapi.emulators.netty.NotFoundHandler handleRequest
INFO: Unknown request URI: /message?device=sdk_gphone64_x86_64%20-%2016%20-%20API%2036&app=com.anonymous.ecofit&clientid=DevLauncherBridgelessDevSupportManager
Nov 05, 2025 12:56:45 AM io.gapi.emulators.netty.NotFoundHandler handleRequest
INFO: Unknown request URI: /message?device=sdk_gphone64_x86_64%20-%2016%20-%20API%2036&app=com.anonymous.ecofit&clientid=DevLauncherBridgelessDevSupportManager
Nov 05, 2025 12:56:47 AM io.gapi.emulators.netty.NotFoundHandler handleRequest
INFO: Unknown request URI: /message?device=sdk_gphone64_x86_64%20-%2016%20-%20API%2036&app=com.anonymous.ecofit&clientid=DevLauncherBridgelessDevSupportManager
Nov 05, 2025 12:56:49 AM io.gapi.emulators.netty.NotFoundHandler handleRequest
INFO: Unknown request URI: /message?device=sdk_gphone64_x86_64%20-%2016%20-%20API%2036&app=com.anonymous.ecofit&clientid=DevLauncherBridgelessDevSupportManager
Nov 05, 2025 12:56:51 AM io.gapi.emulators.netty.NotFoundHandler handleRequest
INFO: Unknown request URI: /message?device=sdk_gphone64_x86_64%20-%2016%20-%20API%2036&app=com.anonymous.ecofit&clientid=DevLauncherBridgelessDevSupportManager
Nov 05, 2025 12:56:53 AM io.gapi.emulators.netty.NotFoundHandler handleRequest
INFO: Unknown request URI: /message?device=sdk_gphone64_x86_64%20-%2016%20-%20API%2036&app=com.anonymous.ecofit&clientid=DevLauncherBridgelessDevSupportManager
Nov 05, 2025 12:56:55 AM io.gapi.emulators.netty.NotFoundHandler handleRequest
INFO: Unknown request URI: /message?device=sdk_gphone64_x86_64%20-%2016%20-%20API%2036&app=com.anonymous.ecofit&clientid=DevLauncherBridgelessDevSupportManager
Nov 05, 2025 12:56:57 AM io.gapi.emulators.netty.NotFoundHandler handleRequest
INFO: Unknown request URI: /message?device=sdk_gphone64_x86_64%20-%2016%20-%20API%2036&app=com.anonymous.ecofit&clientid=DevLauncherBridgelessDevSupportManager
Nov 05, 2025 12:56:59 AM io.gapi.emulators.netty.NotFoundHandler handleRequest
INFO: Unknown request URI: /message?device=sdk_gphone64_x86_64%20-%2016%20-%20API%2036&app=com.anonymous.ecofit&clientid=DevLauncherBridgelessDevSupportManager
Nov 05, 2025 12:57:01 AM io.gapi.emulators.netty.NotFoundHandler handleRequest
INFO: Unknown request URI: /message?device=sdk_gphone64_x86_64%20-%2016%20-%20API%2036&app=com.anonymous.ecofit&clientid=DevLauncherBridgelessDevSupportManager
Nov 05, 2025 12:57:03 AM io.gapi.emulators.netty.NotFoundHandler handleRequest
INFO: Unknown request URI: /message?device=sdk_gphone64_x86_64%20-%2016%20-%20API%2036&app=com.anonymous.ecofit&clientid=DevLauncherBridgelessDevSupportManager
Nov 05, 2025 12:57:05 AM io.gapi.emulators.netty.NotFoundHandler handleRequest
INFO: Unknown request URI: /message?device=sdk_gphone64_x86_64%20-%2016%20-%20API%2036&app=com.anonymous.ecofit&clientid=DevLauncherBridgelessDevSupportManager
Nov 05, 2025 12:57:07 AM io.gapi.emulators.netty.NotFoundHandler handleRequest
INFO: Unknown request URI: /message?device=sdk_gphone64_x86_64%20-%2016%20-%20API%2036&app=com.anonymous.ecofit&clientid=DevLauncherBridgelessDevSupportManager
Nov 05, 2025 12:57:09 AM io.gapi.emulators.netty.NotFoundHandler handleRequest
INFO: Unknown request URI: /message?device=sdk_gphone64_x86_64%20-%2016%20-%20API%2036&app=com.anonymous.ecofit&clientid=DevLauncherBridgelessDevSupportManager
Nov 05, 2025 12:57:11 AM io.gapi.emulators.netty.NotFoundHandler handleRequest
INFO: Unknown request URI: /message?device=sdk_gphone64_x86_64%20-%2016%20-%20API%2036&app=com.anonymous.ecofit&clientid=DevLauncherBridgelessDevSupportManager
Nov 05, 2025 12:57:13 AM io.gapi.emulators.netty.NotFoundHandler handleRequest
INFO: Unknown request URI: /message?device=sdk_gphone64_x86_64%20-%2016%20-%20API%2036&app=com.anonymous.ecofit&clientid=DevLauncherBridgelessDevSupportManager
Nov 05, 2025 12:57:15 AM io.gapi.emulators.netty.NotFoundHandler handleRequest
INFO: Unknown request URI: /message?device=sdk_gphone64_x86_64%20-%2016%20-%20API%2036&app=com.anonymous.ecofit&clientid=DevLauncherBridgelessDevSupportManager
Nov 05, 2025 12:57:17 AM io.gapi.emulators.netty.NotFoundHandler handleRequest
INFO: Unknown request URI: /message?device=sdk_gphone64_x86_64%20-%2016%20-%20API%2036&app=com.anonymous.ecofit&clientid=DevLauncherBridgelessDevSupportManager
Nov 05, 2025 12:57:19 AM io.gapi.emulators.netty.NotFoundHandler handleRequest
INFO: Unknown request URI: /message?device=sdk_gphone64_x86_64%20-%2016%20-%20API%2036&app=com.anonymous.ecofit&clientid=DevLauncherBridgelessDevSupportManager
Nov 05, 2025 12:57:21 AM io.gapi.emulators.netty.NotFoundHandler handleRequest
INFO: Unknown request URI: /message?device=sdk_gphone64_x86_64%20-%2016%20-%20API%2036&app=com.anonymous.ecofit&clientid=DevLauncherBridgelessDevSupportManager
Nov 05, 2025 12:57:23 AM io.gapi.emulators.netty.NotFoundHandler handleRequest
INFO: Unknown request URI: /message?device=sdk_gphone64_x86_64%20-%2016%20-%20API%2036&app=com.anonymous.ecofit&clientid=DevLauncherBridgelessDevSupportManager
Nov 05, 2025 12:57:25 AM io.gapi.emulators.netty.NotFoundHandler handleRequest
INFO: Unknown request URI: /message?device=sdk_gphone64_x86_64%20-%2016%20-%20API%2036&app=com.anonymous.ecofit&clientid=DevLauncherBridgelessDevSupportManager
Nov 05, 2025 12:57:27 AM io.gapi.emulators.netty.NotFoundHandler handleRequest
INFO: Unknown request URI: /message?device=sdk_gphone64_x86_64%20-%2016%20-%20API%2036&app=com.anonymous.ecofit&clientid=DevLauncherBridgelessDevSupportManager
Nov 05, 2025 12:57:29 AM io.gapi.emulators.netty.NotFoundHandler handleRequest
INFO: Unknown request URI: /message?device=sdk_gphone64_x86_64%20-%2016%20-%20API%2036&app=com.anonymous.ecofit&clientid=DevLauncherBridgelessDevSupportManager
Nov 05, 2025 12:57:31 AM io.gapi.emulators.netty.NotFoundHandler handleRequest
INFO: Unknown request URI: /message?device=sdk_gphone64_x86_64%20-%2016%20-%20API%2036&app=com.anonymous.ecofit&clientid=DevLauncherBridgelessDevSupportManager
Nov 05, 2025 12:57:33 AM io.gapi.emulators.netty.NotFoundHandler handleRequest
INFO: Unknown request URI: /message?device=sdk_gphone64_x86_64%20-%2016%20-%20API%2036&app=com.anonymous.ecofit&clientid=DevLauncherBridgelessDevSupportManager
Nov 05, 2025 12:57:35 AM io.gapi.emulators.netty.NotFoundHandler handleRequest
INFO: Unknown request URI: /message?device=sdk_gphone64_x86_64%20-%2016%20-%20API%2036&app=com.anonymous.ecofit&clientid=DevLauncherBridgelessDevSupportManager
Nov 05, 2025 12:57:37 AM io.gapi.emulators.netty.NotFoundHandler handleRequest
INFO: Unknown request URI: /message?device=sdk_gphone64_x86_64%20-%2016%20-%20API%2036&app=com.anonymous.ecofit&clientid=DevLauncherBridgelessDevSupportManager
Nov 05, 2025 12:57:39 AM io.gapi.emulators.netty.NotFoundHandler handleRequest
INFO: Unknown request URI: /message?device=sdk_gphone64_x86_64%20-%2016%20-%20API%2036&app=com.anonymous.ecofit&clientid=DevLauncherBridgelessDevSupportManager
Nov 05, 2025 12:57:41 AM io.gapi.emulators.netty.NotFoundHandler handleRequest
INFO: Unknown request URI: /message?device=sdk_gphone64_x86_64%20-%2016%20-%20API%2036&app=com.anonymous.ecofit&clientid=DevLauncherBridgelessDevSupportManager
Nov 05, 2025 12:57:43 AM io.gapi.emulators.netty.NotFoundHandler handleRequest
INFO: Unknown request URI: /message?device=sdk_gphone64_x86_64%20-%2016%20-%20API%2036&app=com.anonymous.ecofit&clientid=DevLauncherBridgelessDevSupportManager
Nov 05, 2025 12:57:45 AM io.gapi.emulators.netty.NotFoundHandler handleRequest
INFO: Unknown request URI: /message?device=sdk_gphone64_x86_64%20-%2016%20-%20API%2036&app=com.anonymous.ecofit&clientid=DevLauncherBridgelessDevSupportManager
Nov 05, 2025 12:57:47 AM io.gapi.emulators.netty.NotFoundHandler handleRequest
INFO: Unknown request URI: /message?device=sdk_gphone64_x86_64%20-%2016%20-%20API%2036&app=com.anonymous.ecofit&clientid=DevLauncherBridgelessDevSupportManager
Nov 05, 2025 12:57:49 AM io.gapi.emulators.netty.NotFoundHandler handleRequest
INFO: Unknown request URI: /message?device=sdk_gphone64_x86_64%20-%2016%20-%20API%2036&app=com.anonymous.ecofit&clientid=DevLauncherBridgelessDevSupportManager
Nov 05, 2025 12:57:51 AM io.gapi.emulators.netty.NotFoundHandler handleRequest
INFO: Unknown request URI: /message?device=sdk_gphone64_x86_64%20-%2016%20-%20API%2036&app=com.anonymous.ecofit&clientid=DevLauncherBridgelessDevSupportManager
Nov 05, 2025 12:57:53 AM io.gapi.emulators.netty.NotFoundHandler handleRequest
INFO: Unknown request URI: /message?device=sdk_gphone64_x86_64%20-%2016%20-%20API%2036&app=com.anonymous.ecofit&clientid=DevLauncherBridgelessDevSupportManager
Nov 05, 2025 12:57:55 AM io.gapi.emulators.netty.NotFoundHandler handleRequest
INFO: Unknown request URI: /message?device=sdk_gphone64_x86_64%20-%2016%20-%20API%2036&app=com.anonymous.ecofit&clientid=DevLauncherBridgelessDevSupportManager
Nov 05, 2025 12:57:57 AM io.gapi.emulators.netty.NotFoundHandler handleRequest
INFO: Unknown request URI: /message?device=sdk_gphone64_x86_64%20-%2016%20-%20API%2036&app=com.anonymous.ecofit&clientid=DevLauncherBridgelessDevSupportManager
Nov 05, 2025 12:57:59 AM io.gapi.emulators.netty.NotFoundHandler handleRequest
INFO: Unknown request URI: /message?device=sdk_gphone64_x86_64%20-%2016%20-%20API%2036&app=com.anonymous.ecofit&clientid=DevLauncherBridgelessDevSupportManager
Nov 05, 2025 12:58:01 AM io.gapi.emulators.netty.NotFoundHandler handleRequest
INFO: Unknown request URI: /message?device=sdk_gphone64_x86_64%20-%2016%20-%20API%2036&app=com.anonymous.ecofit&clientid=DevLauncherBridgelessDevSupportManager
Nov 05, 2025 12:58:03 AM io.gapi.emulators.netty.NotFoundHandler handleRequest
INFO: Unknown request URI: /message?device=sdk_gphone64_x86_64%20-%2016%20-%20API%2036&app=com.anonymous.ecofit&clientid=DevLauncherBridgelessDevSupportManager
Nov 05, 2025 12:58:05 AM io.gapi.emulators.netty.NotFoundHandler handleRequest
INFO: Unknown request URI: /message?device=sdk_gphone64_x86_64%20-%2016%20-%20API%2036&app=com.anonymous.ecofit&clientid=DevLauncherBridgelessDevSupportManager
Nov 05, 2025 12:58:07 AM io.gapi.emulators.netty.NotFoundHandler handleRequest
INFO: Unknown request URI: /message?device=sdk_gphone64_x86_64%20-%2016%20-%20API%2036&app=com.anonymous.ecofit&clientid=DevLauncherBridgelessDevSupportManager
Nov 05, 2025 12:58:09 AM io.gapi.emulators.netty.NotFoundHandler handleRequest
INFO: Unknown request URI: /message?device=sdk_gphone64_x86_64%20-%2016%20-%20API%2036&app=com.anonymous.ecofit&clientid=DevLauncherBridgelessDevSupportManager
Nov 05, 2025 12:58:11 AM io.gapi.emulators.netty.NotFoundHandler handleRequest
INFO: Unknown request URI: /message?device=sdk_gphone64_x86_64%20-%2016%20-%20API%2036&app=com.anonymous.ecofit&clientid=DevLauncherBridgelessDevSupportManager
Nov 05, 2025 12:58:13 AM io.gapi.emulators.netty.NotFoundHandler handleRequest
INFO: Unknown request URI: /message?device=sdk_gphone64_x86_64%20-%2016%20-%20API%2036&app=com.anonymous.ecofit&clientid=DevLauncherBridgelessDevSupportManager
Nov 05, 2025 12:58:15 AM io.gapi.emulators.netty.NotFoundHandler handleRequest
INFO: Unknown request URI: /message?device=sdk_gphone64_x86_64%20-%2016%20-%20API%2036&app=com.anonymous.ecofit&clientid=DevLauncherBridgelessDevSupportManager
Nov 05, 2025 12:58:17 AM io.gapi.emulators.netty.NotFoundHandler handleRequest
INFO: Unknown request URI: /message?device=sdk_gphone64_x86_64%20-%2016%20-%20API%2036&app=com.anonymous.ecofit&clientid=DevLauncherBridgelessDevSupportManager
Nov 05, 2025 12:58:19 AM io.gapi.emulators.netty.NotFoundHandler handleRequest
INFO: Unknown request URI: /message?device=sdk_gphone64_x86_64%20-%2016%20-%20API%2036&app=com.anonymous.ecofit&clientid=DevLauncherBridgelessDevSupportManager
Nov 05, 2025 12:58:21 AM io.gapi.emulators.netty.NotFoundHandler handleRequest
INFO: Unknown request URI: /message?device=sdk_gphone64_x86_64%20-%2016%20-%20API%2036&app=com.anonymous.ecofit&clientid=DevLauncherBridgelessDevSupportManager
Nov 05, 2025 12:58:23 AM io.gapi.emulators.netty.NotFoundHandler handleRequest
INFO: Unknown request URI: /message?device=sdk_gphone64_x86_64%20-%2016%20-%20API%2036&app=com.anonymous.ecofit&clientid=DevLauncherBridgelessDevSupportManager
Nov 05, 2025 12:58:25 AM io.gapi.emulators.netty.NotFoundHandler handleRequest
INFO: Unknown request URI: /message?device=sdk_gphone64_x86_64%20-%2016%20-%20API%2036&app=com.anonymous.ecofit&clientid=DevLauncherBridgelessDevSupportManager
Nov 05, 2025 12:58:27 AM io.gapi.emulators.netty.NotFoundHandler handleRequest
INFO: Unknown request URI: /message?device=sdk_gphone64_x86_64%20-%2016%20-%20API%2036&app=com.anonymous.ecofit&clientid=DevLauncherBridgelessDevSupportManager
Nov 05, 2025 12:58:29 AM io.gapi.emulators.netty.NotFoundHandler handleRequest
INFO: Unknown request URI: /message?device=sdk_gphone64_x86_64%20-%2016%20-%20API%2036&app=com.anonymous.ecofit&clientid=DevLauncherBridgelessDevSupportManager
Nov 05, 2025 12:58:31 AM io.gapi.emulators.netty.NotFoundHandler handleRequest
INFO: Unknown request URI: /message?device=sdk_gphone64_x86_64%20-%2016%20-%20API%2036&app=com.anonymous.ecofit&clientid=DevLauncherBridgelessDevSupportManager
Nov 05, 2025 12:58:33 AM io.gapi.emulators.netty.NotFoundHandler handleRequest
INFO: Unknown request URI: /message?device=sdk_gphone64_x86_64%20-%2016%20-%20API%2036&app=com.anonymous.ecofit&clientid=DevLauncherBridgelessDevSupportManager
Nov 05, 2025 12:58:35 AM io.gapi.emulators.netty.NotFoundHandler handleRequest
INFO: Unknown request URI: /message?device=sdk_gphone64_x86_64%20-%2016%20-%20API%2036&app=com.anonymous.ecofit&clientid=DevLauncherBridgelessDevSupportManager
Nov 05, 2025 12:58:37 AM io.gapi.emulators.netty.NotFoundHandler handleRequest
INFO: Unknown request URI: /message?device=sdk_gphone64_x86_64%20-%2016%20-%20API%2036&app=com.anonymous.ecofit&clientid=DevLauncherBridgelessDevSupportManager
Nov 05, 2025 12:58:39 AM io.gapi.emulators.netty.NotFoundHandler handleRequest
INFO: Unknown request URI: /message?device=sdk_gphone64_x86_64%20-%2016%20-%20API%2036&app=com.anonymous.ecofit&clientid=DevLauncherBridgelessDevSupportManager
Nov 05, 2025 12:58:41 AM io.gapi.emulators.netty.NotFoundHandler handleRequest
INFO: Unknown request URI: /message?device=sdk_gphone64_x86_64%20-%2016%20-%20API%2036&app=com.anonymous.ecofit&clientid=DevLauncherBridgelessDevSupportManager
Nov 05, 2025 12:58:43 AM io.gapi.emulators.netty.NotFoundHandler handleRequest
INFO: Unknown request URI: /message?device=sdk_gphone64_x86_64%20-%2016%20-%20API%2036&app=com.anonymous.ecofit&clientid=DevLauncherBridgelessDevSupportManager
Nov 05, 2025 12:58:45 AM io.gapi.emulators.netty.NotFoundHandler handleRequest
INFO: Unknown request URI: /message?device=sdk_gphone64_x86_64%20-%2016%20-%20API%2036&app=com.anonymous.ecofit&clientid=DevLauncherBridgelessDevSupportManager
Nov 05, 2025 12:58:47 AM io.gapi.emulators.netty.NotFoundHandler handleRequest
INFO: Unknown request URI: /message?device=sdk_gphone64_x86_64%20-%2016%20-%20API%2036&app=com.anonymous.ecofit&clientid=DevLauncherBridgelessDevSupportManager
Nov 05, 2025 12:58:49 AM io.gapi.emulators.netty.NotFoundHandler handleRequest
INFO: Unknown request URI: /message?device=sdk_gphone64_x86_64%20-%2016%20-%20API%2036&app=com.anonymous.ecofit&clientid=DevLauncherBridgelessDevSupportManager
Nov 05, 2025 12:58:51 AM io.gapi.emulators.netty.NotFoundHandler handleRequest
INFO: Unknown request URI: /message?device=sdk_gphone64_x86_64%20-%2016%20-%20API%2036&app=com.anonymous.ecofit&clientid=DevLauncherBridgelessDevSupportManager
Nov 05, 2025 12:58:53 AM io.gapi.emulators.netty.NotFoundHandler handleRequest
INFO: Unknown request URI: /message?device=sdk_gphone64_x86_64%20-%2016%20-%20API%2036&app=com.anonymous.ecofit&clientid=DevLauncherBridgelessDevSupportManager
Nov 05, 2025 12:58:55 AM io.gapi.emulators.netty.NotFoundHandler handleRequest
INFO: Unknown request URI: /message?device=sdk_gphone64_x86_64%20-%2016%20-%20API%2036&app=com.anonymous.ecofit&clientid=DevLauncherBridgelessDevSupportManager
Nov 05, 2025 12:58:57 AM io.gapi.emulators.netty.NotFoundHandler handleRequest
INFO: Unknown request URI: /message?device=sdk_gphone64_x86_64%20-%2016%20-%20API%2036&app=com.anonymous.ecofit&clientid=DevLauncherBridgelessDevSupportManager
Nov 05, 2025 12:58:59 AM io.gapi.emulators.netty.NotFoundHandler handleRequest
INFO: Unknown request URI: /message?device=sdk_gphone64_x86_64%20-%2016%20-%20API%2036&app=com.anonymous.ecofit&clientid=DevLauncherBridgelessDevSupportManager
Nov 05, 2025 12:59:01 AM io.gapi.emulators.netty.NotFoundHandler handleRequest
INFO: Unknown request URI: /message?device=sdk_gphone64_x86_64%20-%2016%20-%20API%2036&app=com.anonymous.ecofit&clientid=DevLauncherBridgelessDevSupportManager
Nov 05, 2025 12:59:03 AM io.gapi.emulators.netty.NotFoundHandler handleRequest
INFO: Unknown request URI: /message?device=sdk_gphone64_x86_64%20-%2016%20-%20API%2036&app=com.anonymous.ecofit&clientid=DevLauncherBridgelessDevSupportManager
Nov 05, 2025 12:59:05 AM io.gapi.emulators.netty.NotFoundHandler handleRequest
INFO: Unknown request URI: /message?device=sdk_gphone64_x86_64%20-%2016%20-%20API%2036&app=com.anonymous.ecofit&clientid=DevLauncherBridgelessDevSupportManager
Nov 05, 2025 12:59:07 AM io.gapi.emulators.netty.NotFoundHandler handleRequest
INFO: Unknown request URI: /message?device=sdk_gphone64_x86_64%20-%2016%20-%20API%2036&app=com.anonymous.ecofit&clientid=DevLauncherBridgelessDevSupportManager
Nov 05, 2025 12:59:09 AM io.gapi.emulators.netty.NotFoundHandler handleRequest
INFO: Unknown request URI: /message?device=sdk_gphone64_x86_64%20-%2016%20-%20API%2036&app=com.anonymous.ecofit&clientid=DevLauncherBridgelessDevSupportManager
Nov 05, 2025 12:59:11 AM io.gapi.emulators.netty.NotFoundHandler handleRequest
INFO: Unknown request URI: /message?device=sdk_gphone64_x86_64%20-%2016%20-%20API%2036&app=com.anonymous.ecofit&clientid=DevLauncherBridgelessDevSupportManager
Nov 05, 2025 12:59:13 AM io.gapi.emulators.netty.NotFoundHandler handleRequest
INFO: Unknown request URI: /message?device=sdk_gphone64_x86_64%20-%2016%20-%20API%2036&app=com.anonymous.ecofit&clientid=DevLauncherBridgelessDevSupportManager
Nov 05, 2025 12:59:15 AM io.gapi.emulators.netty.NotFoundHandler handleRequest
INFO: Unknown request URI: /message?device=sdk_gphone64_x86_64%20-%2016%20-%20API%2036&app=com.anonymous.ecofit&clientid=DevLauncherBridgelessDevSupportManager
Nov 05, 2025 12:59:17 AM io.gapi.emulators.netty.NotFoundHandler handleRequest
INFO: Unknown request URI: /message?device=sdk_gphone64_x86_64%20-%2016%20-%20API%2036&app=com.anonymous.ecofit&clientid=DevLauncherBridgelessDevSupportManager
Nov 05, 2025 12:59:19 AM io.gapi.emulators.netty.NotFoundHandler handleRequest
INFO: Unknown request URI: /message?device=sdk_gphone64_x86_64%20-%2016%20-%20API%2036&app=com.anonymous.ecofit&clientid=DevLauncherBridgelessDevSupportManager
Nov 05, 2025 12:59:21 AM io.gapi.emulators.netty.NotFoundHandler handleRequest
INFO: Unknown request URI: /message?device=sdk_gphone64_x86_64%20-%2016%20-%20API%2036&app=com.anonymous.ecofit&clientid=DevLauncherBridgelessDevSupportManager
Nov 05, 2025 12:59:23 AM io.gapi.emulators.netty.NotFoundHandler handleRequest
INFO: Unknown request URI: /message?device=sdk_gphone64_x86_64%20-%2016%20-%20API%2036&app=com.anonymous.ecofit&clientid=DevLauncherBridgelessDevSupportManager
Nov 05, 2025 12:59:25 AM io.gapi.emulators.netty.NotFoundHandler handleRequest
INFO: Unknown request URI: /message?device=sdk_gphone64_x86_64%20-%2016%20-%20API%2036&app=com.anonymous.ecofit&clientid=DevLauncherBridgelessDevSupportManager
Nov 05, 2025 12:59:27 AM io.gapi.emulators.netty.NotFoundHandler handleRequest
INFO: Unknown request URI: /message?device=sdk_gphone64_x86_64%20-%2016%20-%20API%2036&app=com.anonymous.ecofit&clientid=DevLauncherBridgelessDevSupportManager
Nov 05, 2025 12:59:29 AM io.gapi.emulators.netty.NotFoundHandler handleRequest
INFO: Unknown request URI: /message?device=sdk_gphone64_x86_64%20-%2016%20-%20API%2036&app=com.anonymous.ecofit&clientid=DevLauncherBridgelessDevSupportManager
Nov 05, 2025 12:59:31 AM io.gapi.emulators.netty.NotFoundHandler handleRequest
INFO: Unknown request URI: /message?device=sdk_gphone64_x86_64%20-%2016%20-%20API%2036&app=com.anonymous.ecofit&clientid=DevLauncherBridgelessDevSupportManager
Nov 05, 2025 12:59:33 AM io.gapi.emulators.netty.NotFoundHandler handleRequest
INFO: Unknown request URI: /message?device=sdk_gphone64_x86_64%20-%2016%20-%20API%2036&app=com.anonymous.ecofit&clientid=DevLauncherBridgelessDevSupportManager
Nov 05, 2025 12:59:35 AM io.gapi.emulators.netty.NotFoundHandler handleRequest
INFO: Unknown request URI: /message?device=sdk_gphone64_x86_64%20-%2016%20-%20API%2036&app=com.anonymous.ecofit&clientid=DevLauncherBridgelessDevSupportManager
Nov 05, 2025 12:59:37 AM io.gapi.emulators.netty.NotFoundHandler handleRequest
INFO: Unknown request URI: /message?device=sdk_gphone64_x86_64%20-%2016%20-%20API%2036&app=com.anonymous.ecofit&clientid=DevLauncherBridgelessDevSupportManager
Nov 05, 2025 12:59:39 AM io.gapi.emulators.netty.NotFoundHandler handleRequest
INFO: Unknown request URI: /message?device=sdk_gphone64_x86_64%20-%2016%20-%20API%2036&app=com.anonymous.ecofit&clientid=DevLauncherBridgelessDevSupportManager
Nov 05, 2025 12:59:41 AM io.gapi.emulators.netty.NotFoundHandler handleRequest
INFO: Unknown request URI: /message?device=sdk_gphone64_x86_64%20-%2016%20-%20API%2036&app=com.anonymous.ecofit&clientid=DevLauncherBridgelessDevSupportManager
Nov 05, 2025 12:59:43 AM io.gapi.emulators.netty.NotFoundHandler handleRequest
INFO: Unknown request URI: /message?device=sdk_gphone64_x86_64%20-%2016%20-%20API%2036&app=com.anonymous.ecofit&clientid=DevLauncherBridgelessDevSupportManager
Nov 05, 2025 12:59:45 AM io.gapi.emulators.netty.NotFoundHandler handleRequest
INFO: Unknown request URI: /message?device=sdk_gphone64_x86_64%20-%2016%20-%20API%2036&app=com.anonymous.ecofit&clientid=DevLauncherBridgelessDevSupportManager
Nov 05, 2025 12:59:47 AM io.gapi.emulators.netty.NotFoundHandler handleRequest
INFO: Unknown request URI: /message?device=sdk_gphone64_x86_64%20-%2016%20-%20API%2036&app=com.anonymous.ecofit&clientid=DevLauncherBridgelessDevSupportManager
Nov 05, 2025 12:59:49 AM io.gapi.emulators.netty.NotFoundHandler handleRequest
INFO: Unknown request URI: /message?device=sdk_gphone64_x86_64%20-%2016%20-%20API%2036&app=com.anonymous.ecofit&clientid=DevLauncherBridgelessDevSupportManager
Nov 05, 2025 12:59:51 AM io.gapi.emulators.netty.NotFoundHandler handleRequest
INFO: Unknown request URI: /message?device=sdk_gphone64_x86_64%20-%2016%20-%20API%2036&app=com.anonymous.ecofit&clientid=DevLauncherBridgelessDevSupportManager
Nov 05, 2025 12:59:53 AM io.gapi.emulators.netty.NotFoundHandler handleRequest
INFO: Unknown request URI: /message?device=sdk_gphone64_x86_64%20-%2016%20-%20API%2036&app=com.anonymous.ecofit&clientid=DevLauncherBridgelessDevSupportManager
Nov 05, 2025 12:59:55 AM io.gapi.emulators.netty.NotFoundHandler handleRequest
INFO: Unknown request URI: /message?device=sdk_gphone64_x86_64%20-%2016%20-%20API%2036&app=com.anonymous.ecofit&clientid=DevLauncherBridgelessDevSupportManager
Nov 05, 2025 12:59:57 AM io.gapi.emulators.netty.NotFoundHandler handleRequest
INFO: Unknown request URI: /message?device=sdk_gphone64_x86_64%20-%2016%20-%20API%2036&app=com.anonymous.ecofit&clientid=DevLauncherBridgelessDevSupportManager
Nov 05, 2025 12:59:59 AM io.gapi.emulators.netty.NotFoundHandler handleRequest
INFO: Unknown request URI: /message?device=sdk_gphone64_x86_64%20-%2016%20-%20API%2036&app=com.anonymous.ecofit&clientid=DevLauncherBridgelessDevSupportManager
Nov 05, 2025 1:00:01 AM io.gapi.emulators.netty.NotFoundHandler handleRequest
INFO: Unknown request URI: /message?device=sdk_gphone64_x86_64%20-%2016%20-%20API%2036&app=com.anonymous.ecofit&clientid=DevLauncherBridgelessDevSupportManager
Nov 05, 2025 1:00:03 AM io.gapi.emulators.netty.NotFoundHandler handleRequest
INFO: Unknown request URI: /message?device=sdk_gphone64_x86_64%20-%2016%20-%20API%2036&app=com.anonymous.ecofit&clientid=DevLauncherBridgelessDevSupportManager
Nov 05, 2025 1:00:05 AM io.gapi.emulators.netty.NotFoundHandler handleRequest
INFO: Unknown request URI: /message?device=sdk_gphone64_x86_64%20-%2016%20-%20API%2036&app=com.anonymous.ecofit&clientid=DevLauncherBridgelessDevSupportManager
Nov 05, 2025 1:00:07 AM io.gapi.emulators.netty.NotFoundHandler handleRequest
INFO: Unknown request URI: /message?device=sdk_gphone64_x86_64%20-%2016%20-%20API%2036&app=com.anonymous.ecofit&clientid=DevLauncherBridgelessDevSupportManager
Nov 05, 2025 1:00:09 AM io.gapi.emulators.netty.NotFoundHandler handleRequest
INFO: Unknown request URI: /message?device=sdk_gphone64_x86_64%20-%2016%20-%20API%2036&app=com.anonymous.ecofit&clientid=DevLauncherBridgelessDevSupportManager
Nov 05, 2025 1:00:11 AM io.gapi.emulators.netty.NotFoundHandler handleRequest
INFO: Unknown request URI: /message?device=sdk_gphone64_x86_64%20-%2016%20-%20API%2036&app=com.anonymous.ecofit&clientid=DevLauncherBridgelessDevSupportManager
